"stable_id","file","line","end_line","scope","syntactic_contract_family","normative_anchor","work_item_anchor","classification","reason","evidence","source_sha256"
"R1-db6b1c878c57774333d39049","bins/eliot-agent-bridge/src/lib.rs","87","87","production-or-mixed","typed/CliError::UnsupportedProfile","UNKNOWN","UNKNOWN","Designed","intentional unsupported platform/profile or capability refusal; evidence=variant-name","CliError::UnsupportedProfile(other.to_owned())","0ee791bc856e0c47501358536e908fcdf445d078e954d811c0ace8e995d585f1"
"R1-a6d31ed09fa80c5b157a34e4","bins/eliot-host/src/journal_tests.rs","112","112","test-only","typed/BackendError::Unavailable","UNKNOWN","UNKNOWN","Unknown","runtime availability state is not proof of missing work and is not conflated with Unsupported","BackendError::Unavailable","f599c52e3a941593099160c4944a91352098515fbac58fc0bbf5f229b6943ee8"
"R1-2aed2d34a1d05cf0b5eb7089","bins/eliot-host/src/journal_tests.rs","120","120","test-only","typed/BackendError::Unavailable","UNKNOWN","UNKNOWN","Unknown","runtime availability state is not proof of missing work and is not conflated with Unsupported","BackendError::Unavailable","f599c52e3a941593099160c4944a91352098515fbac58fc0bbf5f229b6943ee8"
"R1-44ba132c47091706ae55dd25","bins/eliot-host/src/journal_tests.rs","124","124","test-only","typed/BackendError::Unavailable","UNKNOWN","UNKNOWN","Unknown","runtime availability state is not proof of missing work and is not conflated with Unsupported","BackendError::Unavailable","f599c52e3a941593099160c4944a91352098515fbac58fc0bbf5f229b6943ee8"
"R1-f2ab499be2734d7c939d6e1f","bins/eliot-host/src/journal_tests.rs","128","128","test-only","typed/BackendError::Unavailable","UNKNOWN","UNKNOWN","Unknown","runtime availability state is not proof of missing work and is not conflated with Unsupported","BackendError::Unavailable","f599c52e3a941593099160c4944a91352098515fbac58fc0bbf5f229b6943ee8"
"R1-091736f1be06b730af04ad77","bins/eliot-host/src/journal_tests.rs","132","132","test-only","typed/BackendError::Unavailable","UNKNOWN","UNKNOWN","Unknown","runtime availability state is not proof of missing work and is not conflated with Unsupported","BackendError::Unavailable","f599c52e3a941593099160c4944a91352098515fbac58fc0bbf5f229b6943ee8"
"R1-d35137a1e005b0e0d2edee12","bins/eliot-kernel/src/lib.rs","1939","1939","production-or-mixed","typed/ProcessExecutionError::Unavailable","UNKNOWN","UNKNOWN","Unknown","runtime availability state is not proof of missing work and is not conflated with Unsupported","ProcessExecutionError::Unavailable(error.to_string())","3794ffe8a3b417fe85e9fd53ab2a60953dd4bbba42933f81ead4c1c8dff12607"
"R1-695e9473d8e5f4d846792778","bins/eliot-kernel/src/lib.rs","1946","1948","production-or-mixed","typed/ProcessExecutionError::Unavailable","UNKNOWN","UNKNOWN","Unknown","runtime availability state is not proof of missing work and is not conflated with Unsupported","ProcessExecutionError::Unavailable( ""Store revision key collides with reserved snapshot binding"".to_owned(), )","3794ffe8a3b417fe85e9fd53ab2a60953dd4bbba42933f81ead4c1c8dff12607"
"R1-379875bd074a3268c47d11f2","bins/eliot-kernel/src/lib.rs","1960","1960","production-or-mixed","typed/ProcessExecutionError::Unavailable","UNKNOWN","UNKNOWN","Unknown","runtime availability state is not proof of missing work and is not conflated with Unsupported","ProcessExecutionError::Unavailable(error.to_string())","3794ffe8a3b417fe85e9fd53ab2a60953dd4bbba42933f81ead4c1c8dff12607"
"R1-cd9eabf5353a4826bc2b8b59","bins/eliot-kernel/src/lib.rs","1973","1973","production-or-mixed","typed/ProcessExecutionError::Unavailable","UNKNOWN","UNKNOWN","Unknown","runtime availability state is not proof of missing work and is not conflated with Unsupported","ProcessExecutionError::Unavailable(error.to_string())","3794ffe8a3b417fe85e9fd53ab2a60953dd4bbba42933f81ead4c1c8dff12607"
"R1-a91daec6d82d5759aae4b782","bins/eliot-kernel/src/lib.rs","1982","1982","production-or-mixed","typed/ProcessExecutionError::Unavailable","UNKNOWN","UNKNOWN","Unknown","runtime availability state is not proof of missing work and is not conflated with Unsupported","ProcessExecutionError::Unavailable(error.to_string())","3794ffe8a3b417fe85e9fd53ab2a60953dd4bbba42933f81ead4c1c8dff12607"
"R1-b7d8d1fd9cc75ad6ec87ffd4","bins/eliot-kernel/src/lib.rs","1985","1985","production-or-mixed","typed/ProcessExecutionError::Unavailable","UNKNOWN","UNKNOWN","Unknown","runtime availability state is not proof of missing work and is not conflated with Unsupported","ProcessExecutionError::Unavailable(error.to_string())","3794ffe8a3b417fe85e9fd53ab2a60953dd4bbba42933f81ead4c1c8dff12607"
"R1-91634ab90235652ab2d78b18","bins/eliot-kernel/src/lib.rs","2023","2023","production-or-mixed","typed/ProcessExecutionError::Unavailable","UNKNOWN","UNKNOWN","Unknown","runtime availability state is not proof of missing work and is not conflated with Unsupported","ProcessExecutionError::Unavailable(""validation context lock poisoned"".to_owned())","3794ffe8a3b417fe85e9fd53ab2a60953dd4bbba42933f81ead4c1c8dff12607"
"R1-806582dab965a96ede1cbc29","bins/eliot-kernel/src/lib.rs","2049","2049","production-or-mixed","typed/ProcessExecutionError::Unavailable","UNKNOWN","UNKNOWN","Unknown","runtime availability state is not proof of missing work and is not conflated with Unsupported","ProcessExecutionError::Unavailable(""validation context lock poisoned"".to_owned())","3794ffe8a3b417fe85e9fd53ab2a60953dd4bbba42933f81ead4c1c8dff12607"
"R1-b52b2caf651906b8aed06019","bins/eliot-kernel/src/lib.rs","2085","2085","production-or-mixed","typed/ProcessExecutionError::Unavailable","UNKNOWN","UNKNOWN","Unknown","runtime availability state is not proof of missing work and is not conflated with Unsupported","ProcessExecutionError::Unavailable(""process authority lock poisoned"".to_owned())","3794ffe8a3b417fe85e9fd53ab2a60953dd4bbba42933f81ead4c1c8dff12607"
"R1-2288dea37ec630d34bbf583b","bins/eliot-kernel/src/lib.rs","2088","2088","production-or-mixed","typed/ProcessExecutionError::Unavailable","UNKNOWN","UNKNOWN","Unknown","runtime availability state is not proof of missing work and is not conflated with Unsupported","ProcessExecutionError::Unavailable(error.to_string())","3794ffe8a3b417fe85e9fd53ab2a60953dd4bbba42933f81ead4c1c8dff12607"
"R1-17bc9b2dcea9b73e41cb2d78","bins/eliot-kernel/src/lib.rs","2374","2374","production-or-mixed","typed/ProcessExecutionError::Unavailable","UNKNOWN","UNKNOWN","Unknown","runtime availability state is not proof of missing work and is not conflated with Unsupported","ProcessExecutionError::Unavailable(""path admission lock poisoned"".to_owned())","3794ffe8a3b417fe85e9fd53ab2a60953dd4bbba42933f81ead4c1c8dff12607"
"R1-197f5ab1ca21ee7db7932759","bins/eliot-kernel/src/lib.rs","2518","2518","production-or-mixed","typed/ProcessExecutionError::Unavailable","UNKNOWN","UNKNOWN","Unknown","runtime availability state is not proof of missing work and is not conflated with Unsupported","ProcessExecutionError::Unavailable(""store gateway lock poisoned"".to_owned())","3794ffe8a3b417fe85e9fd53ab2a60953dd4bbba42933f81ead4c1c8dff12607"
"R1-fffadf66ab240b16579698b8","bins/eliot-kernel/src/lib.rs","2522","2522","production-or-mixed","typed/ProcessExecutionError::Unavailable","UNKNOWN","UNKNOWN","Unknown","runtime availability state is not proof of missing work and is not conflated with Unsupported","ProcessExecutionError::Unavailable(""canonical store is not connected"".to_owned())","3794ffe8a3b417fe85e9fd53ab2a60953dd4bbba42933f81ead4c1c8dff12607"
"R1-7b30daf6a4d4cf71f06a85c8","bins/eliot-kernel/src/lib.rs","2527","2527","production-or-mixed","typed/ProcessExecutionError::Unavailable","UNKNOWN","UNKNOWN","Unknown","runtime availability state is not proof of missing work and is not conflated with Unsupported","ProcessExecutionError::Unavailable","3794ffe8a3b417fe85e9fd53ab2a60953dd4bbba42933f81ead4c1c8dff12607"
"R1-16af544aef664108ba44f101","bins/eliot-kernel/src/lib.rs","2587","2587","production-or-mixed","typed/ProcessExecutionError::Unavailable","UNKNOWN","UNKNOWN","Unknown","runtime availability state is not proof of missing work and is not conflated with Unsupported","ProcessExecutionError::Unavailable(error.to_string())","3794ffe8a3b417fe85e9fd53ab2a60953dd4bbba42933f81ead4c1c8dff12607"
"R1-2a95bfbe06f41256de7753f9","bins/eliot-kernel/src/lib.rs","2639","2639","production-or-mixed","typed/ProcessExecutionError::Unavailable","UNKNOWN","UNKNOWN","Unknown","runtime availability state is not proof of missing work and is not conflated with Unsupported","ProcessExecutionError::Unavailable(error.to_string())","3794ffe8a3b417fe85e9fd53ab2a60953dd4bbba42933f81ead4c1c8dff12607"
"R1-d6da1073a1a3a013bea4c75f","bins/eliot-kernel/src/lib.rs","2659","2659","production-or-mixed","typed/ProcessExecutionError::Unavailable","UNKNOWN","UNKNOWN","Unknown","runtime availability state is not proof of missing work and is not conflated with Unsupported","ProcessExecutionError::Unavailable(error.to_string())","3794ffe8a3b417fe85e9fd53ab2a60953dd4bbba42933f81ead4c1c8dff12607"
"R1-d2d9a78d86b4fc56bb6e0682","bins/eliot-kernel/src/lib.rs","2701","2701","production-or-mixed","typed/ProcessExecutionError::Unavailable","UNKNOWN","UNKNOWN","Unknown","runtime availability state is not proof of missing work and is not conflated with Unsupported","ProcessExecutionError::Unavailable(error.to_string())","3794ffe8a3b417fe85e9fd53ab2a60953dd4bbba42933f81ead4c1c8dff12607"
"R1-e77a932bc4268e05a3a115bc","bins/eliot-kernel/src/lib.rs","2865","2865","production-or-mixed","typed/ProcessExecutionError::Unavailable","UNKNOWN","UNKNOWN","Unknown","runtime availability state is not proof of missing work and is not conflated with Unsupported","ProcessExecutionError::Unavailable(error.to_string())","3794ffe8a3b417fe85e9fd53ab2a60953dd4bbba42933f81ead4c1c8dff12607"
"R1-ecb74222717fed7a8b1b6da3","bins/eliot-kernel/src/lib.rs","2899","2901","production-or-mixed","typed/ProcessExecutionError::Unavailable","UNKNOWN","UNKNOWN","Unknown","runtime availability state is not proof of missing work and is not conflated with Unsupported","ProcessExecutionError::Unavailable( ""canonical store validation is unavailable on this platform"".to_owned(), )","3794ffe8a3b417fe85e9fd53ab2a60953dd4bbba42933f81ead4c1c8dff12607"
"R1-e68ea7adff6c7d10eb299ca4","bins/eliot-kernel/src/lib.rs","2920","2920","production-or-mixed","typed/ProcessExecutionError::Unavailable","UNKNOWN","UNKNOWN","Unknown","runtime availability state is not proof of missing work and is not conflated with Unsupported","ProcessExecutionError::Unavailable(error.to_string())","3794ffe8a3b417fe85e9fd53ab2a60953dd4bbba42933f81ead4c1c8dff12607"
"R1-90432a23e27197b99dd4ded2","bins/eliot-kernel/src/lib.rs","2953","2953","production-or-mixed","typed/ProcessExecutionError::Unavailable","UNKNOWN","UNKNOWN","Unknown","runtime availability state is not proof of missing work and is not conflated with Unsupported","ProcessExecutionError::Unavailable(error.to_string())","3794ffe8a3b417fe85e9fd53ab2a60953dd4bbba42933f81ead4c1c8dff12607"
"R1-cd5c642deea5b76bd940afac","bins/eliot-kernel/src/lib.rs","2958","2958","production-or-mixed","typed/ProcessExecutionError::Unavailable","UNKNOWN","UNKNOWN","Unknown","runtime availability state is not proof of missing work and is not conflated with Unsupported","ProcessExecutionError::Unavailable(""process authority lock poisoned"".to_owned())","3794ffe8a3b417fe85e9fd53ab2a60953dd4bbba42933f81ead4c1c8dff12607"
"R1-169c9277af4c06fe3966a8b4","bins/eliot-kernel/src/lib.rs","2961","2961","production-or-mixed","typed/ProcessExecutionError::Unavailable","UNKNOWN","UNKNOWN","Unknown","runtime availability state is not proof of missing work and is not conflated with Unsupported","ProcessExecutionError::Unavailable(error.to_string())","3794ffe8a3b417fe85e9fd53ab2a60953dd4bbba42933f81ead4c1c8dff12607"
"R1-38aac82eff5619ea41c53f83","bins/eliot-kernel/src/lib.rs","3007","3007","production-or-mixed","typed/ProcessExecutionError::Unavailable","UNKNOWN","UNKNOWN","Unknown","runtime availability state is not proof of missing work and is not conflated with Unsupported","ProcessExecutionError::Unavailable(error.to_string())","3794ffe8a3b417fe85e9fd53ab2a60953dd4bbba42933f81ead4c1c8dff12607"
"R1-ff0cb8cc19e522d0e5f4412d","bins/eliot-kernel/src/lib.rs","3027","3027","production-or-mixed","typed/ProcessExecutionError::Unavailable","UNKNOWN","UNKNOWN","Unknown","runtime availability state is not proof of missing work and is not conflated with Unsupported","ProcessExecutionError::Unavailable(error.to_string())","3794ffe8a3b417fe85e9fd53ab2a60953dd4bbba42933f81ead4c1c8dff12607"
"R1-a8d7e1d9ce96a4e4c610fbf7","bins/eliot-kernel/src/lib.rs","7752","7752","production-or-mixed","typed/ProcessExecutionError::Unavailable","UNKNOWN","UNKNOWN","Unknown","runtime availability state is not proof of missing work and is not conflated with Unsupported","ProcessExecutionError::Unavailable(error.to_string())","3794ffe8a3b417fe85e9fd53ab2a60953dd4bbba42933f81ead4c1c8dff12607"
"R1-e3a87570e06264514c042ee7","bins/eliot-kernel/src/lib.rs","9929","9929","test-only","typed/StoreHealthStatus::Unavailable","UNKNOWN","UNKNOWN","Unknown","runtime availability state is not proof of missing work and is not conflated with Unsupported","StoreHealthStatus::Unavailable","3794ffe8a3b417fe85e9fd53ab2a60953dd4bbba42933f81ead4c1c8dff12607"
"R1-e3232a90c91eab2ca17112e1","bins/eliot-kernel/src/lib.rs","10070","10072","test-only","typed/ProcessExecutionError::Unavailable","UNKNOWN","UNKNOWN","Unknown","runtime availability state is not proof of missing work and is not conflated with Unsupported","ProcessExecutionError::Unavailable( ""real executor test authority lock poisoned"".to_owned(), )","3794ffe8a3b417fe85e9fd53ab2a60953dd4bbba42933f81ead4c1c8dff12607"
"R1-79a879f64a7bbf09a4b67cb9","bins/eliot-kernel/src/lib.rs","10421","10423","test-only","typed/PeerIdentity::Unavailable","UNKNOWN","UNKNOWN","Unknown","runtime availability state is not proof of missing work and is not conflated with Unsupported","PeerIdentity::Unavailable { reason: eliot_ipc::PeerIdentityUnavailable::ProviderProofNotComposed, }","3794ffe8a3b417fe85e9fd53ab2a60953dd4bbba42933f81ead4c1c8dff12607"
"R1-bccb7e109a16510690553464","bins/eliot-kernel/src/lib.rs","11634","11636","test-only","typed/PeerIdentity::Unavailable","UNKNOWN","UNKNOWN","Unknown","runtime availability state is not proof of missing work and is not conflated with Unsupported","PeerIdentity::Unavailable { reason: eliot_ipc::PeerIdentityUnavailable::ProviderProofNotComposed, }","3794ffe8a3b417fe85e9fd53ab2a60953dd4bbba42933f81ead4c1c8dff12607"
"R1-ab610fc368fc338262e16445","bins/eliot-kernel/src/lib.rs","12417","12417","test-only","typed/ProcessExecutionError::Unavailable","UNKNOWN","UNKNOWN","Unknown","runtime availability state is not proof of missing work and is not conflated with Unsupported","ProcessExecutionError::Unavailable","3794ffe8a3b417fe85e9fd53ab2a60953dd4bbba42933f81ead4c1c8dff12607"
"R1-08d1b13d701c46d359c0c028","bins/eliot-kernel/src/lib.rs","12429","12431","test-only","typed/ProcessExecutionError::Unavailable","UNKNOWN","UNKNOWN","Unknown","runtime availability state is not proof of missing work and is not conflated with Unsupported","ProcessExecutionError::Unavailable( ""injected validation context failure"".to_owned(), )","3794ffe8a3b417fe85e9fd53ab2a60953dd4bbba42933f81ead4c1c8dff12607"
"R1-d872e46a63773e78aaa21586","bins/eliot-kernel/src/lib.rs","12440","12440","test-only","typed/ProcessExecutionError::Unavailable","UNKNOWN","UNKNOWN","Unknown","runtime availability state is not proof of missing work and is not conflated with Unsupported","ProcessExecutionError::Unavailable(error.to_string())","3794ffe8a3b417fe85e9fd53ab2a60953dd4bbba42933f81ead4c1c8dff12607"
"R1-d14a2f280516129ea19b7bde","bins/eliot-kernel/src/lib.rs","12606","12608","test-only","typed/ProcessExecutionError::Unavailable","UNKNOWN","UNKNOWN","Unknown","runtime availability state is not proof of missing work and is not conflated with Unsupported","ProcessExecutionError::Unavailable( ""missing replay"".to_owned(), )","3794ffe8a3b417fe85e9fd53ab2a60953dd4bbba42933f81ead4c1c8dff12607"
"R1-a81bf92d7a2d7874dc5de474","bins/eliot-notify/src/lib.rs","329","329","production-or-mixed","typed/ProviderErrorCode::Unavailable","UNKNOWN","UNKNOWN","Unknown","runtime availability state is not proof of missing work and is not conflated with Unsupported","ProviderErrorCode::Unavailable","10ff5ee438a9642033653071a40bf9825a851436bf3f96afb0d0e5ad23842dd4"
"R1-2c94be6e6a5d04db54f086ee","bins/eliot-notify/src/lib.rs","478","478","production-or-mixed","typed/LedgerReserveOutcome::Unavailable","UNKNOWN","UNKNOWN","Unknown","runtime availability state is not proof of missing work and is not conflated with Unsupported","LedgerReserveOutcome::Unavailable","10ff5ee438a9642033653071a40bf9825a851436bf3f96afb0d0e5ad23842dd4"
"R1-c217ee6539e986a072f65fd6","bins/eliot-notify/src/lib.rs","505","505","production-or-mixed","typed/LedgerCommitOutcome::Unavailable","UNKNOWN","UNKNOWN","Unknown","runtime availability state is not proof of missing work and is not conflated with Unsupported","LedgerCommitOutcome::Unavailable","10ff5ee438a9642033653071a40bf9825a851436bf3f96afb0d0e5ad23842dd4"
"R1-811234d4079fa67f1c09eac4","bins/eliot-notify/src/lib.rs","594","594","production-or-mixed","typed/ProviderErrorCode::Unavailable","UNKNOWN","UNKNOWN","Unknown","runtime availability state is not proof of missing work and is not conflated with Unsupported","ProviderErrorCode::Unavailable","10ff5ee438a9642033653071a40bf9825a851436bf3f96afb0d0e5ad23842dd4"
"R1-17aba4c821522bd4297fbd51","bins/eliot-notify/src/lib.rs","597","597","production-or-mixed","typed/ProviderErrorCode::Unavailable","UNKNOWN","UNKNOWN","Unknown","runtime availability state is not proof of missing work and is not conflated with Unsupported","ProviderErrorCode::Unavailable","10ff5ee438a9642033653071a40bf9825a851436bf3f96afb0d0e5ad23842dd4"
"R1-7267e70c1765de79840e8b69","bins/eliot-notify/src/lib.rs","1233","1233","production-or-mixed","typed/ProviderErrorCode::Unavailable","UNKNOWN","UNKNOWN","Unknown","runtime availability state is not proof of missing work and is not conflated with Unsupported","ProviderErrorCode::Unavailable","10ff5ee438a9642033653071a40bf9825a851436bf3f96afb0d0e5ad23842dd4"
"R1-f29b2dfe2e6d3d2e10075f4a","bins/eliot-notify/src/lib.rs","1417","1417","production-or-mixed","typed/ProviderErrorCode::Unavailable","UNKNOWN","UNKNOWN","Unknown","runtime availability state is not proof of missing work and is not conflated with Unsupported","ProviderErrorCode::Unavailable","10ff5ee438a9642033653071a40bf9825a851436bf3f96afb0d0e5ad23842dd4"
"R1-a4a2b17f247b3b4baac38051","bins/eliot-notify/src/lib.rs","1427","1427","production-or-mixed","typed/ProviderErrorCode::Unavailable","UNKNOWN","UNKNOWN","Unknown","runtime availability state is not proof of missing work and is not conflated with Unsupported","ProviderErrorCode::Unavailable","10ff5ee438a9642033653071a40bf9825a851436bf3f96afb0d0e5ad23842dd4"
"R1-702dbf636cd0e95c0bb9e3e3","bins/eliot-notify/src/lib.rs","1431","1431","production-or-mixed","typed/ProviderErrorCode::Unavailable","UNKNOWN","UNKNOWN","Unknown","runtime availability state is not proof of missing work and is not conflated with Unsupported","ProviderErrorCode::Unavailable","10ff5ee438a9642033653071a40bf9825a851436bf3f96afb0d0e5ad23842dd4"
"R1-6c252d34e3aa0a48d123095d","bins/eliot-notify/src/lib.rs","1435","1435","production-or-mixed","typed/ProviderErrorCode::Unavailable","UNKNOWN","UNKNOWN","Unknown","runtime availability state is not proof of missing work and is not conflated with Unsupported","ProviderErrorCode::Unavailable","10ff5ee438a9642033653071a40bf9825a851436bf3f96afb0d0e5ad23842dd4"
"R1-e4eb97e076c764f7d9d99a01","bins/eliot-notify/src/lib.rs","1450","1450","production-or-mixed","typed/ProviderErrorCode::Unavailable","UNKNOWN","UNKNOWN","Unknown","runtime availability state is not proof of missing work and is not conflated with Unsupported","ProviderErrorCode::Unavailable","10ff5ee438a9642033653071a40bf9825a851436bf3f96afb0d0e5ad23842dd4"
"R1-d4242362acab9f720092c366","bins/eliot-notify/src/lib.rs","1456","1456","production-or-mixed","typed/ProviderErrorCode::Unavailable","UNKNOWN","UNKNOWN","Unknown","runtime availability state is not proof of missing work and is not conflated with Unsupported","ProviderErrorCode::Unavailable","10ff5ee438a9642033653071a40bf9825a851436bf3f96afb0d0e5ad23842dd4"
"R1-190f697fbe9e61f30ce43499","bins/eliot-notify/src/lib.rs","1463","1463","production-or-mixed","typed/ProviderErrorCode::Unavailable","UNKNOWN","UNKNOWN","Unknown","runtime availability state is not proof of missing work and is not conflated with Unsupported","ProviderErrorCode::Unavailable","10ff5ee438a9642033653071a40bf9825a851436bf3f96afb0d0e5ad23842dd4"
"R1-51a023798bbeea15392cc1fe","bins/eliot-notify/src/lib.rs","1470","1470","production-or-mixed","typed/ProviderErrorCode::Unavailable","UNKNOWN","UNKNOWN","Unknown","runtime availability state is not proof of missing work and is not conflated with Unsupported","ProviderErrorCode::Unavailable","10ff5ee438a9642033653071a40bf9825a851436bf3f96afb0d0e5ad23842dd4"
"R1-5b303ccc977f5ab11f547361","bins/eliot-notify/src/lib.rs","1484","1484","production-or-mixed","typed/ProviderErrorCode::Unavailable","UNKNOWN","UNKNOWN","Unknown","runtime availability state is not proof of missing work and is not conflated with Unsupported","ProviderErrorCode::Unavailable","10ff5ee438a9642033653071a40bf9825a851436bf3f96afb0d0e5ad23842dd4"
"R1-c7e198651bc90359733b5071","bins/eliot-notify/src/lib.rs","1511","1511","production-or-mixed","typed/ProviderErrorCode::Unavailable","UNKNOWN","UNKNOWN","Unknown","runtime availability state is not proof of missing work and is not conflated with Unsupported","ProviderErrorCode::Unavailable","10ff5ee438a9642033653071a40bf9825a851436bf3f96afb0d0e5ad23842dd4"
"R1-7bd2ea077e925ea009034b64","bins/eliot-notify/src/lib.rs","1519","1519","production-or-mixed","typed/ProviderErrorCode::Unavailable","UNKNOWN","UNKNOWN","Unknown","runtime availability state is not proof of missing work and is not conflated with Unsupported","ProviderErrorCode::Unavailable","10ff5ee438a9642033653071a40bf9825a851436bf3f96afb0d0e5ad23842dd4"
"R1-24165bebb0c7e1221642993a","bins/eliot-notify/src/lib.rs","1525","1525","production-or-mixed","typed/ProviderErrorCode::Unavailable","UNKNOWN","UNKNOWN","Unknown","runtime availability state is not proof of missing work and is not conflated with Unsupported","ProviderErrorCode::Unavailable","10ff5ee438a9642033653071a40bf9825a851436bf3f96afb0d0e5ad23842dd4"
"R1-9d080068f289e4e05844cbfb","bins/eliot-notify/src/lib.rs","1550","1550","production-or-mixed","typed/LedgerReserveOutcome::Unavailable","UNKNOWN","UNKNOWN","Unknown","runtime availability state is not proof of missing work and is not conflated with Unsupported","LedgerReserveOutcome::Unavailable","10ff5ee438a9642033653071a40bf9825a851436bf3f96afb0d0e5ad23842dd4"
"R1-beba8bca1d2c72e03775d4bf","bins/eliot-notify/src/lib.rs","1557","1557","production-or-mixed","typed/LedgerReserveOutcome::Unavailable","UNKNOWN","UNKNOWN","Unknown","runtime availability state is not proof of missing work and is not conflated with Unsupported","LedgerReserveOutcome::Unavailable","10ff5ee438a9642033653071a40bf9825a851436bf3f96afb0d0e5ad23842dd4"
"R1-8bc3f1ac96d10ba5f66e5c78","bins/eliot-notify/src/lib.rs","1567","1567","production-or-mixed","typed/LedgerReserveOutcome::Unavailable","UNKNOWN","UNKNOWN","Unknown","runtime availability state is not proof of missing work and is not conflated with Unsupported","LedgerReserveOutcome::Unavailable","10ff5ee438a9642033653071a40bf9825a851436bf3f96afb0d0e5ad23842dd4"
"R1-31e337981fa77d4b6bc2bd12","bins/eliot-notify/src/lib.rs","1583","1583","production-or-mixed","typed/LedgerReserveOutcome::Unavailable","UNKNOWN","UNKNOWN","Unknown","runtime availability state is not proof of missing work and is not conflated with Unsupported","LedgerReserveOutcome::Unavailable","10ff5ee438a9642033653071a40bf9825a851436bf3f96afb0d0e5ad23842dd4"
"R1-0dab47a85c25d165a8519798","bins/eliot-notify/src/lib.rs","1604","1604","production-or-mixed","typed/LedgerCommitOutcome::Unavailable","UNKNOWN","UNKNOWN","Unknown","runtime availability state is not proof of missing work and is not conflated with Unsupported","LedgerCommitOutcome::Unavailable","10ff5ee438a9642033653071a40bf9825a851436bf3f96afb0d0e5ad23842dd4"
"R1-dade6037249a76eaee854370","bins/eliot-notify/src/lib.rs","1630","1630","production-or-mixed","typed/LedgerCommitOutcome::Unavailable","UNKNOWN","UNKNOWN","Unknown","runtime availability state is not proof of missing work and is not conflated with Unsupported","LedgerCommitOutcome::Unavailable","10ff5ee438a9642033653071a40bf9825a851436bf3f96afb0d0e5ad23842dd4"
"R1-25c7e29bf34a47a983b93898","bins/eliot-notify/src/lib.rs","1642","1642","production-or-mixed","typed/LedgerCommitOutcome::Unavailable","UNKNOWN","UNKNOWN","Unknown","runtime availability state is not proof of missing work and is not conflated with Unsupported","LedgerCommitOutcome::Unavailable","10ff5ee438a9642033653071a40bf9825a851436bf3f96afb0d0e5ad23842dd4"
"R1-fd14af17bb9617783ecdf29f","bins/eliot-notify/src/lib.rs","1935","1935","test-only","typed/ProviderErrorCode::Unavailable","UNKNOWN","UNKNOWN","Unknown","runtime availability state is not proof of missing work and is not conflated with Unsupported","ProviderErrorCode::Unavailable","10ff5ee438a9642033653071a40bf9825a851436bf3f96afb0d0e5ad23842dd4"
"R1-b4ead4460beb67a3df98a8ca","bins/eliot-notify/src/lib.rs","2080","2080","test-only","typed/LedgerReserveOutcome::Unavailable","UNKNOWN","UNKNOWN","Unknown","runtime availability state is not proof of missing work and is not conflated with Unsupported","LedgerReserveOutcome::Unavailable","10ff5ee438a9642033653071a40bf9825a851436bf3f96afb0d0e5ad23842dd4"
"R1-923f06522f72a5dd773e4457","bins/eliot-notify/src/lib.rs","2089","2089","test-only","typed/LedgerCommitOutcome::Unavailable","UNKNOWN","UNKNOWN","Unknown","runtime availability state is not proof of missing work and is not conflated with Unsupported","LedgerCommitOutcome::Unavailable","10ff5ee438a9642033653071a40bf9825a851436bf3f96afb0d0e5ad23842dd4"
"R1-276c91287c115033afe6bd42","bins/eliot-store-surreal/src/lib.rs","805","805","production-or-mixed","typed/StoreError::Unavailable","UNKNOWN","UNKNOWN","Unknown","runtime availability state is not proof of missing work and is not conflated with Unsupported","StoreError::Unavailable","0029fb6ff009a8b3f510f3eceaa6e99a5db7e77a9b6592d722739b4bde8cb70c"
"R1-4582cdc48e4ccda344cf81c2","bins/eliot-user-broker/src/lib.rs","387","387","production-or-mixed","typed/ProcessExecutionError::Unavailable","UNKNOWN","UNKNOWN","Unknown","runtime availability state is not proof of missing work and is not conflated with Unsupported","ProcessExecutionError::Unavailable(""broker context lock poisoned"".to_owned())","02390c174a1baae2dffd148582ec2c376b97870021b72c65c5377a4063108bc7"
"R1-f1498f1754992ff11bff1991","bins/eliot-user-broker/src/lib.rs","391","391","production-or-mixed","typed/ProcessExecutionError::Unavailable","UNKNOWN","UNKNOWN","Unknown","runtime availability state is not proof of missing work and is not conflated with Unsupported","ProcessExecutionError::Unavailable(""missing broker validation context"".to_owned())","02390c174a1baae2dffd148582ec2c376b97870021b72c65c5377a4063108bc7"
"R1-a0e6762d7ddfcaeaf39dc3ef","bins/eliot-user-broker/src/lib.rs","396","396","production-or-mixed","typed/ProcessExecutionError::Unavailable","UNKNOWN","UNKNOWN","Unknown","runtime availability state is not proof of missing work and is not conflated with Unsupported","ProcessExecutionError::Unavailable(""broker authority lock poisoned"".to_owned())","02390c174a1baae2dffd148582ec2c376b97870021b72c65c5377a4063108bc7"
"R1-970a9a0a90b4354858b66d53","bins/eliot-user-broker/src/lib.rs","651","651","production-or-mixed","typed/PortError::Unavailable","UNKNOWN","UNKNOWN","Unknown","runtime availability state is not proof of missing work and is not conflated with Unsupported","PortError::Unavailable","02390c174a1baae2dffd148582ec2c376b97870021b72c65c5377a4063108bc7"
"R1-72744e04800c685261093512","bins/eliot-user-broker/src/lib.rs","662","662","production-or-mixed","typed/PortError::Unavailable","UNKNOWN","UNKNOWN","Unknown","runtime availability state is not proof of missing work and is not conflated with Unsupported","PortError::Unavailable","02390c174a1baae2dffd148582ec2c376b97870021b72c65c5377a4063108bc7"
"R1-7a0f66b9250a8719219f775e","bins/eliot-user-broker/src/lib.rs","679","679","production-or-mixed","typed/PortError::Unavailable","UNKNOWN","UNKNOWN","Unknown","runtime availability state is not proof of missing work and is not conflated with Unsupported","PortError::Unavailable","02390c174a1baae2dffd148582ec2c376b97870021b72c65c5377a4063108bc7"
"R1-b7f454c4e9d92cd534bba43e","bins/eliot-user-broker/src/lib.rs","682","682","production-or-mixed","typed/PortError::Unavailable","UNKNOWN","UNKNOWN","Unknown","runtime availability state is not proof of missing work and is not conflated with Unsupported","PortError::Unavailable","02390c174a1baae2dffd148582ec2c376b97870021b72c65c5377a4063108bc7"
"R1-2faef4485166f8fbe6939d7d","bins/eliot-user-broker/src/lib.rs","698","698","production-or-mixed","typed/PortError::Unavailable","UNKNOWN","UNKNOWN","Unknown","runtime availability state is not proof of missing work and is not conflated with Unsupported","PortError::Unavailable","02390c174a1baae2dffd148582ec2c376b97870021b72c65c5377a4063108bc7"
"R1-5be2529c4bc29412f951236f","bins/eliot-user-broker/src/lib.rs","722","722","production-or-mixed","typed/PortError::Unavailable","UNKNOWN","UNKNOWN","Unknown","runtime availability state is not proof of missing work and is not conflated with Unsupported","PortError::Unavailable","02390c174a1baae2dffd148582ec2c376b97870021b72c65c5377a4063108bc7"
"R1-b4e4348c0cc7ee224215af60","bins/eliot-wasm-host/src/lib.rs","115","115","production-or-mixed","typed/CliError::UnsupportedProfile","UNKNOWN","UNKNOWN","Designed","intentional unsupported platform/profile or capability refusal; evidence=variant-name","CliError::UnsupportedProfile(other.to_owned())","acd740677b3ff48a23dbccba7baf590b8bc999a52b382be6ebd7ff52caba6266"
"R1-1efe2b32d13bcdfb9054182c","bins/eliot-watchdog/src/lib.rs","4610","4610","test-only","typed/KernelWatchdogError::Unavailable","UNKNOWN","UNKNOWN","Unknown","runtime availability state is not proof of missing work and is not conflated with Unsupported","KernelWatchdogError::Unavailable","a0d92929cac4cc5aade88a15147df0ba7d75f43ec5a7de91083e2e94b7c4b83b"
"R1-529e9c53bbb651ac13d3e737","bins/eliotd/src/lib.rs","445","445","production-or-mixed","typed/KernelClientError::Unsupported","UNKNOWN","UNKNOWN","Unknown","Unsupported constructor lacks platform/profile evidence; conservative Unknown","KernelClientError::Unsupported","6c6cbf6b74ec10d5ab52ba5702d5a94a4b8277b64ebd7f3d93db38542ffc37b0"
"R1-51695c29302d6138ae164101","bins/eliotd/src/lib.rs","466","466","production-or-mixed","typed/KernelClientError::Unsupported","UNKNOWN","UNKNOWN","Unknown","Unsupported constructor lacks platform/profile evidence; conservative Unknown","KernelClientError::Unsupported","6c6cbf6b74ec10d5ab52ba5702d5a94a4b8277b64ebd7f3d93db38542ffc37b0"
"R1-9ec980132749b6244c1e9556","bins/eliotd/src/lib.rs","501","501","production-or-mixed","typed/KernelClientError::Unsupported","UNKNOWN","UNKNOWN","Unknown","Unsupported constructor lacks platform/profile evidence; conservative Unknown","KernelClientError::Unsupported","6c6cbf6b74ec10d5ab52ba5702d5a94a4b8277b64ebd7f3d93db38542ffc37b0"
"R1-673e83900eb86b24de4f43e0","bins/eliotd/src/lib.rs","533","533","production-or-mixed","typed/KernelClientError::Unsupported","UNKNOWN","UNKNOWN","Unknown","Unsupported constructor lacks platform/profile evidence; conservative Unknown","KernelClientError::Unsupported","6c6cbf6b74ec10d5ab52ba5702d5a94a4b8277b64ebd7f3d93db38542ffc37b0"
"R1-95dab2f7fd4f86a1f8f4d98d","bins/eliotd/src/lib.rs","674","674","production-or-mixed","typed/KernelClientError::Unsupported","UNKNOWN","UNKNOWN","Unknown","Unsupported constructor lacks platform/profile evidence; conservative Unknown","KernelClientError::Unsupported","6c6cbf6b74ec10d5ab52ba5702d5a94a4b8277b64ebd7f3d93db38542ffc37b0"
"R1-73ee53daac6128a4518443d4","bins/eliotd/src/lib.rs","789","789","production-or-mixed","typed/KernelClientError::Unsupported","UNKNOWN","UNKNOWN","Unknown","Unsupported constructor lacks platform/profile evidence; conservative Unknown","KernelClientError::Unsupported","6c6cbf6b74ec10d5ab52ba5702d5a94a4b8277b64ebd7f3d93db38542ffc37b0"
"R1-cac7bbafa34f062371469ebb","crates/agent/eliot-agent-acp/src/lib.rs","1398","1400","test-only","typed/eliot_process::ProcessExecutionError::Unavailable","UNKNOWN","UNKNOWN","Unknown","runtime availability state is not proof of missing work and is not conflated with Unsupported","eliot_process::ProcessExecutionError::Unavailable( ""fake executor"".into(), )","8fb783ce41aca97f019a4f949267441701a244a738875ec0a9dee761ed0a810e"
"R1-18a73672a5c0ba82f8df5a89","crates/agent/eliot-agent-acp/src/lib.rs","1408","1410","test-only","typed/eliot_process::ProcessExecutionError::Unavailable","UNKNOWN","UNKNOWN","Unknown","runtime availability state is not proof of missing work and is not conflated with Unsupported","eliot_process::ProcessExecutionError::Unavailable( ""fake executor"".into(), )","8fb783ce41aca97f019a4f949267441701a244a738875ec0a9dee761ed0a810e"
"R1-09df5f13b04f215c970e5de3","crates/agent/eliot-agent-acp/src/lib.rs","1418","1420","test-only","typed/eliot_process::ProcessExecutionError::Unavailable","UNKNOWN","UNKNOWN","Unknown","runtime availability state is not proof of missing work and is not conflated with Unsupported","eliot_process::ProcessExecutionError::Unavailable( ""fake executor"".into(), )","8fb783ce41aca97f019a4f949267441701a244a738875ec0a9dee761ed0a810e"
"R1-de6a360b765b663daa0a1434","crates/agent/eliot-agent-codex/src/lib.rs","902","902","test-only","typed/ProcessExecutionError::Unavailable","UNKNOWN","UNKNOWN","Unknown","runtime availability state is not proof of missing work and is not conflated with Unsupported","ProcessExecutionError::Unavailable(""fixture clock"".to_owned())","ac579d45042aa2ba8699eed5be83f8e362a07dd6059bb24b3a32b0b711c7006f"
"R1-14ae0ba44789097f98dcbfed","crates/agent/eliot-agent-codex/src/lib.rs","1002","1002","test-only","typed/ProcessExecutionError::Unavailable","UNKNOWN","UNKNOWN","Unknown","runtime availability state is not proof of missing work and is not conflated with Unsupported","ProcessExecutionError::Unavailable(""fixture"".into())","ac579d45042aa2ba8699eed5be83f8e362a07dd6059bb24b3a32b0b711c7006f"
"R1-aa51fe56bfe13eba412be46b","crates/agent/eliot-agent-codex/src/lib.rs","1008","1008","test-only","typed/ProcessExecutionError::Unavailable","UNKNOWN","UNKNOWN","Unknown","runtime availability state is not proof of missing work and is not conflated with Unsupported","ProcessExecutionError::Unavailable(""fixture"".into())","ac579d45042aa2ba8699eed5be83f8e362a07dd6059bb24b3a32b0b711c7006f"
"R1-7b321e2cd8ca1e5f54c402bd","crates/agent/eliot-agent-codex/src/lib.rs","1014","1014","test-only","typed/ProcessExecutionError::Unavailable","UNKNOWN","UNKNOWN","Unknown","runtime availability state is not proof of missing work and is not conflated with Unsupported","ProcessExecutionError::Unavailable(""fixture"".into())","ac579d45042aa2ba8699eed5be83f8e362a07dd6059bb24b3a32b0b711c7006f"
"R1-113be255375981cc9fa11042","crates/agent/eliot-agent-coordinator/src/core.rs","1361","1363","production-or-mixed","typed/eliot_agent_contracts::DeliveryPolicy::Unavailable","UNKNOWN","UNKNOWN","Unknown","runtime availability state is not proof of missing work and is not conflated with Unsupported","eliot_agent_contracts::DeliveryPolicy::Unavailable { return Err(CoordinatorError::DeliveryUnavailable); }","716f940239a7caa3f09a1c1852719c4bd5079f480b20c2141a5c36e81107b50b"
"R1-3ee844187768683ac3b6688b","crates/agent/eliot-agent-opencode/src/types.rs","801","801","production-or-mixed","typed/ActualRouteState::Unavailable","UNKNOWN","UNKNOWN","Unknown","runtime availability state is not proof of missing work and is not conflated with Unsupported","ActualRouteState::Unavailable","32e345c26d9c24c1b6a89f8dde54fa354ec206297d124d18ac777b247d495bd6"
"R1-0852367e375a4cd455b392f0","crates/agent/eliot-agent-opencode/src/types.rs","966","966","production-or-mixed","typed/AvailabilityState::Unavailable","UNKNOWN","UNKNOWN","Unknown","runtime availability state is not proof of missing work and is not conflated with Unsupported","AvailabilityState::Unavailable","32e345c26d9c24c1b6a89f8dde54fa354ec206297d124d18ac777b247d495bd6"
"R1-f5a05499c7f6b1d65feaed4d","crates/agent/eliot-agent-opencode/src/types.rs","990","990","production-or-mixed","typed/AvailabilityState::Unavailable","UNKNOWN","UNKNOWN","Unknown","runtime availability state is not proof of missing work and is not conflated with Unsupported","AvailabilityState::Unavailable","32e345c26d9c24c1b6a89f8dde54fa354ec206297d124d18ac777b247d495bd6"
"R1-1b13ff31544232cd453fbbeb","crates/agent/eliot-swarm/src/lib.rs","324","324","production-or-mixed","typed/SwarmError::PlanGap","UNKNOWN","UNKNOWN","Unimplemented","PlanGap is a missing-work contract, never Designed","SwarmError::PlanGap(provider)","c5f61b3edfd7952480ac0edf7f21c0edff2abca53c960df1d85d48d010d932d2"
"R1-6313f3623ad7a00657131395","crates/agent/eliot-swarm/src/repair_tests.rs","1253","1253","test-only","typed/ProviderError::Unavailable","UNKNOWN","UNKNOWN","Unknown","runtime availability state is not proof of missing work and is not conflated with Unsupported","ProviderError::Unavailable","2add45a8e20c884d76d29c1c87fff66547d3ba78ee814be17db7adf8bf0680f7"
"R1-f2487510527ebf8596e824e3","crates/eliot-app/src/commands/ul.rs","1176","1176","production-or-mixed","typed/eliot_engine::UlRefinementOutcome::Unavailable","UNKNOWN","UNKNOWN","Unknown","runtime availability state is not proof of missing work and is not conflated with Unsupported","eliot_engine::UlRefinementOutcome::Unavailable(reason)","f5993e2320b9d499c7148847cfc79f957c48e223348ee67cb147008096e93b55"
"R1-7fc7fb07e2ecfe25d441812b","crates/eliot-app/src/commands/ul.rs","1192","1192","production-or-mixed","typed/eliot_engine::UlReasoningOutcome::Unavailable","UNKNOWN","UNKNOWN","Unknown","runtime availability state is not proof of missing work and is not conflated with Unsupported","eliot_engine::UlReasoningOutcome::Unavailable(reason)","f5993e2320b9d499c7148847cfc79f957c48e223348ee67cb147008096e93b55"
"R1-f64d309d30ee0d407ceae360","crates/eliot-app/src/host_runtime/external_agent.rs","2499","2499","production-or-mixed","typed/AdapterState::Unavailable","UNKNOWN","UNKNOWN","Unknown","runtime availability state is not proof of missing work and is not conflated with Unsupported","AdapterState::Unavailable","18027f4e71b0530052e9e1bdd3c1d4b1fe335c3c9f6ce68661b245df5b38e4f9"
"R1-d27bf5d4888840d1451c6b8a","crates/eliot-app/src/mcp_stdio/task_handlers.rs","305","307","production-or-mixed","typed/PacketPyramidSource::Unavailable","UNKNOWN","UNKNOWN","Unknown","runtime availability state is not proof of missing work and is not conflated with Unsupported","PacketPyramidSource::Unavailable { reason: unavailable.0.clone(), }","c3423ec7f80b784a87ce2127364a88dbbd1ca76416f4d93f69f6086da5668234"
"R1-96b7835b3f6295464eb1b3de","crates/eliot-app/src/windows_service.rs","76","76","production-or-mixed","typed/std::io::ErrorKind::Unsupported","UNKNOWN","UNKNOWN","Unknown","Unsupported constructor lacks platform/profile evidence; conservative Unknown","std::io::ErrorKind::Unsupported","31ad8dc029148a2f7db4fe7a6851810034cad3426ed538c2411522e945632b0a"
"R1-652ce4765893a0a5c6894a8f","crates/eliot-engine/src/adapter.rs","286","286","production-or-mixed","typed/AdapterState::Unavailable","UNKNOWN","UNKNOWN","Unknown","runtime availability state is not proof of missing work and is not conflated with Unsupported","AdapterState::Unavailable","32eb75e230246d15a493926c45ea15bf7ccadf1085e0cb18dc8ac37b3acd036f"
"R1-a81cce4d3d64d1d6329b9a55","crates/eliot-engine/src/adapter.rs","311","311","production-or-mixed","typed/AdapterState::Unavailable","UNKNOWN","UNKNOWN","Unknown","runtime availability state is not proof of missing work and is not conflated with Unsupported","AdapterState::Unavailable","32eb75e230246d15a493926c45ea15bf7ccadf1085e0cb18dc8ac37b3acd036f"
"R1-53189215441e160ecd7462cf","crates/eliot-engine/src/adapter.rs","351","351","production-or-mixed","typed/AdapterResultStatus::Unavailable","UNKNOWN","UNKNOWN","Unknown","runtime availability state is not proof of missing work and is not conflated with Unsupported","AdapterResultStatus::Unavailable","32eb75e230246d15a493926c45ea15bf7ccadf1085e0cb18dc8ac37b3acd036f"
"R1-78e6c522968ece8571b80e7b","crates/eliot-engine/src/adapter.rs","528","528","production-or-mixed","typed/AdapterState::Unavailable","UNKNOWN","UNKNOWN","Unknown","runtime availability state is not proof of missing work and is not conflated with Unsupported","AdapterState::Unavailable","32eb75e230246d15a493926c45ea15bf7ccadf1085e0cb18dc8ac37b3acd036f"
"R1-9a48600f622ca9dcba1a939f","crates/eliot-engine/src/adapter.rs","539","539","production-or-mixed","typed/AdapterResultStatus::Unavailable","UNKNOWN","UNKNOWN","Unknown","runtime availability state is not proof of missing work and is not conflated with Unsupported","AdapterResultStatus::Unavailable","32eb75e230246d15a493926c45ea15bf7ccadf1085e0cb18dc8ac37b3acd036f"
"R1-ea961aaeccee5c5949391d42","crates/eliot-engine/src/adapter.rs","550","550","production-or-mixed","typed/AdapterState::Unavailable","UNKNOWN","UNKNOWN","Unknown","runtime availability state is not proof of missing work and is not conflated with Unsupported","AdapterState::Unavailable","32eb75e230246d15a493926c45ea15bf7ccadf1085e0cb18dc8ac37b3acd036f"
"R1-8c063d0cb9c3606c05a80001","crates/eliot-engine/src/adapter.rs","567","567","production-or-mixed","typed/AdapterState::Unavailable","UNKNOWN","UNKNOWN","Unknown","runtime availability state is not proof of missing work and is not conflated with Unsupported","AdapterState::Unavailable","32eb75e230246d15a493926c45ea15bf7ccadf1085e0cb18dc8ac37b3acd036f"
"R1-dd0d6caf20ca547364748a20","crates/eliot-engine/src/adapter.rs","590","590","production-or-mixed","typed/AdapterState::Unavailable","UNKNOWN","UNKNOWN","Unknown","runtime availability state is not proof of missing work and is not conflated with Unsupported","AdapterState::Unavailable","32eb75e230246d15a493926c45ea15bf7ccadf1085e0cb18dc8ac37b3acd036f"
"R1-6a4758167b9eb80f200ef5ce","crates/eliot-engine/src/antigravity.rs","880","880","production-or-mixed","typed/AntigravitySandboxPolicy::Unavailable","UNKNOWN","UNKNOWN","Unknown","runtime availability state is not proof of missing work and is not conflated with Unsupported","AntigravitySandboxPolicy::Unavailable","a0eba6eed21534ccf424ca7ef887a83ee64049f504d19fbf82398e7f6f6900e2"
"R1-71024d32784c6e9f6a3907c4","crates/eliot-engine/src/antigravity.rs","3558","3558","production-or-mixed","typed/AntigravityBinarySignatureStatus::Unavailable","UNKNOWN","UNKNOWN","Unknown","runtime availability state is not proof of missing work and is not conflated with Unsupported","AntigravityBinarySignatureStatus::Unavailable","a0eba6eed21534ccf424ca7ef887a83ee64049f504d19fbf82398e7f6f6900e2"
"R1-57c1c0d8f6e183229d4a451b","crates/eliot-engine/src/antigravity.rs","3561","3561","production-or-mixed","typed/AntigravityBinarySignatureStatus::Unavailable","UNKNOWN","UNKNOWN","Unknown","runtime availability state is not proof of missing work and is not conflated with Unsupported","AntigravityBinarySignatureStatus::Unavailable","a0eba6eed21534ccf424ca7ef887a83ee64049f504d19fbf82398e7f6f6900e2"
"R1-9d7304cba33439099c61bf4e","crates/eliot-engine/src/antigravity.rs","3564","3564","production-or-mixed","typed/AntigravityBinarySignatureStatus::Unavailable","UNKNOWN","UNKNOWN","Unknown","runtime availability state is not proof of missing work and is not conflated with Unsupported","AntigravityBinarySignatureStatus::Unavailable","a0eba6eed21534ccf424ca7ef887a83ee64049f504d19fbf82398e7f6f6900e2"
"R1-6cfbbc2fae343a78cf9cc172","crates/eliot-engine/src/antigravity.rs","3578","3578","production-or-mixed","typed/AntigravityBinarySignatureStatus::Unavailable","UNKNOWN","UNKNOWN","Unknown","runtime availability state is not proof of missing work and is not conflated with Unsupported","AntigravityBinarySignatureStatus::Unavailable","a0eba6eed21534ccf424ca7ef887a83ee64049f504d19fbf82398e7f6f6900e2"
"R1-537257583f19662165552708","crates/eliot-engine/src/antigravity.rs","3589","3589","production-or-mixed","typed/AntigravityBinarySignatureStatus::Unavailable","UNKNOWN","UNKNOWN","Unknown","runtime availability state is not proof of missing work and is not conflated with Unsupported","AntigravityBinarySignatureStatus::Unavailable","a0eba6eed21534ccf424ca7ef887a83ee64049f504d19fbf82398e7f6f6900e2"
"R1-89768cbb5d8473737d951545","crates/eliot-engine/src/cognitive_projection.rs","426","426","production-or-mixed","typed/CognitiveProjectionPublicationStatus::Unavailable","UNKNOWN","UNKNOWN","Unknown","runtime availability state is not proof of missing work and is not conflated with Unsupported","CognitiveProjectionPublicationStatus::Unavailable","6399b833d31e728291cd892f6b80ac58c96c2efb6e6dc3c28c6ca7714331daf3"
"R1-cc1841ef6833befd1088e1dc","crates/eliot-engine/src/cognitive_projection.rs","650","650","production-or-mixed","typed/CognitiveProjectionPublicationStatus::Unavailable","UNKNOWN","UNKNOWN","Unknown","runtime availability state is not proof of missing work and is not conflated with Unsupported","CognitiveProjectionPublicationStatus::Unavailable","6399b833d31e728291cd892f6b80ac58c96c2efb6e6dc3c28c6ca7714331daf3"
"R1-e8b41eccdc94df24848aa2b9","crates/eliot-engine/src/cognitive_projection.rs","1060","1060","test-only","typed/CognitiveProjectionReadState::Unavailable","UNKNOWN","UNKNOWN","Unknown","runtime availability state is not proof of missing work and is not conflated with Unsupported","CognitiveProjectionReadState::Unavailable","6399b833d31e728291cd892f6b80ac58c96c2efb6e6dc3c28c6ca7714331daf3"
"R1-98c5ece7d02370ec96eb0e7a","crates/eliot-engine/src/cognitive_projection.rs","1152","1152","test-only","typed/CognitiveProjectionPublicationStatus::Unavailable","UNKNOWN","UNKNOWN","Unknown","runtime availability state is not proof of missing work and is not conflated with Unsupported","CognitiveProjectionPublicationStatus::Unavailable","6399b833d31e728291cd892f6b80ac58c96c2efb6e6dc3c28c6ca7714331daf3"
"R1-1083eee17ff2c83675fee32e","crates/eliot-engine/src/context.rs","4281","4283","test-only","typed/PacketPyramidSource::Unavailable","UNKNOWN","UNKNOWN","Unknown","runtime availability state is not proof of missing work and is not conflated with Unsupported","PacketPyramidSource::Unavailable { reason: ""not needed by this focused experience-selection test"".to_owned(), }","35dda56f6c4d0521f27cca62f2e53a055e2119e5075bf4de430be0da244530f2"
"R1-9d83f365ff3aeafa0bfc8e9b","crates/eliot-engine/src/context.rs","4338","4340","test-only","typed/PacketPyramidSource::Unavailable","UNKNOWN","UNKNOWN","Unknown","runtime availability state is not proof of missing work and is not conflated with Unsupported","PacketPyramidSource::Unavailable { reason: unavailable_reason.to_owned(), }","35dda56f6c4d0521f27cca62f2e53a055e2119e5075bf4de430be0da244530f2"
"R1-2f35e90ed85282255edd0a46","crates/eliot-engine/src/ul/cue_index.rs","244","244","production-or-mixed","typed/CognitiveProjectionReadState::Unavailable","UNKNOWN","UNKNOWN","Unknown","runtime availability state is not proof of missing work and is not conflated with Unsupported","CognitiveProjectionReadState::Unavailable","f7d979f658d850882929757acc170f6115ff4813b726f6b8f7b167894ef9ba00"
"R1-08b93e638ca3f09dbb68089b","crates/eliot-engine/src/work.rs","213","213","production-or-mixed","typed/AgentTransport::Unavailable","UNKNOWN","UNKNOWN","Unknown","runtime availability state is not proof of missing work and is not conflated with Unsupported","AgentTransport::Unavailable","68ebcde96f475cc1a79693c0c6d0f5c352d23508e3ab73a36049c59684de312e"
"R1-2be6cf942a2d27ab544d65ff","crates/eliot-engine/src/work.rs","214","214","production-or-mixed","typed/AgentSessionStatus::Unavailable","UNKNOWN","UNKNOWN","Unknown","runtime availability state is not proof of missing work and is not conflated with Unsupported","AgentSessionStatus::Unavailable","68ebcde96f475cc1a79693c0c6d0f5c352d23508e3ab73a36049c59684de312e"
"R1-c600de866dc0cb8fc6e09f17","crates/eliot-engine/tests/m2_integrity_foundation.rs","560","563","test-only","typed/ExperimentalMetaPolicyPayload::Unsupported","UNKNOWN","UNKNOWN","Unknown","Unsupported constructor lacks platform/profile evidence; conservative Unknown","ExperimentalMetaPolicyPayload::Unsupported { kind: ""arbitrary-executor"".to_owned(), payload: serde_json::json!({""unsafe"": true}), }","e4645b2cce6217f7be5627b3f7a82f3f685924a8dd57cf6c783c5bdd4568e472"
"R1-8e74d23935650ea6e88bfc41","crates/eliot-store/tests/canonical_store.rs","964","967","test-only","typed/ExperimentalMetaPolicyPayload::Unsupported","UNKNOWN","UNKNOWN","Unknown","Unsupported constructor lacks platform/profile evidence; conservative Unknown","ExperimentalMetaPolicyPayload::Unsupported { kind: ""pre_exact_lookup_upgrade"".to_owned(), payload: json!({""bounded"": true}), }","5dfd458e3464be7ba702c3a2979ee041bd4115436d3fa03f2523b3127544bb77"
"R1-c36cfa1574cff067dfae6167","crates/foundation/eliot-bootstrap/src/capture.rs","211","211","production-or-mixed","typed/EvidenceEvaluation::Unavailable","UNKNOWN","UNKNOWN","Unknown","runtime availability state is not proof of missing work and is not conflated with Unsupported","EvidenceEvaluation::Unavailable","965f64fa23a61a8f366883c21a029ece1aa1e3cf1afc2af931d67f1193e87fa6"
"R1-8d18fe97898f0209bdf67937","crates/foundation/eliot-observation-contracts/src/lib.rs","827","827","production-or-mixed","typed/CoverageDisposition::Unavailable","UNKNOWN","UNKNOWN","Unknown","runtime availability state is not proof of missing work and is not conflated with Unsupported","CoverageDisposition::Unavailable","6ec8d17e580513a9c1a7678a84ec2aa3556ffd34a160da2531a83ea814d49e69"
"R1-76c53c8bc8bc5dc59bf27ca4","crates/governor/eliot-authority/src/activation.rs","86","86","production-or-mixed","typed/P07PortError::Unavailable","UNKNOWN","UNKNOWN","Unknown","runtime availability state is not proof of missing work and is not conflated with Unsupported","P07PortError::Unavailable","9dc1a29274d9a2b75df853cbb6ddc6e650c580296303d20264f1a25c639b38c1"
"R1-ba5bb9de8ed52cca17bbed67","crates/governor/eliot-authority/src/activation.rs","93","93","production-or-mixed","typed/P07PortError::Unavailable","UNKNOWN","UNKNOWN","Unknown","runtime availability state is not proof of missing work and is not conflated with Unsupported","P07PortError::Unavailable","9dc1a29274d9a2b75df853cbb6ddc6e650c580296303d20264f1a25c639b38c1"
"R1-4de23aca25e317a4748f2a96","crates/governor/eliot-authority/src/activation.rs","100","100","production-or-mixed","typed/P07PortError::Unavailable","UNKNOWN","UNKNOWN","Unknown","runtime availability state is not proof of missing work and is not conflated with Unsupported","P07PortError::Unavailable","9dc1a29274d9a2b75df853cbb6ddc6e650c580296303d20264f1a25c639b38c1"
"R1-f65d5418f78741934b4d11e9","crates/governor/eliot-authority/src/activation.rs","107","107","production-or-mixed","typed/P07PortError::Unavailable","UNKNOWN","UNKNOWN","Unknown","runtime availability state is not proof of missing work and is not conflated with Unsupported","P07PortError::Unavailable","9dc1a29274d9a2b75df853cbb6ddc6e650c580296303d20264f1a25c639b38c1"
"R1-2896799e64c90fa321b6f744","crates/governor/eliot-change-monitor/src/lib.rs","619","619","production-or-mixed","typed/AnchorResolutionStatus::Unavailable","UNKNOWN","UNKNOWN","Unknown","runtime availability state is not proof of missing work and is not conflated with Unsupported","AnchorResolutionStatus::Unavailable","32b1a1ac5228110d5ca5792e3ec828f13bb25b560ecf2d60726fb73a67969266"
"R1-f65c51f596efb119886c4bcc","crates/governor/eliot-config/src/lib.rs","193","193","production-or-mixed","typed/Applicability::Unsupported","UNKNOWN","UNKNOWN","Unknown","Unsupported constructor lacks platform/profile evidence; conservative Unknown","Applicability::Unsupported","cbe3f3b26736697897309a2f888ea1fe18380825b2660d19f3d249dae087aa8e"
"R1-480e422e90432873ecfa5671","crates/governor/eliot-read/src/lib.rs","179","179","production-or-mixed","typed/ProvenanceDisposition::Unavailable","UNKNOWN","UNKNOWN","Unknown","runtime availability state is not proof of missing work and is not conflated with Unsupported","ProvenanceDisposition::Unavailable","f5c95531603a2c0a89306cda462cd535f0865a30b7ffbc08c4ebbf86e4b5d67b"
"R1-a134e052af0748aa0315a8d2","crates/instrument/eliot-artifact/src/blob.rs","38","40","production-or-mixed","typed/ArtifactError::Unavailable","UNKNOWN","UNKNOWN","Unknown","runtime availability state is not proof of missing work and is not conflated with Unsupported","ArtifactError::Unavailable { reason: format!(""S-04 locator rejected: {error}""), }","67977c74a84d91c3e02f54948e1dc28afefc4b35779d036db3dc9b1ea3daca27"
"R1-102730d1ee5afa6fe8e2da7e","crates/instrument/eliot-artifact/src/blob.rs","50","53","production-or-mixed","typed/ArtifactError::Unsupported","UNKNOWN","UNKNOWN","Unknown","Unsupported constructor lacks platform/profile evidence; conservative Unknown","ArtifactError::Unsupported { field: ""max_bytes"", reason: ""must be greater than zero"", }","67977c74a84d91c3e02f54948e1dc28afefc4b35779d036db3dc9b1ea3daca27"
"R1-27b2f7dc9bcfc35624572e32","crates/instrument/eliot-artifact/src/blob.rs","243","246","production-or-mixed","typed/ArtifactError::Unsupported","UNKNOWN","UNKNOWN","Unknown","Unsupported constructor lacks platform/profile evidence; conservative Unknown","ArtifactError::Unsupported { field: ""max_read_bytes"", reason: ""must be greater than zero"", }","67977c74a84d91c3e02f54948e1dc28afefc4b35779d036db3dc9b1ea3daca27"
"R1-6e638277405a86515dc87959","crates/instrument/eliot-artifact/src/blob.rs","266","269","production-or-mixed","typed/ArtifactError::Unsupported","UNKNOWN","UNKNOWN","Unknown","Unsupported constructor lacks platform/profile evidence; conservative Unknown","ArtifactError::Unsupported { field: ""artifact.size_bytes"", reason: ""artifact exceeds the configured read ceiling"", }","67977c74a84d91c3e02f54948e1dc28afefc4b35779d036db3dc9b1ea3daca27"
"R1-82cffc4bdfdebd191d21f424","crates/instrument/eliot-artifact/src/blob.rs","280","282","production-or-mixed","typed/ArtifactError::Unavailable","UNKNOWN","UNKNOWN","Unknown","runtime availability state is not proof of missing work and is not conflated with Unsupported","ArtifactError::Unavailable { reason: format!(""S-04 read unavailable: {error}""), }","67977c74a84d91c3e02f54948e1dc28afefc4b35779d036db3dc9b1ea3daca27"
"R1-4aec4bc2a1f8742ef5ba3915","crates/instrument/eliot-artifact/src/evidence.rs","141","144","production-or-mixed","typed/ArtifactError::Unsupported","UNKNOWN","UNKNOWN","Unknown","Unsupported constructor lacks platform/profile evidence; conservative Unknown","ArtifactError::Unsupported { field: ""identity.kind"", reason: ""raw evidence handle requires raw evidence identity"", }","56af7648441840ac900e40a61359daa60bd4c2ac1c78000be422c2561ec0b3fb"
"R1-ac74cef7f71f6040edeb0fad","crates/instrument/eliot-artifact/src/identity.rs","59","62","production-or-mixed","typed/ArtifactError::Unsupported","UNKNOWN","UNKNOWN","Unknown","Unsupported constructor lacks platform/profile evidence; conservative Unknown","ArtifactError::Unsupported { field: ""content.algorithm"", reason: ""only SHA-256 is admitted"", }","d78b430d81361ea1fcde41ad0a72c2f580916459e089b2bc7f8a5e75bb719877"
"R1-e0e8057bec89bae6ac2f2af3","crates/instrument/eliot-artifact/src/manifest.rs","106","109","production-or-mixed","typed/ArtifactError::Unsupported","UNKNOWN","UNKNOWN","Unknown","Unsupported constructor lacks platform/profile evidence; conservative Unknown","ArtifactError::Unsupported { field: ""identity.kind"", reason: ""canonical manifest requires manifest identity"", }","0dccd6ee74f2844bb1d7e91b3bb2ec2094b46621bbc9452db10c6734427fc32e"
"R1-ea7067aea2110ab5b86acace","crates/instrument/eliot-artifact/src/transfer.rs","60","63","production-or-mixed","typed/ArtifactError::Unsupported","UNKNOWN","UNKNOWN","Unknown","Unsupported constructor lacks platform/profile evidence; conservative Unknown","ArtifactError::Unsupported { field: ""format"", reason: ""only canonical JSON v1 is admitted"", }","816416be77ead6fcf6ebeec433617f8055665922a428cf1579a0f25656022056"
"R1-a9ef87e4d9a1980aa3712926","crates/instrument/eliot-code-graph/src/lib.rs","335","335","production-or-mixed","typed/GraphFreshness::Unavailable","UNKNOWN","UNKNOWN","Unknown","runtime availability state is not proof of missing work and is not conflated with Unsupported","GraphFreshness::Unavailable","7be49a52e26c8adc987c4b35f61b9c682239d831f4e014f79152006d63466649"
"R1-aad20bcf1036c5052f48663b","crates/instrument/eliot-code-graph/src/lib.rs","335","337","production-or-mixed","typed/GraphFreshness::Unavailable","UNKNOWN","UNKNOWN","Unknown","runtime availability state is not proof of missing work and is not conflated with Unsupported","GraphFreshness::Unavailable { GraphFreshness::Unavailable }","7be49a52e26c8adc987c4b35f61b9c682239d831f4e014f79152006d63466649"
"R1-49a3fbf00b7aa014d91c6094","crates/instrument/eliot-code-graph/src/lib.rs","336","336","production-or-mixed","typed/GraphFreshness::Unavailable","UNKNOWN","UNKNOWN","Unknown","runtime availability state is not proof of missing work and is not conflated with Unsupported","GraphFreshness::Unavailable","7be49a52e26c8adc987c4b35f61b9c682239d831f4e014f79152006d63466649"
"R1-11dc459b4b84d99024a21c50","crates/instrument/eliot-process-executor/src/lib.rs","1132","1132","production-or-mixed","typed/ProcessExecutionError::Unavailable","UNKNOWN","UNKNOWN","Unknown","runtime availability state is not proof of missing work and is not conflated with Unsupported","ProcessExecutionError::Unavailable(error.to_string())","a74a3760c27fc282982aeba408203a4463f8b1929920a5dcc30c2da7476b6219"
"R1-bd06f58839de2a3268229e54","crates/kernel/eliot-host-state/src/backend.rs","195","195","production-or-mixed","typed/FaultPoint::PlanGap","UNKNOWN","UNKNOWN","Unimplemented","PlanGap is a missing-work contract, never Designed","FaultPoint::PlanGap","82e5035fca8b6f2ad5834966ecd62051b28dc669bb5ae14a17196e22615f41fc"
"R1-145c55ab1109b2a38ef9737e","crates/kernel/eliot-host-state/src/backend.rs","196","198","production-or-mixed","typed/BackendError::PlanGap","UNKNOWN","UNKNOWN","Unimplemented","PlanGap is a missing-work contract, never Designed","BackendError::PlanGap { dependency: ""P-01 eliot-platform"", }","82e5035fca8b6f2ad5834966ecd62051b28dc669bb5ae14a17196e22615f41fc"
"R1-0634f40193e8038251178df2","crates/kernel/eliot-host-state/src/redb_journal.rs","97","97","production-or-mixed","typed/BackendError::Unavailable","UNKNOWN","UNKNOWN","Unknown","runtime availability state is not proof of missing work and is not conflated with Unsupported","BackendError::Unavailable","01fa448d0a21576b49b0dacc23af6abc1c22f5dee3d996e496450ac76b661438"
"R1-bd99b1a87ac9056e5ce941ac","crates/kernel/eliot-host-state/src/redb_journal.rs","98","98","production-or-mixed","typed/BackendError::Unavailable","UNKNOWN","UNKNOWN","Unknown","runtime availability state is not proof of missing work and is not conflated with Unsupported","BackendError::Unavailable","01fa448d0a21576b49b0dacc23af6abc1c22f5dee3d996e496450ac76b661438"
"R1-c73ee376d6f747e9a6a0834a","crates/kernel/eliot-host-state/src/redb_journal.rs","101","101","production-or-mixed","typed/BackendError::Unavailable","UNKNOWN","UNKNOWN","Unknown","runtime availability state is not proof of missing work and is not conflated with Unsupported","BackendError::Unavailable","01fa448d0a21576b49b0dacc23af6abc1c22f5dee3d996e496450ac76b661438"
"R1-489cfeed877bddbd4218e223","crates/kernel/eliot-host-state/src/redb_journal.rs","103","103","production-or-mixed","typed/BackendError::Unavailable","UNKNOWN","UNKNOWN","Unknown","runtime availability state is not proof of missing work and is not conflated with Unsupported","BackendError::Unavailable","01fa448d0a21576b49b0dacc23af6abc1c22f5dee3d996e496450ac76b661438"
"R1-4ac625ccb83d32aaf051a261","crates/kernel/eliot-host-state/src/redb_journal.rs","116","116","production-or-mixed","typed/BackendError::Unavailable","UNKNOWN","UNKNOWN","Unknown","runtime availability state is not proof of missing work and is not conflated with Unsupported","BackendError::Unavailable","01fa448d0a21576b49b0dacc23af6abc1c22f5dee3d996e496450ac76b661438"
"R1-4c0640591dd67ac785ba8477","crates/kernel/eliot-host-state/src/redb_journal.rs","120","120","production-or-mixed","typed/BackendError::Unavailable","UNKNOWN","UNKNOWN","Unknown","runtime availability state is not proof of missing work and is not conflated with Unsupported","BackendError::Unavailable","01fa448d0a21576b49b0dacc23af6abc1c22f5dee3d996e496450ac76b661438"
"R1-70afb5356f21025b755c9276","crates/kernel/eliot-host-state/src/redb_journal.rs","122","122","production-or-mixed","typed/BackendError::Unavailable","UNKNOWN","UNKNOWN","Unknown","runtime availability state is not proof of missing work and is not conflated with Unsupported","BackendError::Unavailable","01fa448d0a21576b49b0dacc23af6abc1c22f5dee3d996e496450ac76b661438"
"R1-c579da2b72f617e26c3d910d","crates/kernel/eliot-host-state/src/redb_journal.rs","137","137","production-or-mixed","typed/BackendError::Unavailable","UNKNOWN","UNKNOWN","Unknown","runtime availability state is not proof of missing work and is not conflated with Unsupported","BackendError::Unavailable","01fa448d0a21576b49b0dacc23af6abc1c22f5dee3d996e496450ac76b661438"
"R1-cc467b41680a5153f9d3f754","crates/kernel/eliot-host-state/src/redb_journal.rs","141","141","production-or-mixed","typed/BackendError::Unavailable","UNKNOWN","UNKNOWN","Unknown","runtime availability state is not proof of missing work and is not conflated with Unsupported","BackendError::Unavailable","01fa448d0a21576b49b0dacc23af6abc1c22f5dee3d996e496450ac76b661438"
"R1-115f2718786e5a9c2d355b23","crates/kernel/eliot-host-state/src/redb_journal.rs","144","144","production-or-mixed","typed/BackendError::Unavailable","UNKNOWN","UNKNOWN","Unknown","runtime availability state is not proof of missing work and is not conflated with Unsupported","BackendError::Unavailable","01fa448d0a21576b49b0dacc23af6abc1c22f5dee3d996e496450ac76b661438"
"R1-96b23ce374659acbf9c705ac","crates/kernel/eliot-host-state/src/redb_journal.rs","146","146","production-or-mixed","typed/BackendError::Unavailable","UNKNOWN","UNKNOWN","Unknown","runtime availability state is not proof of missing work and is not conflated with Unsupported","BackendError::Unavailable","01fa448d0a21576b49b0dacc23af6abc1c22f5dee3d996e496450ac76b661438"
"R1-281040ad563b5b4c2b966a46","crates/kernel/eliot-host-state/src/redb_journal.rs","150","150","production-or-mixed","typed/BackendError::Unavailable","UNKNOWN","UNKNOWN","Unknown","runtime availability state is not proof of missing work and is not conflated with Unsupported","BackendError::Unavailable","01fa448d0a21576b49b0dacc23af6abc1c22f5dee3d996e496450ac76b661438"
"R1-d1e9de319fa4953f11cc9dc2","crates/kernel/eliot-host-state/src/redb_journal.rs","152","152","production-or-mixed","typed/BackendError::Unavailable","UNKNOWN","UNKNOWN","Unknown","runtime availability state is not proof of missing work and is not conflated with Unsupported","BackendError::Unavailable","01fa448d0a21576b49b0dacc23af6abc1c22f5dee3d996e496450ac76b661438"
"R1-dc8653999b0214e9032918db","crates/kernel/eliot-host-state/src/redb_journal.rs","155","155","production-or-mixed","typed/BackendError::Unavailable","UNKNOWN","UNKNOWN","Unknown","runtime availability state is not proof of missing work and is not conflated with Unsupported","BackendError::Unavailable","01fa448d0a21576b49b0dacc23af6abc1c22f5dee3d996e496450ac76b661438"
"R1-559e0cd3ce398653a783b9ea","crates/kernel/eliot-host-state/src/redb_journal.rs","158","158","production-or-mixed","typed/BackendError::Unavailable","UNKNOWN","UNKNOWN","Unknown","runtime availability state is not proof of missing work and is not conflated with Unsupported","BackendError::Unavailable","01fa448d0a21576b49b0dacc23af6abc1c22f5dee3d996e496450ac76b661438"
"R1-786ed99ac2cc3e2c65afdeb7","crates/kernel/eliot-host-state/src/redb_journal.rs","196","196","production-or-mixed","typed/BackendError::Unavailable","UNKNOWN","UNKNOWN","Unknown","runtime availability state is not proof of missing work and is not conflated with Unsupported","BackendError::Unavailable","01fa448d0a21576b49b0dacc23af6abc1c22f5dee3d996e496450ac76b661438"
"R1-a25971d9af0911b392c2d539","crates/kernel/eliot-host-state/src/redb_journal.rs","199","199","production-or-mixed","typed/BackendError::Unavailable","UNKNOWN","UNKNOWN","Unknown","runtime availability state is not proof of missing work and is not conflated with Unsupported","BackendError::Unavailable","01fa448d0a21576b49b0dacc23af6abc1c22f5dee3d996e496450ac76b661438"
"R1-e8e63a24c265ed49457faebb","crates/kernel/eliot-host-state/src/redb_journal.rs","201","201","production-or-mixed","typed/BackendError::Unavailable","UNKNOWN","UNKNOWN","Unknown","runtime availability state is not proof of missing work and is not conflated with Unsupported","BackendError::Unavailable","01fa448d0a21576b49b0dacc23af6abc1c22f5dee3d996e496450ac76b661438"
"R1-63853c9f183c84f77db6c9b9","crates/kernel/eliot-host-state/src/redb_journal.rs","205","205","production-or-mixed","typed/BackendError::Unavailable","UNKNOWN","UNKNOWN","Unknown","runtime availability state is not proof of missing work and is not conflated with Unsupported","BackendError::Unavailable","01fa448d0a21576b49b0dacc23af6abc1c22f5dee3d996e496450ac76b661438"
"R1-51e5ee992a4d1a3196980607","crates/kernel/eliot-host-state/src/redb_journal.rs","207","207","production-or-mixed","typed/BackendError::Unavailable","UNKNOWN","UNKNOWN","Unknown","runtime availability state is not proof of missing work and is not conflated with Unsupported","BackendError::Unavailable","01fa448d0a21576b49b0dacc23af6abc1c22f5dee3d996e496450ac76b661438"
"R1-84fc0a9daead24ebb6eb4e61","crates/kernel/eliot-host-state/src/redb_journal.rs","210","210","production-or-mixed","typed/BackendError::Unavailable","UNKNOWN","UNKNOWN","Unknown","runtime availability state is not proof of missing work and is not conflated with Unsupported","BackendError::Unavailable","01fa448d0a21576b49b0dacc23af6abc1c22f5dee3d996e496450ac76b661438"
"R1-90fc70488c963985ac66e877","crates/kernel/eliot-host-state/src/redb_journal.rs","213","213","production-or-mixed","typed/BackendError::Unavailable","UNKNOWN","UNKNOWN","Unknown","runtime availability state is not proof of missing work and is not conflated with Unsupported","BackendError::Unavailable","01fa448d0a21576b49b0dacc23af6abc1c22f5dee3d996e496450ac76b661438"
"R1-7e7915675d46cfcb28464600","crates/kernel/eliot-host-state/src/redb_journal.rs","244","244","production-or-mixed","typed/BackendError::Unavailable","UNKNOWN","UNKNOWN","Unknown","runtime availability state is not proof of missing work and is not conflated with Unsupported","BackendError::Unavailable","01fa448d0a21576b49b0dacc23af6abc1c22f5dee3d996e496450ac76b661438"
"R1-da88e2f1e24f70d464879e84","crates/kernel/eliot-host-state/src/redb_journal.rs","246","246","production-or-mixed","typed/BackendError::Unavailable","UNKNOWN","UNKNOWN","Unknown","runtime availability state is not proof of missing work and is not conflated with Unsupported","BackendError::Unavailable","01fa448d0a21576b49b0dacc23af6abc1c22f5dee3d996e496450ac76b661438"
"R1-6cfdf24fe9b708aecc94af70","crates/kernel/eliot-host-state/src/redb_journal.rs","248","248","production-or-mixed","typed/BackendError::Unavailable","UNKNOWN","UNKNOWN","Unknown","runtime availability state is not proof of missing work and is not conflated with Unsupported","BackendError::Unavailable","01fa448d0a21576b49b0dacc23af6abc1c22f5dee3d996e496450ac76b661438"
"R1-0051be58a7d87a66ea9bc0e4","crates/kernel/eliot-host-state/src/redb_journal.rs","252","252","production-or-mixed","typed/BackendError::Unavailable","UNKNOWN","UNKNOWN","Unknown","runtime availability state is not proof of missing work and is not conflated with Unsupported","BackendError::Unavailable","01fa448d0a21576b49b0dacc23af6abc1c22f5dee3d996e496450ac76b661438"
"R1-5747de76f49a2d2190eb9a58","crates/kernel/eliot-host-state/src/redb_journal.rs","254","254","production-or-mixed","typed/BackendError::Unavailable","UNKNOWN","UNKNOWN","Unknown","runtime availability state is not proof of missing work and is not conflated with Unsupported","BackendError::Unavailable","01fa448d0a21576b49b0dacc23af6abc1c22f5dee3d996e496450ac76b661438"
"R1-4924b6667b1f77b352de889a","crates/kernel/eliot-host-state/src/redb_journal.rs","257","257","production-or-mixed","typed/BackendError::Unavailable","UNKNOWN","UNKNOWN","Unknown","runtime availability state is not proof of missing work and is not conflated with Unsupported","BackendError::Unavailable","01fa448d0a21576b49b0dacc23af6abc1c22f5dee3d996e496450ac76b661438"
"R1-599d095aa975c47732fe49f3","crates/kernel/eliot-host-state/src/redb_journal.rs","279","279","production-or-mixed","typed/BackendError::Unavailable","UNKNOWN","UNKNOWN","Unknown","runtime availability state is not proof of missing work and is not conflated with Unsupported","BackendError::Unavailable","01fa448d0a21576b49b0dacc23af6abc1c22f5dee3d996e496450ac76b661438"
"R1-98f3da347f59dbbc66d2b535","crates/kernel/eliot-host-state/src/redb_journal.rs","281","281","production-or-mixed","typed/BackendError::Unavailable","UNKNOWN","UNKNOWN","Unknown","runtime availability state is not proof of missing work and is not conflated with Unsupported","BackendError::Unavailable","01fa448d0a21576b49b0dacc23af6abc1c22f5dee3d996e496450ac76b661438"
"R1-cae2b1b84f930c7a212ec880","crates/kernel/eliot-host-state/src/redb_journal.rs","285","285","production-or-mixed","typed/BackendError::Unavailable","UNKNOWN","UNKNOWN","Unknown","runtime availability state is not proof of missing work and is not conflated with Unsupported","BackendError::Unavailable","01fa448d0a21576b49b0dacc23af6abc1c22f5dee3d996e496450ac76b661438"
"R1-7daca80ff6182cd6c72d9e85","crates/kernel/eliot-host-state/src/redb_journal.rs","287","287","production-or-mixed","typed/BackendError::Unavailable","UNKNOWN","UNKNOWN","Unknown","runtime availability state is not proof of missing work and is not conflated with Unsupported","BackendError::Unavailable","01fa448d0a21576b49b0dacc23af6abc1c22f5dee3d996e496450ac76b661438"
"R1-208c39e39b04881cca91064d","crates/kernel/eliot-host-state/src/redb_journal.rs","290","290","production-or-mixed","typed/BackendError::Unavailable","UNKNOWN","UNKNOWN","Unknown","runtime availability state is not proof of missing work and is not conflated with Unsupported","BackendError::Unavailable","01fa448d0a21576b49b0dacc23af6abc1c22f5dee3d996e496450ac76b661438"
"R1-563ab186421574c6ea82d213","crates/kernel/eliot-host-state/src/redb_journal.rs","314","314","production-or-mixed","typed/BackendError::Unavailable","UNKNOWN","UNKNOWN","Unknown","runtime availability state is not proof of missing work and is not conflated with Unsupported","BackendError::Unavailable","01fa448d0a21576b49b0dacc23af6abc1c22f5dee3d996e496450ac76b661438"
"R1-f7cf62d4bae0dfc08dff46b8","crates/kernel/eliot-host-state/src/redb_journal.rs","316","316","production-or-mixed","typed/BackendError::Unavailable","UNKNOWN","UNKNOWN","Unknown","runtime availability state is not proof of missing work and is not conflated with Unsupported","BackendError::Unavailable","01fa448d0a21576b49b0dacc23af6abc1c22f5dee3d996e496450ac76b661438"
"R1-16ead2f3365a1f7bb7b6d340","crates/kernel/eliot-host-state/src/redb_journal.rs","335","335","production-or-mixed","typed/BackendError::Unavailable","UNKNOWN","UNKNOWN","Unknown","runtime availability state is not proof of missing work and is not conflated with Unsupported","BackendError::Unavailable","01fa448d0a21576b49b0dacc23af6abc1c22f5dee3d996e496450ac76b661438"
"R1-5c34c75f69df461ccb4582cb","crates/kernel/eliot-host-state/src/redb_journal.rs","337","337","production-or-mixed","typed/BackendError::Unavailable","UNKNOWN","UNKNOWN","Unknown","runtime availability state is not proof of missing work and is not conflated with Unsupported","BackendError::Unavailable","01fa448d0a21576b49b0dacc23af6abc1c22f5dee3d996e496450ac76b661438"
"R1-43927a4ae105282f025ffbc6","crates/kernel/eliot-host-state/src/redb_journal.rs","340","340","production-or-mixed","typed/BackendError::Unavailable","UNKNOWN","UNKNOWN","Unknown","runtime availability state is not proof of missing work and is not conflated with Unsupported","BackendError::Unavailable","01fa448d0a21576b49b0dacc23af6abc1c22f5dee3d996e496450ac76b661438"
"R1-dd28d3dba22ed95a4ee3d5e4","crates/kernel/eliot-host-state/src/redb_journal.rs","374","374","production-or-mixed","typed/BackendError::Unavailable","UNKNOWN","UNKNOWN","Unknown","runtime availability state is not proof of missing work and is not conflated with Unsupported","BackendError::Unavailable","01fa448d0a21576b49b0dacc23af6abc1c22f5dee3d996e496450ac76b661438"
"R1-44a90843e73d568b941b197d","crates/kernel/eliot-host-state/src/redb_journal.rs","387","387","production-or-mixed","typed/BackendError::Unavailable","UNKNOWN","UNKNOWN","Unknown","runtime availability state is not proof of missing work and is not conflated with Unsupported","BackendError::Unavailable","01fa448d0a21576b49b0dacc23af6abc1c22f5dee3d996e496450ac76b661438"
"R1-c2689559648e19e4aab8a386","crates/kernel/eliot-host-state/src/redb_journal.rs","391","391","production-or-mixed","typed/BackendError::Unavailable","UNKNOWN","UNKNOWN","Unknown","runtime availability state is not proof of missing work and is not conflated with Unsupported","BackendError::Unavailable","01fa448d0a21576b49b0dacc23af6abc1c22f5dee3d996e496450ac76b661438"
"R1-3812f591b78af6e41bd2faf0","crates/kernel/eliot-host-state/src/redb_journal.rs","394","394","production-or-mixed","typed/BackendError::Unavailable","UNKNOWN","UNKNOWN","Unknown","runtime availability state is not proof of missing work and is not conflated with Unsupported","BackendError::Unavailable","01fa448d0a21576b49b0dacc23af6abc1c22f5dee3d996e496450ac76b661438"
"R1-6a092f11f138fccece6593ad","crates/kernel/eliot-host-state/src/redb_journal.rs","397","397","production-or-mixed","typed/BackendError::Unavailable","UNKNOWN","UNKNOWN","Unknown","runtime availability state is not proof of missing work and is not conflated with Unsupported","BackendError::Unavailable","01fa448d0a21576b49b0dacc23af6abc1c22f5dee3d996e496450ac76b661438"
"R1-e9555e5b6479edd800f0b7b3","crates/kernel/eliot-host-state/src/redb_journal.rs","400","400","production-or-mixed","typed/BackendError::Unavailable","UNKNOWN","UNKNOWN","Unknown","runtime availability state is not proof of missing work and is not conflated with Unsupported","BackendError::Unavailable","01fa448d0a21576b49b0dacc23af6abc1c22f5dee3d996e496450ac76b661438"
"R1-9ca1f8dac506641d95c745a6","crates/kernel/eliot-host-state/src/redb_journal.rs","403","403","production-or-mixed","typed/BackendError::Unavailable","UNKNOWN","UNKNOWN","Unknown","runtime availability state is not proof of missing work and is not conflated with Unsupported","BackendError::Unavailable","01fa448d0a21576b49b0dacc23af6abc1c22f5dee3d996e496450ac76b661438"
"R1-153a54c48289a671a07aafee","crates/kernel/eliot-host-state/src/redb_journal.rs","406","406","production-or-mixed","typed/BackendError::Unavailable","UNKNOWN","UNKNOWN","Unknown","runtime availability state is not proof of missing work and is not conflated with Unsupported","BackendError::Unavailable","01fa448d0a21576b49b0dacc23af6abc1c22f5dee3d996e496450ac76b661438"
"R1-eee0c42fb0b0ce1ed1f8aea3","crates/kernel/eliot-host-state/src/redb_journal.rs","411","411","production-or-mixed","typed/BackendError::Unavailable","UNKNOWN","UNKNOWN","Unknown","runtime availability state is not proof of missing work and is not conflated with Unsupported","BackendError::Unavailable","01fa448d0a21576b49b0dacc23af6abc1c22f5dee3d996e496450ac76b661438"
"R1-bc9fa23c39e7685bd34afc56","crates/kernel/eliot-host-state/src/redb_journal.rs","425","425","production-or-mixed","typed/BackendError::Unavailable","UNKNOWN","UNKNOWN","Unknown","runtime availability state is not proof of missing work and is not conflated with Unsupported","BackendError::Unavailable","01fa448d0a21576b49b0dacc23af6abc1c22f5dee3d996e496450ac76b661438"
"R1-cffdc524394ba591f1d10f3a","crates/kernel/eliot-host-state/src/redb_journal.rs","468","468","production-or-mixed","typed/BackendError::Unavailable","UNKNOWN","UNKNOWN","Unknown","runtime availability state is not proof of missing work and is not conflated with Unsupported","BackendError::Unavailable","01fa448d0a21576b49b0dacc23af6abc1c22f5dee3d996e496450ac76b661438"
"R1-dcc2236f708973ecb12a11cb","crates/kernel/eliot-host-state/src/redb_journal.rs","478","478","production-or-mixed","typed/BackendError::Unavailable","UNKNOWN","UNKNOWN","Unknown","runtime availability state is not proof of missing work and is not conflated with Unsupported","BackendError::Unavailable","01fa448d0a21576b49b0dacc23af6abc1c22f5dee3d996e496450ac76b661438"
"R1-56a53cefb7c342affd27e536","crates/kernel/eliot-host-state/src/redb_journal.rs","480","480","production-or-mixed","typed/BackendError::Unavailable","UNKNOWN","UNKNOWN","Unknown","runtime availability state is not proof of missing work and is not conflated with Unsupported","BackendError::Unavailable","01fa448d0a21576b49b0dacc23af6abc1c22f5dee3d996e496450ac76b661438"
"R1-0f5a6b15378cea57cb4eaa9c","crates/kernel/eliot-host-state/src/redb_journal.rs","481","481","production-or-mixed","typed/BackendError::Unavailable","UNKNOWN","UNKNOWN","Unknown","runtime availability state is not proof of missing work and is not conflated with Unsupported","BackendError::Unavailable","01fa448d0a21576b49b0dacc23af6abc1c22f5dee3d996e496450ac76b661438"
"R1-77982852829eaffb59fa80cd","crates/kernel/eliot-host-state/src/redb_journal.rs","483","483","production-or-mixed","typed/BackendError::Unavailable","UNKNOWN","UNKNOWN","Unknown","runtime availability state is not proof of missing work and is not conflated with Unsupported","BackendError::Unavailable","01fa448d0a21576b49b0dacc23af6abc1c22f5dee3d996e496450ac76b661438"
"R1-b64297bb62d6a66602635b27","crates/kernel/eliot-host-state/src/redb_journal.rs","485","485","production-or-mixed","typed/BackendError::Unavailable","UNKNOWN","UNKNOWN","Unknown","runtime availability state is not proof of missing work and is not conflated with Unsupported","BackendError::Unavailable","01fa448d0a21576b49b0dacc23af6abc1c22f5dee3d996e496450ac76b661438"
"R1-98af2b7431fd74750196e07a","crates/kernel/eliot-host-state/src/redb_journal.rs","489","489","production-or-mixed","typed/BackendError::Unavailable","UNKNOWN","UNKNOWN","Unknown","runtime availability state is not proof of missing work and is not conflated with Unsupported","BackendError::Unavailable","01fa448d0a21576b49b0dacc23af6abc1c22f5dee3d996e496450ac76b661438"
"R1-6622f7592f9621df48f70145","crates/kernel/eliot-host-state/src/redb_journal.rs","500","500","production-or-mixed","typed/BackendError::Unavailable","UNKNOWN","UNKNOWN","Unknown","runtime availability state is not proof of missing work and is not conflated with Unsupported","BackendError::Unavailable","01fa448d0a21576b49b0dacc23af6abc1c22f5dee3d996e496450ac76b661438"
"R1-bd84d2fe355462ae2629cf76","crates/kernel/eliot-host-state/src/redb_journal.rs","502","502","production-or-mixed","typed/BackendError::Unavailable","UNKNOWN","UNKNOWN","Unknown","runtime availability state is not proof of missing work and is not conflated with Unsupported","BackendError::Unavailable","01fa448d0a21576b49b0dacc23af6abc1c22f5dee3d996e496450ac76b661438"
"R1-3771ddb2387c84bc9458ca14","crates/kernel/eliot-host-state/src/redb_journal.rs","503","503","production-or-mixed","typed/BackendError::Unavailable","UNKNOWN","UNKNOWN","Unknown","runtime availability state is not proof of missing work and is not conflated with Unsupported","BackendError::Unavailable","01fa448d0a21576b49b0dacc23af6abc1c22f5dee3d996e496450ac76b661438"
"R1-fe15542331cad601a471af8b","crates/kernel/eliot-host-state/src/redb_journal.rs","508","508","production-or-mixed","typed/BackendError::Unavailable","UNKNOWN","UNKNOWN","Unknown","runtime availability state is not proof of missing work and is not conflated with Unsupported","BackendError::Unavailable","01fa448d0a21576b49b0dacc23af6abc1c22f5dee3d996e496450ac76b661438"
"R1-7333de1ec2b549ea17439ccd","crates/kernel/eliot-host-state/src/redb_journal.rs","512","512","production-or-mixed","typed/BackendError::Unavailable","UNKNOWN","UNKNOWN","Unknown","runtime availability state is not proof of missing work and is not conflated with Unsupported","BackendError::Unavailable","01fa448d0a21576b49b0dacc23af6abc1c22f5dee3d996e496450ac76b661438"
"R1-5abe4dc583b6831a3f111413","crates/kernel/eliot-host-state/src/redb_journal.rs","515","515","production-or-mixed","typed/BackendError::Unavailable","UNKNOWN","UNKNOWN","Unknown","runtime availability state is not proof of missing work and is not conflated with Unsupported","BackendError::Unavailable","01fa448d0a21576b49b0dacc23af6abc1c22f5dee3d996e496450ac76b661438"
"R1-e8e346a84e8ca53c3658e73f","crates/kernel/eliot-host-state/src/redb_journal.rs","519","519","production-or-mixed","typed/BackendError::Unavailable","UNKNOWN","UNKNOWN","Unknown","runtime availability state is not proof of missing work and is not conflated with Unsupported","BackendError::Unavailable","01fa448d0a21576b49b0dacc23af6abc1c22f5dee3d996e496450ac76b661438"
"R1-0ebb7a07bd3a0bb46187393c","crates/kernel/eliot-host-state/src/redb_journal.rs","521","521","production-or-mixed","typed/BackendError::Unavailable","UNKNOWN","UNKNOWN","Unknown","runtime availability state is not proof of missing work and is not conflated with Unsupported","BackendError::Unavailable","01fa448d0a21576b49b0dacc23af6abc1c22f5dee3d996e496450ac76b661438"
"R1-aea569644c4e2500a7954208","crates/kernel/eliot-host-state/src/redb_journal.rs","524","524","production-or-mixed","typed/BackendError::Unavailable","UNKNOWN","UNKNOWN","Unknown","runtime availability state is not proof of missing work and is not conflated with Unsupported","BackendError::Unavailable","01fa448d0a21576b49b0dacc23af6abc1c22f5dee3d996e496450ac76b661438"
"R1-3225d8260785f134670a24d3","crates/kernel/eliot-host-state/src/redb_journal.rs","537","537","production-or-mixed","typed/BackendError::Unavailable","UNKNOWN","UNKNOWN","Unknown","runtime availability state is not proof of missing work and is not conflated with Unsupported","BackendError::Unavailable","01fa448d0a21576b49b0dacc23af6abc1c22f5dee3d996e496450ac76b661438"
"R1-72f42f8d25ffc24254e49650","crates/kernel/eliot-host-state/src/redb_journal.rs","539","539","production-or-mixed","typed/BackendError::Unavailable","UNKNOWN","UNKNOWN","Unknown","runtime availability state is not proof of missing work and is not conflated with Unsupported","BackendError::Unavailable","01fa448d0a21576b49b0dacc23af6abc1c22f5dee3d996e496450ac76b661438"
"R1-574a00a0f6d716dc891249cf","crates/kernel/eliot-host-state/src/redb_journal.rs","540","540","production-or-mixed","typed/BackendError::Unavailable","UNKNOWN","UNKNOWN","Unknown","runtime availability state is not proof of missing work and is not conflated with Unsupported","BackendError::Unavailable","01fa448d0a21576b49b0dacc23af6abc1c22f5dee3d996e496450ac76b661438"
"R1-2dbc0fef0e3607927f2e1310","crates/kernel/eliot-host-state/src/redb_journal.rs","543","543","production-or-mixed","typed/BackendError::Unavailable","UNKNOWN","UNKNOWN","Unknown","runtime availability state is not proof of missing work and is not conflated with Unsupported","BackendError::Unavailable","01fa448d0a21576b49b0dacc23af6abc1c22f5dee3d996e496450ac76b661438"
"R1-3065c98621f04fb176778564","crates/kernel/eliot-host-state/src/redb_journal.rs","548","548","production-or-mixed","typed/BackendError::Unavailable","UNKNOWN","UNKNOWN","Unknown","runtime availability state is not proof of missing work and is not conflated with Unsupported","BackendError::Unavailable","01fa448d0a21576b49b0dacc23af6abc1c22f5dee3d996e496450ac76b661438"
"R1-f8bedb9df9d58122c1e24b1e","crates/kernel/eliot-host-state/src/redb_journal.rs","551","551","production-or-mixed","typed/BackendError::Unavailable","UNKNOWN","UNKNOWN","Unknown","runtime availability state is not proof of missing work and is not conflated with Unsupported","BackendError::Unavailable","01fa448d0a21576b49b0dacc23af6abc1c22f5dee3d996e496450ac76b661438"
"R1-85d2f7a02b163695ca2b279e","crates/kernel/eliot-host-state/src/redb_journal.rs","557","557","production-or-mixed","typed/BackendError::Unavailable","UNKNOWN","UNKNOWN","Unknown","runtime availability state is not proof of missing work and is not conflated with Unsupported","BackendError::Unavailable","01fa448d0a21576b49b0dacc23af6abc1c22f5dee3d996e496450ac76b661438"
"R1-8e883e3b46d2825831292a9b","crates/kernel/eliot-host-state/src/redb_journal.rs","570","570","production-or-mixed","typed/BackendError::Unavailable","UNKNOWN","UNKNOWN","Unknown","runtime availability state is not proof of missing work and is not conflated with Unsupported","BackendError::Unavailable","01fa448d0a21576b49b0dacc23af6abc1c22f5dee3d996e496450ac76b661438"
"R1-dbf292996b3a9ea32484ab4b","crates/kernel/eliot-host-state/src/redb_journal.rs","572","572","production-or-mixed","typed/BackendError::Unavailable","UNKNOWN","UNKNOWN","Unknown","runtime availability state is not proof of missing work and is not conflated with Unsupported","BackendError::Unavailable","01fa448d0a21576b49b0dacc23af6abc1c22f5dee3d996e496450ac76b661438"
"R1-8a6168fdbaa3babe0cda2788","crates/kernel/eliot-host-state/src/redb_journal.rs","573","573","production-or-mixed","typed/BackendError::Unavailable","UNKNOWN","UNKNOWN","Unknown","runtime availability state is not proof of missing work and is not conflated with Unsupported","BackendError::Unavailable","01fa448d0a21576b49b0dacc23af6abc1c22f5dee3d996e496450ac76b661438"
"R1-49aebb6ee22634555ef60b76","crates/kernel/eliot-host-state/src/redb_journal.rs","576","576","production-or-mixed","typed/BackendError::Unavailable","UNKNOWN","UNKNOWN","Unknown","runtime availability state is not proof of missing work and is not conflated with Unsupported","BackendError::Unavailable","01fa448d0a21576b49b0dacc23af6abc1c22f5dee3d996e496450ac76b661438"
"R1-4fab90c96e2ecf1e0cb50993","crates/kernel/eliot-host-state/src/redb_journal.rs","581","581","production-or-mixed","typed/BackendError::Unavailable","UNKNOWN","UNKNOWN","Unknown","runtime availability state is not proof of missing work and is not conflated with Unsupported","BackendError::Unavailable","01fa448d0a21576b49b0dacc23af6abc1c22f5dee3d996e496450ac76b661438"
"R1-61aa4efc472b7aadf259f657","crates/kernel/eliot-host-state/src/redb_journal.rs","584","584","production-or-mixed","typed/BackendError::Unavailable","UNKNOWN","UNKNOWN","Unknown","runtime availability state is not proof of missing work and is not conflated with Unsupported","BackendError::Unavailable","01fa448d0a21576b49b0dacc23af6abc1c22f5dee3d996e496450ac76b661438"
"R1-8a77a2baefeadc6dab5ba5eb","crates/kernel/eliot-host-state/src/redb_journal.rs","589","589","production-or-mixed","typed/BackendError::Unavailable","UNKNOWN","UNKNOWN","Unknown","runtime availability state is not proof of missing work and is not conflated with Unsupported","BackendError::Unavailable","01fa448d0a21576b49b0dacc23af6abc1c22f5dee3d996e496450ac76b661438"
"R1-a7a216a729ea2a7214d2f603","crates/kernel/eliot-host-state/src/redb_journal.rs","590","590","production-or-mixed","typed/BackendError::Unavailable","UNKNOWN","UNKNOWN","Unknown","runtime availability state is not proof of missing work and is not conflated with Unsupported","BackendError::Unavailable","01fa448d0a21576b49b0dacc23af6abc1c22f5dee3d996e496450ac76b661438"
"R1-a5477d2d8f55b934d6865c82","crates/kernel/eliot-host-state/src/redb_journal.rs","604","604","production-or-mixed","typed/BackendError::Unavailable","UNKNOWN","UNKNOWN","Unknown","runtime availability state is not proof of missing work and is not conflated with Unsupported","BackendError::Unavailable","01fa448d0a21576b49b0dacc23af6abc1c22f5dee3d996e496450ac76b661438"
"R1-5182d241ef2e4964f5bd80f5","crates/kernel/eliot-host-state/src/redb_journal.rs","606","606","production-or-mixed","typed/BackendError::Unavailable","UNKNOWN","UNKNOWN","Unknown","runtime availability state is not proof of missing work and is not conflated with Unsupported","BackendError::Unavailable","01fa448d0a21576b49b0dacc23af6abc1c22f5dee3d996e496450ac76b661438"
"R1-1c757c676d432204face22f9","crates/kernel/eliot-host-state/src/redb_journal.rs","607","607","production-or-mixed","typed/BackendError::Unavailable","UNKNOWN","UNKNOWN","Unknown","runtime availability state is not proof of missing work and is not conflated with Unsupported","BackendError::Unavailable","01fa448d0a21576b49b0dacc23af6abc1c22f5dee3d996e496450ac76b661438"
"R1-c6140b741ccf195fd050cd8a","crates/kernel/eliot-host-state/src/redb_journal.rs","610","610","production-or-mixed","typed/BackendError::Unavailable","UNKNOWN","UNKNOWN","Unknown","runtime availability state is not proof of missing work and is not conflated with Unsupported","BackendError::Unavailable","01fa448d0a21576b49b0dacc23af6abc1c22f5dee3d996e496450ac76b661438"
"R1-8b3f3addb03be24f19a69658","crates/kernel/eliot-host-state/src/redb_journal.rs","614","614","production-or-mixed","typed/BackendError::Unavailable","UNKNOWN","UNKNOWN","Unknown","runtime availability state is not proof of missing work and is not conflated with Unsupported","BackendError::Unavailable","01fa448d0a21576b49b0dacc23af6abc1c22f5dee3d996e496450ac76b661438"
"R1-6e03eb10c9a81b287037889b","crates/kernel/eliot-host-state/src/redb_journal.rs","618","618","production-or-mixed","typed/BackendError::Unavailable","UNKNOWN","UNKNOWN","Unknown","runtime availability state is not proof of missing work and is not conflated with Unsupported","BackendError::Unavailable","01fa448d0a21576b49b0dacc23af6abc1c22f5dee3d996e496450ac76b661438"
"R1-b8cc92e930ea3a47d6edee05","crates/kernel/eliot-host-state/src/redb_journal.rs","635","635","production-or-mixed","typed/BackendError::Unavailable","UNKNOWN","UNKNOWN","Unknown","runtime availability state is not proof of missing work and is not conflated with Unsupported","BackendError::Unavailable","01fa448d0a21576b49b0dacc23af6abc1c22f5dee3d996e496450ac76b661438"
"R1-6c4497466a9c87179d545019","crates/kernel/eliot-host-state/src/redb_journal.rs","637","637","production-or-mixed","typed/BackendError::Unavailable","UNKNOWN","UNKNOWN","Unknown","runtime availability state is not proof of missing work and is not conflated with Unsupported","BackendError::Unavailable","01fa448d0a21576b49b0dacc23af6abc1c22f5dee3d996e496450ac76b661438"
"R1-0b92e00fe055e8e2fff7128c","crates/kernel/eliot-host-state/src/redb_journal.rs","643","643","production-or-mixed","typed/BackendError::Unavailable","UNKNOWN","UNKNOWN","Unknown","runtime availability state is not proof of missing work and is not conflated with Unsupported","BackendError::Unavailable","01fa448d0a21576b49b0dacc23af6abc1c22f5dee3d996e496450ac76b661438"
"R1-f1494007b50c103ce3866e9d","crates/kernel/eliot-host-state/src/redb_journal.rs","651","651","production-or-mixed","typed/BackendError::Unavailable","UNKNOWN","UNKNOWN","Unknown","runtime availability state is not proof of missing work and is not conflated with Unsupported","BackendError::Unavailable","01fa448d0a21576b49b0dacc23af6abc1c22f5dee3d996e496450ac76b661438"
"R1-ab12332059577eb28826edcd","crates/kernel/eliot-host-state/src/redb_journal.rs","674","674","production-or-mixed","typed/BackendError::Unavailable","UNKNOWN","UNKNOWN","Unknown","runtime availability state is not proof of missing work and is not conflated with Unsupported","BackendError::Unavailable","01fa448d0a21576b49b0dacc23af6abc1c22f5dee3d996e496450ac76b661438"
"R1-ecb4573ea3e5212ebb7706db","crates/kernel/eliot-host-state/src/redb_journal.rs","678","678","production-or-mixed","typed/BackendError::Unavailable","UNKNOWN","UNKNOWN","Unknown","runtime availability state is not proof of missing work and is not conflated with Unsupported","BackendError::Unavailable","01fa448d0a21576b49b0dacc23af6abc1c22f5dee3d996e496450ac76b661438"
"R1-15b920f65d7bbe8e59004495","crates/kernel/eliot-host-state/src/redb_journal.rs","681","681","production-or-mixed","typed/BackendError::Unavailable","UNKNOWN","UNKNOWN","Unknown","runtime availability state is not proof of missing work and is not conflated with Unsupported","BackendError::Unavailable","01fa448d0a21576b49b0dacc23af6abc1c22f5dee3d996e496450ac76b661438"
"R1-f605ee7431e2803fa426f121","crates/kernel/eliot-host-state/src/redb_journal.rs","684","684","production-or-mixed","typed/BackendError::Unavailable","UNKNOWN","UNKNOWN","Unknown","runtime availability state is not proof of missing work and is not conflated with Unsupported","BackendError::Unavailable","01fa448d0a21576b49b0dacc23af6abc1c22f5dee3d996e496450ac76b661438"
"R1-d8ae5da372677bd330823356","crates/kernel/eliot-host-state/src/redb_journal.rs","687","687","production-or-mixed","typed/BackendError::Unavailable","UNKNOWN","UNKNOWN","Unknown","runtime availability state is not proof of missing work and is not conflated with Unsupported","BackendError::Unavailable","01fa448d0a21576b49b0dacc23af6abc1c22f5dee3d996e496450ac76b661438"
"R1-fa693d78ce6e995080f09b31","crates/kernel/eliot-host-state/src/redb_journal.rs","690","690","production-or-mixed","typed/BackendError::Unavailable","UNKNOWN","UNKNOWN","Unknown","runtime availability state is not proof of missing work and is not conflated with Unsupported","BackendError::Unavailable","01fa448d0a21576b49b0dacc23af6abc1c22f5dee3d996e496450ac76b661438"
"R1-a4dece1b8d9e54decadde0d1","crates/kernel/eliot-host-state/src/redb_journal.rs","693","693","production-or-mixed","typed/BackendError::Unavailable","UNKNOWN","UNKNOWN","Unknown","runtime availability state is not proof of missing work and is not conflated with Unsupported","BackendError::Unavailable","01fa448d0a21576b49b0dacc23af6abc1c22f5dee3d996e496450ac76b661438"
"R1-892a7a29811718d6c9b74579","crates/kernel/eliot-host-state/src/redb_journal.rs","696","696","production-or-mixed","typed/BackendError::Unavailable","UNKNOWN","UNKNOWN","Unknown","runtime availability state is not proof of missing work and is not conflated with Unsupported","BackendError::Unavailable","01fa448d0a21576b49b0dacc23af6abc1c22f5dee3d996e496450ac76b661438"
"R1-6b34aa3c109b40fdd30ecf84","crates/kernel/eliot-host-state/src/redb_journal.rs","699","699","production-or-mixed","typed/BackendError::Unavailable","UNKNOWN","UNKNOWN","Unknown","runtime availability state is not proof of missing work and is not conflated with Unsupported","BackendError::Unavailable","01fa448d0a21576b49b0dacc23af6abc1c22f5dee3d996e496450ac76b661438"
"R1-c68f7bd7a5bd579a8ea32a19","crates/kernel/eliot-host-state/src/redb_journal.rs","766","766","production-or-mixed","typed/BackendError::Unavailable","UNKNOWN","UNKNOWN","Unknown","runtime availability state is not proof of missing work and is not conflated with Unsupported","BackendError::Unavailable","01fa448d0a21576b49b0dacc23af6abc1c22f5dee3d996e496450ac76b661438"
"R1-46bc0a31277db462207595d5","crates/kernel/eliot-host-state/src/redb_journal.rs","770","770","production-or-mixed","typed/BackendError::Unavailable","UNKNOWN","UNKNOWN","Unknown","runtime availability state is not proof of missing work and is not conflated with Unsupported","BackendError::Unavailable","01fa448d0a21576b49b0dacc23af6abc1c22f5dee3d996e496450ac76b661438"
"R1-e3351f9f5734fb26e65e9a80","crates/kernel/eliot-host-state/src/redb_journal.rs","773","773","production-or-mixed","typed/BackendError::Unavailable","UNKNOWN","UNKNOWN","Unknown","runtime availability state is not proof of missing work and is not conflated with Unsupported","BackendError::Unavailable","01fa448d0a21576b49b0dacc23af6abc1c22f5dee3d996e496450ac76b661438"
"R1-b3a3f27bd07ae1627823ad47","crates/kernel/eliot-host-state/src/redb_journal.rs","819","819","production-or-mixed","typed/BackendError::Unavailable","UNKNOWN","UNKNOWN","Unknown","runtime availability state is not proof of missing work and is not conflated with Unsupported","BackendError::Unavailable","01fa448d0a21576b49b0dacc23af6abc1c22f5dee3d996e496450ac76b661438"
"R1-4bbf6188e010206404526a2d","crates/kernel/eliot-host-state/src/redb_journal.rs","823","823","production-or-mixed","typed/BackendError::Unavailable","UNKNOWN","UNKNOWN","Unknown","runtime availability state is not proof of missing work and is not conflated with Unsupported","BackendError::Unavailable","01fa448d0a21576b49b0dacc23af6abc1c22f5dee3d996e496450ac76b661438"
"R1-b8db9884c32b0bb59896f2a8","crates/kernel/eliot-host-state/src/redb_journal.rs","826","826","production-or-mixed","typed/BackendError::Unavailable","UNKNOWN","UNKNOWN","Unknown","runtime availability state is not proof of missing work and is not conflated with Unsupported","BackendError::Unavailable","01fa448d0a21576b49b0dacc23af6abc1c22f5dee3d996e496450ac76b661438"
"R1-8f9d356f43013a07cc1b6270","crates/kernel/eliot-host-state/src/redb_journal.rs","927","927","production-or-mixed","typed/BackendError::Unavailable","UNKNOWN","UNKNOWN","Unknown","runtime availability state is not proof of missing work and is not conflated with Unsupported","BackendError::Unavailable","01fa448d0a21576b49b0dacc23af6abc1c22f5dee3d996e496450ac76b661438"
"R1-53c851ce530128071d779c0f","crates/kernel/eliot-host-state/src/redb_journal.rs","984","984","production-or-mixed","typed/BackendError::Unavailable","UNKNOWN","UNKNOWN","Unknown","runtime availability state is not proof of missing work and is not conflated with Unsupported","BackendError::Unavailable","01fa448d0a21576b49b0dacc23af6abc1c22f5dee3d996e496450ac76b661438"
"R1-e1101b3137edabe0d673b9d2","crates/kernel/eliot-host-state/src/redb_journal.rs","988","988","production-or-mixed","typed/BackendError::Unavailable","UNKNOWN","UNKNOWN","Unknown","runtime availability state is not proof of missing work and is not conflated with Unsupported","BackendError::Unavailable","01fa448d0a21576b49b0dacc23af6abc1c22f5dee3d996e496450ac76b661438"
"R1-3452bbd0e446edb7d94d4c14","crates/kernel/eliot-host-state/src/redb_journal.rs","991","991","production-or-mixed","typed/BackendError::Unavailable","UNKNOWN","UNKNOWN","Unknown","runtime availability state is not proof of missing work and is not conflated with Unsupported","BackendError::Unavailable","01fa448d0a21576b49b0dacc23af6abc1c22f5dee3d996e496450ac76b661438"
"R1-52d3b9cbebadb555630ae462","crates/kernel/eliot-host-state/src/redb_journal.rs","1014","1014","production-or-mixed","typed/BackendError::Unavailable","UNKNOWN","UNKNOWN","Unknown","runtime availability state is not proof of missing work and is not conflated with Unsupported","BackendError::Unavailable","01fa448d0a21576b49b0dacc23af6abc1c22f5dee3d996e496450ac76b661438"
"R1-a10f51ce4006d5047befe5d2","crates/kernel/eliot-host-state/src/redb_journal.rs","1040","1040","production-or-mixed","typed/BackendError::Unavailable","UNKNOWN","UNKNOWN","Unknown","runtime availability state is not proof of missing work and is not conflated with Unsupported","BackendError::Unavailable","01fa448d0a21576b49b0dacc23af6abc1c22f5dee3d996e496450ac76b661438"
"R1-b95cef7a62df2d4c6aee6b30","crates/kernel/eliot-host-state/src/redb_journal.rs","1062","1062","production-or-mixed","typed/BackendError::Unavailable","UNKNOWN","UNKNOWN","Unknown","runtime availability state is not proof of missing work and is not conflated with Unsupported","BackendError::Unavailable","01fa448d0a21576b49b0dacc23af6abc1c22f5dee3d996e496450ac76b661438"
"R1-fc882ae799ef23024c27c66a","crates/kernel/eliot-host-state/src/redb_journal.rs","1066","1066","production-or-mixed","typed/BackendError::Unavailable","UNKNOWN","UNKNOWN","Unknown","runtime availability state is not proof of missing work and is not conflated with Unsupported","BackendError::Unavailable","01fa448d0a21576b49b0dacc23af6abc1c22f5dee3d996e496450ac76b661438"
"R1-c2156309053869d30dddfcd0","crates/kernel/eliot-host-state/src/redb_journal.rs","1070","1070","production-or-mixed","typed/BackendError::Unavailable","UNKNOWN","UNKNOWN","Unknown","runtime availability state is not proof of missing work and is not conflated with Unsupported","BackendError::Unavailable","01fa448d0a21576b49b0dacc23af6abc1c22f5dee3d996e496450ac76b661438"
"R1-753f6976dd28e43fc220ed48","crates/kernel/eliot-host-state/src/redb_journal.rs","1073","1073","production-or-mixed","typed/BackendError::Unavailable","UNKNOWN","UNKNOWN","Unknown","runtime availability state is not proof of missing work and is not conflated with Unsupported","BackendError::Unavailable","01fa448d0a21576b49b0dacc23af6abc1c22f5dee3d996e496450ac76b661438"
"R1-608e24b9a086427157d59e0f","crates/kernel/eliot-host-state/src/redb_journal.rs","1080","1080","production-or-mixed","typed/BackendError::Unavailable","UNKNOWN","UNKNOWN","Unknown","runtime availability state is not proof of missing work and is not conflated with Unsupported","BackendError::Unavailable","01fa448d0a21576b49b0dacc23af6abc1c22f5dee3d996e496450ac76b661438"
"R1-bba142c2d247525893bf213d","crates/kernel/eliot-host-state/src/redb_journal.rs","1091","1091","production-or-mixed","typed/BackendError::Unavailable","UNKNOWN","UNKNOWN","Unknown","runtime availability state is not proof of missing work and is not conflated with Unsupported","BackendError::Unavailable","01fa448d0a21576b49b0dacc23af6abc1c22f5dee3d996e496450ac76b661438"
"R1-96e8ceee33092f258c4fd595","crates/kernel/eliot-host-state/src/redb_journal.rs","1094","1094","production-or-mixed","typed/BackendError::Unavailable","UNKNOWN","UNKNOWN","Unknown","runtime availability state is not proof of missing work and is not conflated with Unsupported","BackendError::Unavailable","01fa448d0a21576b49b0dacc23af6abc1c22f5dee3d996e496450ac76b661438"
"R1-e52daf7784dce096a5c6daf3","crates/kernel/eliot-host-state/src/redb_journal.rs","1098","1098","production-or-mixed","typed/BackendError::Unavailable","UNKNOWN","UNKNOWN","Unknown","runtime availability state is not proof of missing work and is not conflated with Unsupported","BackendError::Unavailable","01fa448d0a21576b49b0dacc23af6abc1c22f5dee3d996e496450ac76b661438"
"R1-47b20c7cfe65cf1099032ec0","crates/kernel/eliot-host-state/src/redb_journal.rs","1106","1106","production-or-mixed","typed/BackendError::Unavailable","UNKNOWN","UNKNOWN","Unknown","runtime availability state is not proof of missing work and is not conflated with Unsupported","BackendError::Unavailable","01fa448d0a21576b49b0dacc23af6abc1c22f5dee3d996e496450ac76b661438"
"R1-af2479126513297e762bab89","crates/kernel/eliot-host-state/src/redb_store.rs","26","26","production-or-mixed","typed/HostStateError::Unavailable","UNKNOWN","UNKNOWN","Unknown","runtime availability state is not proof of missing work and is not conflated with Unsupported","HostStateError::Unavailable","78e5fec8d9bf14e4a1d736c184f4a3fe9a669dd0ae53f83475ee137d37209a44"
"R1-7a5b962795f0c2fa61419dc5","crates/kernel/eliot-host-state/src/redb_store.rs","36","36","production-or-mixed","typed/HostStateError::Unavailable","UNKNOWN","UNKNOWN","Unknown","runtime availability state is not proof of missing work and is not conflated with Unsupported","HostStateError::Unavailable","78e5fec8d9bf14e4a1d736c184f4a3fe9a669dd0ae53f83475ee137d37209a44"
"R1-23a39ce31259cfc9510e6e3a","crates/kernel/eliot-host-state/src/redb_store.rs","38","38","production-or-mixed","typed/HostStateError::Unavailable","UNKNOWN","UNKNOWN","Unknown","runtime availability state is not proof of missing work and is not conflated with Unsupported","HostStateError::Unavailable","78e5fec8d9bf14e4a1d736c184f4a3fe9a669dd0ae53f83475ee137d37209a44"
"R1-6895fc20c6e9b484523596fc","crates/kernel/eliot-host-state/src/redb_store.rs","42","42","production-or-mixed","typed/HostStateError::Unavailable","UNKNOWN","UNKNOWN","Unknown","runtime availability state is not proof of missing work and is not conflated with Unsupported","HostStateError::Unavailable","78e5fec8d9bf14e4a1d736c184f4a3fe9a669dd0ae53f83475ee137d37209a44"
"R1-8774e41ccb95ae294edfccfe","crates/kernel/eliot-host-state/src/redb_store.rs","118","118","production-or-mixed","typed/HostStateError::Unavailable","UNKNOWN","UNKNOWN","Unknown","runtime availability state is not proof of missing work and is not conflated with Unsupported","HostStateError::Unavailable","78e5fec8d9bf14e4a1d736c184f4a3fe9a669dd0ae53f83475ee137d37209a44"
"R1-3c47aa8a2a6955569e5ce30b","crates/kernel/eliot-host-state/src/redb_store.rs","122","122","production-or-mixed","typed/HostStateError::Unavailable","UNKNOWN","UNKNOWN","Unknown","runtime availability state is not proof of missing work and is not conflated with Unsupported","HostStateError::Unavailable","78e5fec8d9bf14e4a1d736c184f4a3fe9a669dd0ae53f83475ee137d37209a44"
"R1-e74ec7d8b217a9b9e567df7e","crates/kernel/eliot-host-state/src/redb_store.rs","125","125","production-or-mixed","typed/HostStateError::Unavailable","UNKNOWN","UNKNOWN","Unknown","runtime availability state is not proof of missing work and is not conflated with Unsupported","HostStateError::Unavailable","78e5fec8d9bf14e4a1d736c184f4a3fe9a669dd0ae53f83475ee137d37209a44"
"R1-1d57a24f469bafd6f9e3f503","crates/kernel/eliot-host-state/src/redb_store.rs","138","138","production-or-mixed","typed/HostStateError::Unavailable","UNKNOWN","UNKNOWN","Unknown","runtime availability state is not proof of missing work and is not conflated with Unsupported","HostStateError::Unavailable","78e5fec8d9bf14e4a1d736c184f4a3fe9a669dd0ae53f83475ee137d37209a44"
"R1-dd580930556c64cff0ab965c","crates/kernel/eliot-host-state/src/redb_store.rs","142","142","production-or-mixed","typed/HostStateError::Unavailable","UNKNOWN","UNKNOWN","Unknown","runtime availability state is not proof of missing work and is not conflated with Unsupported","HostStateError::Unavailable","78e5fec8d9bf14e4a1d736c184f4a3fe9a669dd0ae53f83475ee137d37209a44"
"R1-74073781123a89f51dcaba8d","crates/kernel/eliot-host-state/src/redb_store.rs","145","145","production-or-mixed","typed/HostStateError::Unavailable","UNKNOWN","UNKNOWN","Unknown","runtime availability state is not proof of missing work and is not conflated with Unsupported","HostStateError::Unavailable","78e5fec8d9bf14e4a1d736c184f4a3fe9a669dd0ae53f83475ee137d37209a44"
"R1-55f92875141f364d2dccea5f","crates/kernel/eliot-host-state/src/redb_store.rs","166","166","test-only","typed/HostStateError::Unavailable","UNKNOWN","UNKNOWN","Unknown","runtime availability state is not proof of missing work and is not conflated with Unsupported","HostStateError::Unavailable","78e5fec8d9bf14e4a1d736c184f4a3fe9a669dd0ae53f83475ee137d37209a44"
"R1-9f5a2cb0b2ab7b0963cf9ac3","crates/kernel/eliot-host-state/src/redb_store.rs","168","168","test-only","typed/HostStateError::Unavailable","UNKNOWN","UNKNOWN","Unknown","runtime availability state is not proof of missing work and is not conflated with Unsupported","HostStateError::Unavailable","78e5fec8d9bf14e4a1d736c184f4a3fe9a669dd0ae53f83475ee137d37209a44"
"R1-3907c898d9de3e7463d665e2","crates/kernel/eliot-host-state/src/redb_store.rs","200","200","production-or-mixed","typed/HostStateError::Unavailable","UNKNOWN","UNKNOWN","Unknown","runtime availability state is not proof of missing work and is not conflated with Unsupported","HostStateError::Unavailable","78e5fec8d9bf14e4a1d736c184f4a3fe9a669dd0ae53f83475ee137d37209a44"
"R1-65bb4662d34a6d372cbd87e9","crates/kernel/eliot-host-state/src/redb_store.rs","239","239","production-or-mixed","typed/HostStateError::Unavailable","UNKNOWN","UNKNOWN","Unknown","runtime availability state is not proof of missing work and is not conflated with Unsupported","HostStateError::Unavailable","78e5fec8d9bf14e4a1d736c184f4a3fe9a669dd0ae53f83475ee137d37209a44"
"R1-dbff355d8c663405b63662f5","crates/kernel/eliot-host-state/src/redb_store.rs","243","243","production-or-mixed","typed/HostStateError::Unavailable","UNKNOWN","UNKNOWN","Unknown","runtime availability state is not proof of missing work and is not conflated with Unsupported","HostStateError::Unavailable","78e5fec8d9bf14e4a1d736c184f4a3fe9a669dd0ae53f83475ee137d37209a44"
"R1-6902710da812781dce07cf1c","crates/kernel/eliot-host-state/src/redb_store.rs","246","246","production-or-mixed","typed/HostStateError::Unavailable","UNKNOWN","UNKNOWN","Unknown","runtime availability state is not proof of missing work and is not conflated with Unsupported","HostStateError::Unavailable","78e5fec8d9bf14e4a1d736c184f4a3fe9a669dd0ae53f83475ee137d37209a44"
"R1-a6e856bc0dfb76aae0ba4990","crates/kernel/eliot-host-state/src/redb_store.rs","251","251","production-or-mixed","typed/HostStateError::Unavailable","UNKNOWN","UNKNOWN","Unknown","runtime availability state is not proof of missing work and is not conflated with Unsupported","HostStateError::Unavailable","78e5fec8d9bf14e4a1d736c184f4a3fe9a669dd0ae53f83475ee137d37209a44"
"R1-926860026a51178cab38f119","crates/kernel/eliot-host-state/src/redb_store.rs","424","424","production-or-mixed","typed/HostStateError::Unavailable","UNKNOWN","UNKNOWN","Unknown","runtime availability state is not proof of missing work and is not conflated with Unsupported","HostStateError::Unavailable","78e5fec8d9bf14e4a1d736c184f4a3fe9a669dd0ae53f83475ee137d37209a44"
"R1-47ceec16dc2d18ac0be6d6f5","crates/kernel/eliot-host-state/src/redb_store.rs","427","427","production-or-mixed","typed/HostStateError::Unavailable","UNKNOWN","UNKNOWN","Unknown","runtime availability state is not proof of missing work and is not conflated with Unsupported","HostStateError::Unavailable","78e5fec8d9bf14e4a1d736c184f4a3fe9a669dd0ae53f83475ee137d37209a44"
"R1-3919f6239626064f7b6b7d23","crates/kernel/eliot-host-state/src/redb_store.rs","470","470","production-or-mixed","typed/HostStateError::Unavailable","UNKNOWN","UNKNOWN","Unknown","runtime availability state is not proof of missing work and is not conflated with Unsupported","HostStateError::Unavailable","78e5fec8d9bf14e4a1d736c184f4a3fe9a669dd0ae53f83475ee137d37209a44"
"R1-af882dacd357a8ee0bdb49ea","crates/kernel/eliot-host-state/src/redb_store.rs","473","473","production-or-mixed","typed/HostStateError::Unavailable","UNKNOWN","UNKNOWN","Unknown","runtime availability state is not proof of missing work and is not conflated with Unsupported","HostStateError::Unavailable","78e5fec8d9bf14e4a1d736c184f4a3fe9a669dd0ae53f83475ee137d37209a44"
"R1-c0b19a5f52fa9a3ce5b4dc90","crates/kernel/eliot-host-state/src/redb_store.rs","507","507","production-or-mixed","typed/HostStateError::Unavailable","UNKNOWN","UNKNOWN","Unknown","runtime availability state is not proof of missing work and is not conflated with Unsupported","HostStateError::Unavailable","78e5fec8d9bf14e4a1d736c184f4a3fe9a669dd0ae53f83475ee137d37209a44"
"R1-71fbdad5b45995159c09e2a9","crates/kernel/eliot-host-state/src/redb_store.rs","511","511","production-or-mixed","typed/HostStateError::Unavailable","UNKNOWN","UNKNOWN","Unknown","runtime availability state is not proof of missing work and is not conflated with Unsupported","HostStateError::Unavailable","78e5fec8d9bf14e4a1d736c184f4a3fe9a669dd0ae53f83475ee137d37209a44"
"R1-296e70a5e05e7e30c62f23c0","crates/kernel/eliot-host-state/src/redb_store.rs","515","515","production-or-mixed","typed/HostStateError::Unavailable","UNKNOWN","UNKNOWN","Unknown","runtime availability state is not proof of missing work and is not conflated with Unsupported","HostStateError::Unavailable","78e5fec8d9bf14e4a1d736c184f4a3fe9a669dd0ae53f83475ee137d37209a44"
"R1-cb3a11202a5131d4546fc329","crates/kernel/eliot-host-state/src/redb_store.rs","518","518","production-or-mixed","typed/HostStateError::Unavailable","UNKNOWN","UNKNOWN","Unknown","runtime availability state is not proof of missing work and is not conflated with Unsupported","HostStateError::Unavailable","78e5fec8d9bf14e4a1d736c184f4a3fe9a669dd0ae53f83475ee137d37209a44"
"R1-98313ea547a355876270679f","crates/kernel/eliot-host-state/src/redb_store.rs","520","520","production-or-mixed","typed/HostStateError::Unavailable","UNKNOWN","UNKNOWN","Unknown","runtime availability state is not proof of missing work and is not conflated with Unsupported","HostStateError::Unavailable","78e5fec8d9bf14e4a1d736c184f4a3fe9a669dd0ae53f83475ee137d37209a44"
"R1-ed7de7b0c15ecf8a4fd92075","crates/kernel/eliot-host-state/src/redb_store.rs","524","524","production-or-mixed","typed/HostStateError::Unavailable","UNKNOWN","UNKNOWN","Unknown","runtime availability state is not proof of missing work and is not conflated with Unsupported","HostStateError::Unavailable","78e5fec8d9bf14e4a1d736c184f4a3fe9a669dd0ae53f83475ee137d37209a44"
"R1-416dfc2b993f9b771eeee11e","crates/kernel/eliot-host-state/src/redb_store.rs","528","528","production-or-mixed","typed/HostStateError::Unavailable","UNKNOWN","UNKNOWN","Unknown","runtime availability state is not proof of missing work and is not conflated with Unsupported","HostStateError::Unavailable","78e5fec8d9bf14e4a1d736c184f4a3fe9a669dd0ae53f83475ee137d37209a44"
"R1-547cf8211880a000d55b457e","crates/kernel/eliot-host-state/src/redb_store.rs","532","532","production-or-mixed","typed/HostStateError::Unavailable","UNKNOWN","UNKNOWN","Unknown","runtime availability state is not proof of missing work and is not conflated with Unsupported","HostStateError::Unavailable","78e5fec8d9bf14e4a1d736c184f4a3fe9a669dd0ae53f83475ee137d37209a44"
"R1-4b5293cc61f9750e9599a656","crates/kernel/eliot-host-state/src/redb_store.rs","535","535","production-or-mixed","typed/HostStateError::Unavailable","UNKNOWN","UNKNOWN","Unknown","runtime availability state is not proof of missing work and is not conflated with Unsupported","HostStateError::Unavailable","78e5fec8d9bf14e4a1d736c184f4a3fe9a669dd0ae53f83475ee137d37209a44"
"R1-f9268d216a39b05e2cf4a048","crates/kernel/eliot-host-state/src/redb_store.rs","537","537","production-or-mixed","typed/HostStateError::Unavailable","UNKNOWN","UNKNOWN","Unknown","runtime availability state is not proof of missing work and is not conflated with Unsupported","HostStateError::Unavailable","78e5fec8d9bf14e4a1d736c184f4a3fe9a669dd0ae53f83475ee137d37209a44"
"R1-375383fd9468f8800a8252d2","crates/kernel/eliot-host-state/src/redb_store.rs","547","547","production-or-mixed","typed/HostStateError::Unavailable","UNKNOWN","UNKNOWN","Unknown","runtime availability state is not proof of missing work and is not conflated with Unsupported","HostStateError::Unavailable","78e5fec8d9bf14e4a1d736c184f4a3fe9a669dd0ae53f83475ee137d37209a44"
"R1-2de03e4f88ec6d555221ca68","crates/kernel/eliot-host-state/src/redb_store.rs","550","550","production-or-mixed","typed/HostStateError::Unavailable","UNKNOWN","UNKNOWN","Unknown","runtime availability state is not proof of missing work and is not conflated with Unsupported","HostStateError::Unavailable","78e5fec8d9bf14e4a1d736c184f4a3fe9a669dd0ae53f83475ee137d37209a44"
"R1-a302ec8e399f085f9f3e5622","crates/kernel/eliot-host-state/src/redb_store.rs","553","553","production-or-mixed","typed/HostStateError::Unavailable","UNKNOWN","UNKNOWN","Unknown","runtime availability state is not proof of missing work and is not conflated with Unsupported","HostStateError::Unavailable","78e5fec8d9bf14e4a1d736c184f4a3fe9a669dd0ae53f83475ee137d37209a44"
"R1-96f7842e84657825d715a266","crates/kernel/eliot-host-state/src/redb_store.rs","555","555","production-or-mixed","typed/HostStateError::Unavailable","UNKNOWN","UNKNOWN","Unknown","runtime availability state is not proof of missing work and is not conflated with Unsupported","HostStateError::Unavailable","78e5fec8d9bf14e4a1d736c184f4a3fe9a669dd0ae53f83475ee137d37209a44"
"R1-473173a6393c27a3093f0d05","crates/kernel/eliot-host-state/src/redb_store.rs","558","558","production-or-mixed","typed/HostStateError::Unavailable","UNKNOWN","UNKNOWN","Unknown","runtime availability state is not proof of missing work and is not conflated with Unsupported","HostStateError::Unavailable","78e5fec8d9bf14e4a1d736c184f4a3fe9a669dd0ae53f83475ee137d37209a44"
"R1-c15c32533b100167bfc0a443","crates/kernel/eliot-host-state/src/redb_store.rs","565","565","production-or-mixed","typed/HostStateError::Unavailable","UNKNOWN","UNKNOWN","Unknown","runtime availability state is not proof of missing work and is not conflated with Unsupported","HostStateError::Unavailable","78e5fec8d9bf14e4a1d736c184f4a3fe9a669dd0ae53f83475ee137d37209a44"
"R1-3345551727c208561570bff4","crates/kernel/eliot-host-state/src/redb_store.rs","568","568","production-or-mixed","typed/HostStateError::Unavailable","UNKNOWN","UNKNOWN","Unknown","runtime availability state is not proof of missing work and is not conflated with Unsupported","HostStateError::Unavailable","78e5fec8d9bf14e4a1d736c184f4a3fe9a669dd0ae53f83475ee137d37209a44"
"R1-3e2ba1560587306783f5a541","crates/kernel/eliot-host-state/src/redb_store.rs","570","570","production-or-mixed","typed/HostStateError::Unavailable","UNKNOWN","UNKNOWN","Unknown","runtime availability state is not proof of missing work and is not conflated with Unsupported","HostStateError::Unavailable","78e5fec8d9bf14e4a1d736c184f4a3fe9a669dd0ae53f83475ee137d37209a44"
"R1-2d4bcab6735d829540a34d67","crates/kernel/eliot-host-state/src/redb_store.rs","585","585","production-or-mixed","typed/HostStateError::Unavailable","UNKNOWN","UNKNOWN","Unknown","runtime availability state is not proof of missing work and is not conflated with Unsupported","HostStateError::Unavailable","78e5fec8d9bf14e4a1d736c184f4a3fe9a669dd0ae53f83475ee137d37209a44"
"R1-cb4b565482b58074473961ed","crates/kernel/eliot-host-state/src/redb_store.rs","588","588","production-or-mixed","typed/HostStateError::Unavailable","UNKNOWN","UNKNOWN","Unknown","runtime availability state is not proof of missing work and is not conflated with Unsupported","HostStateError::Unavailable","78e5fec8d9bf14e4a1d736c184f4a3fe9a669dd0ae53f83475ee137d37209a44"
"R1-c477164bbffc1be44e0f363a","crates/kernel/eliot-host-state/src/redb_store.rs","591","591","production-or-mixed","typed/HostStateError::Unavailable","UNKNOWN","UNKNOWN","Unknown","runtime availability state is not proof of missing work and is not conflated with Unsupported","HostStateError::Unavailable","78e5fec8d9bf14e4a1d736c184f4a3fe9a669dd0ae53f83475ee137d37209a44"
"R1-8485af5ae5e25b225001ea08","crates/kernel/eliot-host-state/src/redb_store.rs","593","593","production-or-mixed","typed/HostStateError::Unavailable","UNKNOWN","UNKNOWN","Unknown","runtime availability state is not proof of missing work and is not conflated with Unsupported","HostStateError::Unavailable","78e5fec8d9bf14e4a1d736c184f4a3fe9a669dd0ae53f83475ee137d37209a44"
"R1-b58d0ca86b238729f346826d","crates/kernel/eliot-host-state/src/redb_store.rs","596","596","production-or-mixed","typed/HostStateError::Unavailable","UNKNOWN","UNKNOWN","Unknown","runtime availability state is not proof of missing work and is not conflated with Unsupported","HostStateError::Unavailable","78e5fec8d9bf14e4a1d736c184f4a3fe9a669dd0ae53f83475ee137d37209a44"
"R1-af450c85e2ca561c0785e5d7","crates/kernel/eliot-host-state/src/redb_store.rs","605","605","production-or-mixed","typed/HostStateError::Unavailable","UNKNOWN","UNKNOWN","Unknown","runtime availability state is not proof of missing work and is not conflated with Unsupported","HostStateError::Unavailable","78e5fec8d9bf14e4a1d736c184f4a3fe9a669dd0ae53f83475ee137d37209a44"
"R1-cbbd1f26bca1fb8e83730b51","crates/kernel/eliot-host-state/src/redb_store.rs","608","608","production-or-mixed","typed/HostStateError::Unavailable","UNKNOWN","UNKNOWN","Unknown","runtime availability state is not proof of missing work and is not conflated with Unsupported","HostStateError::Unavailable","78e5fec8d9bf14e4a1d736c184f4a3fe9a669dd0ae53f83475ee137d37209a44"
"R1-52755720437b9fbba3f58b81","crates/kernel/eliot-host-state/src/redb_store.rs","610","610","production-or-mixed","typed/HostStateError::Unavailable","UNKNOWN","UNKNOWN","Unknown","runtime availability state is not proof of missing work and is not conflated with Unsupported","HostStateError::Unavailable","78e5fec8d9bf14e4a1d736c184f4a3fe9a669dd0ae53f83475ee137d37209a44"
"R1-c283c0463ed2917ba659d1aa","crates/kernel/eliot-host-state/src/redb_store.rs","613","613","production-or-mixed","typed/HostStateError::Unavailable","UNKNOWN","UNKNOWN","Unknown","runtime availability state is not proof of missing work and is not conflated with Unsupported","HostStateError::Unavailable","78e5fec8d9bf14e4a1d736c184f4a3fe9a669dd0ae53f83475ee137d37209a44"
"R1-7979aa6fb2d52dcc91d66722","crates/kernel/eliot-host-state/src/redb_store.rs","620","620","production-or-mixed","typed/HostStateError::Unavailable","UNKNOWN","UNKNOWN","Unknown","runtime availability state is not proof of missing work and is not conflated with Unsupported","HostStateError::Unavailable","78e5fec8d9bf14e4a1d736c184f4a3fe9a669dd0ae53f83475ee137d37209a44"
"R1-b9bc76e3d655309b66ed55c8","crates/kernel/eliot-host-state/src/redb_store.rs","623","623","production-or-mixed","typed/HostStateError::Unavailable","UNKNOWN","UNKNOWN","Unknown","runtime availability state is not proof of missing work and is not conflated with Unsupported","HostStateError::Unavailable","78e5fec8d9bf14e4a1d736c184f4a3fe9a669dd0ae53f83475ee137d37209a44"
"R1-dff1e160f548e5b0def7aafe","crates/kernel/eliot-host-state/src/redb_store.rs","625","625","production-or-mixed","typed/HostStateError::Unavailable","UNKNOWN","UNKNOWN","Unknown","runtime availability state is not proof of missing work and is not conflated with Unsupported","HostStateError::Unavailable","78e5fec8d9bf14e4a1d736c184f4a3fe9a669dd0ae53f83475ee137d37209a44"
"R1-9d19bd53a852404a4c19cbc4","crates/kernel/eliot-host-state/src/redb_store.rs","634","634","production-or-mixed","typed/HostStateError::Unavailable","UNKNOWN","UNKNOWN","Unknown","runtime availability state is not proof of missing work and is not conflated with Unsupported","HostStateError::Unavailable","78e5fec8d9bf14e4a1d736c184f4a3fe9a669dd0ae53f83475ee137d37209a44"
"R1-40062d556ca47130b00d4d00","crates/kernel/eliot-host-state/src/redb_store.rs","644","644","production-or-mixed","typed/HostStateError::Unavailable","UNKNOWN","UNKNOWN","Unknown","runtime availability state is not proof of missing work and is not conflated with Unsupported","HostStateError::Unavailable","78e5fec8d9bf14e4a1d736c184f4a3fe9a669dd0ae53f83475ee137d37209a44"
"R1-5165ea255bbe88d1f8352447","crates/kernel/eliot-host-state/src/redb_store.rs","648","648","production-or-mixed","typed/HostStateError::Unavailable","UNKNOWN","UNKNOWN","Unknown","runtime availability state is not proof of missing work and is not conflated with Unsupported","HostStateError::Unavailable","78e5fec8d9bf14e4a1d736c184f4a3fe9a669dd0ae53f83475ee137d37209a44"
"R1-3b965a133f70f8897eb4a988","crates/kernel/eliot-host-state/src/redb_store.rs","653","653","production-or-mixed","typed/HostStateError::Unavailable","UNKNOWN","UNKNOWN","Unknown","runtime availability state is not proof of missing work and is not conflated with Unsupported","HostStateError::Unavailable","78e5fec8d9bf14e4a1d736c184f4a3fe9a669dd0ae53f83475ee137d37209a44"
"R1-fd7460dab6abd11b0d2035af","crates/kernel/eliot-host-state/src/redb_store.rs","654","654","production-or-mixed","typed/HostStateError::Unavailable","UNKNOWN","UNKNOWN","Unknown","runtime availability state is not proof of missing work and is not conflated with Unsupported","HostStateError::Unavailable","78e5fec8d9bf14e4a1d736c184f4a3fe9a669dd0ae53f83475ee137d37209a44"
"R1-97b09bcbd3ca21a0a2d77379","crates/kernel/eliot-host-state/src/redb_store.rs","677","677","production-or-mixed","typed/HostStateError::Unavailable","UNKNOWN","UNKNOWN","Unknown","runtime availability state is not proof of missing work and is not conflated with Unsupported","HostStateError::Unavailable","78e5fec8d9bf14e4a1d736c184f4a3fe9a669dd0ae53f83475ee137d37209a44"
"R1-e4f91ea0a49d55c307de8afe","crates/kernel/eliot-host-state/src/redb_store.rs","687","687","production-or-mixed","typed/HostStateError::Unavailable","UNKNOWN","UNKNOWN","Unknown","runtime availability state is not proof of missing work and is not conflated with Unsupported","HostStateError::Unavailable","78e5fec8d9bf14e4a1d736c184f4a3fe9a669dd0ae53f83475ee137d37209a44"
"R1-fda81ff0766f95a3c5043ca4","crates/kernel/eliot-host-state/src/redb_store.rs","691","691","production-or-mixed","typed/HostStateError::Unavailable","UNKNOWN","UNKNOWN","Unknown","runtime availability state is not proof of missing work and is not conflated with Unsupported","HostStateError::Unavailable","78e5fec8d9bf14e4a1d736c184f4a3fe9a669dd0ae53f83475ee137d37209a44"
"R1-e41fa018aa6b0b295402b603","crates/kernel/eliot-host-state/src/redb_store.rs","697","697","production-or-mixed","typed/HostStateError::Unavailable","UNKNOWN","UNKNOWN","Unknown","runtime availability state is not proof of missing work and is not conflated with Unsupported","HostStateError::Unavailable","78e5fec8d9bf14e4a1d736c184f4a3fe9a669dd0ae53f83475ee137d37209a44"
"R1-5daa62cbb8e2b2541da52cfd","crates/kernel/eliot-host-state/src/redb_store.rs","724","724","production-or-mixed","typed/HostStateError::Unavailable","UNKNOWN","UNKNOWN","Unknown","runtime availability state is not proof of missing work and is not conflated with Unsupported","HostStateError::Unavailable","78e5fec8d9bf14e4a1d736c184f4a3fe9a669dd0ae53f83475ee137d37209a44"
"R1-77fcc671b0eb845a5f7ce7dc","crates/kernel/eliot-host-state/src/redb_store.rs","734","734","production-or-mixed","typed/HostStateError::Unavailable","UNKNOWN","UNKNOWN","Unknown","runtime availability state is not proof of missing work and is not conflated with Unsupported","HostStateError::Unavailable","78e5fec8d9bf14e4a1d736c184f4a3fe9a669dd0ae53f83475ee137d37209a44"
"R1-0fbc716c2a109ac41ae25425","crates/kernel/eliot-host-state/src/redb_store.rs","743","743","production-or-mixed","typed/HostStateError::Unavailable","UNKNOWN","UNKNOWN","Unknown","runtime availability state is not proof of missing work and is not conflated with Unsupported","HostStateError::Unavailable","78e5fec8d9bf14e4a1d736c184f4a3fe9a669dd0ae53f83475ee137d37209a44"
"R1-9465cc2e718ee9da82606e89","crates/kernel/eliot-host-state/src/redb_store.rs","749","749","production-or-mixed","typed/HostStateError::Unavailable","UNKNOWN","UNKNOWN","Unknown","runtime availability state is not proof of missing work and is not conflated with Unsupported","HostStateError::Unavailable","78e5fec8d9bf14e4a1d736c184f4a3fe9a669dd0ae53f83475ee137d37209a44"
"R1-b5ebcf90388ad4bdcab7c692","crates/kernel/eliot-host-state/src/redb_store.rs","759","759","production-or-mixed","typed/HostStateError::Unavailable","UNKNOWN","UNKNOWN","Unknown","runtime availability state is not proof of missing work and is not conflated with Unsupported","HostStateError::Unavailable","78e5fec8d9bf14e4a1d736c184f4a3fe9a669dd0ae53f83475ee137d37209a44"
"R1-7455f1ad2d6e298ecb20311f","crates/kernel/eliot-host-state/src/redb_store.rs","802","802","production-or-mixed","typed/HostStateError::Unavailable","UNKNOWN","UNKNOWN","Unknown","runtime availability state is not proof of missing work and is not conflated with Unsupported","HostStateError::Unavailable","78e5fec8d9bf14e4a1d736c184f4a3fe9a669dd0ae53f83475ee137d37209a44"
"R1-f0b23da958ee56269b52a6a6","crates/kernel/eliot-host-state/src/scm_operation_store.rs","446","446","production-or-mixed","typed/ScmOperationStoreError::Unavailable","UNKNOWN","UNKNOWN","Unknown","runtime availability state is not proof of missing work and is not conflated with Unsupported","ScmOperationStoreError::Unavailable","6cdb5d7405b47a4fed9d21da4da65c66d48310d4f0a97dd602ff74c1bb783d58"
"R1-0fdf121d7b71f5278a53e02a","crates/kernel/eliot-host-state/src/scm_operation_store.rs","649","649","production-or-mixed","typed/ScmOperationStoreError::Unavailable","UNKNOWN","UNKNOWN","Unknown","runtime availability state is not proof of missing work and is not conflated with Unsupported","ScmOperationStoreError::Unavailable","6cdb5d7405b47a4fed9d21da4da65c66d48310d4f0a97dd602ff74c1bb783d58"
"R1-a954993d62c652eb405bcc21","crates/kernel/eliot-host-state/src/scm_operation_store.rs","651","651","production-or-mixed","typed/ScmOperationStoreError::Unavailable","UNKNOWN","UNKNOWN","Unknown","runtime availability state is not proof of missing work and is not conflated with Unsupported","ScmOperationStoreError::Unavailable","6cdb5d7405b47a4fed9d21da4da65c66d48310d4f0a97dd602ff74c1bb783d58"
"R1-79a62da611255825ccbb8cb5","crates/kernel/eliot-host-state/src/scm_operation_store.rs","668","668","production-or-mixed","typed/ScmOperationStoreError::Unavailable","UNKNOWN","UNKNOWN","Unknown","runtime availability state is not proof of missing work and is not conflated with Unsupported","ScmOperationStoreError::Unavailable","6cdb5d7405b47a4fed9d21da4da65c66d48310d4f0a97dd602ff74c1bb783d58"
"R1-4df3a1c82436e81153a82c7a","crates/kernel/eliot-host-state/src/scm_operation_store.rs","695","695","production-or-mixed","typed/ScmOperationStoreError::Unavailable","UNKNOWN","UNKNOWN","Unknown","runtime availability state is not proof of missing work and is not conflated with Unsupported","ScmOperationStoreError::Unavailable","6cdb5d7405b47a4fed9d21da4da65c66d48310d4f0a97dd602ff74c1bb783d58"
"R1-7642da7e24c5db8e226ad9c0","crates/kernel/eliot-host-state/src/scm_operation_store.rs","716","716","production-or-mixed","typed/ScmOperationStoreError::Unavailable","UNKNOWN","UNKNOWN","Unknown","runtime availability state is not proof of missing work and is not conflated with Unsupported","ScmOperationStoreError::Unavailable","6cdb5d7405b47a4fed9d21da4da65c66d48310d4f0a97dd602ff74c1bb783d58"
"R1-38a333a514691b4690445e6b","crates/kernel/eliot-host-state/src/scm_operation_store.rs","736","736","production-or-mixed","typed/ScmOperationStoreError::Unavailable","UNKNOWN","UNKNOWN","Unknown","runtime availability state is not proof of missing work and is not conflated with Unsupported","ScmOperationStoreError::Unavailable","6cdb5d7405b47a4fed9d21da4da65c66d48310d4f0a97dd602ff74c1bb783d58"
"R1-1a36e864b08086a3b399152b","crates/kernel/eliot-host-state/src/scm_operation_store.rs","740","740","production-or-mixed","typed/ScmOperationStoreError::Unavailable","UNKNOWN","UNKNOWN","Unknown","runtime availability state is not proof of missing work and is not conflated with Unsupported","ScmOperationStoreError::Unavailable","6cdb5d7405b47a4fed9d21da4da65c66d48310d4f0a97dd602ff74c1bb783d58"
"R1-c0de93f6a643ad2d006c3051","crates/kernel/eliot-host-state/src/scm_operation_store.rs","743","743","production-or-mixed","typed/ScmOperationStoreError::Unavailable","UNKNOWN","UNKNOWN","Unknown","runtime availability state is not proof of missing work and is not conflated with Unsupported","ScmOperationStoreError::Unavailable","6cdb5d7405b47a4fed9d21da4da65c66d48310d4f0a97dd602ff74c1bb783d58"
"R1-c98a5731bd139cd91e994aaf","crates/kernel/eliot-host-state/src/scm_operation_store.rs","746","746","production-or-mixed","typed/ScmOperationStoreError::Unavailable","UNKNOWN","UNKNOWN","Unknown","runtime availability state is not proof of missing work and is not conflated with Unsupported","ScmOperationStoreError::Unavailable","6cdb5d7405b47a4fed9d21da4da65c66d48310d4f0a97dd602ff74c1bb783d58"
"R1-94d1619a8500d1279be1c5a0","crates/kernel/eliot-host-state/src/scm_operation_store.rs","752","752","production-or-mixed","typed/ScmOperationStoreError::Unavailable","UNKNOWN","UNKNOWN","Unknown","runtime availability state is not proof of missing work and is not conflated with Unsupported","ScmOperationStoreError::Unavailable","6cdb5d7405b47a4fed9d21da4da65c66d48310d4f0a97dd602ff74c1bb783d58"
"R1-a056a4ffeb24ed3ac9ad41f0","crates/kernel/eliot-host-state/src/scm_operation_store.rs","754","754","production-or-mixed","typed/ScmOperationStoreError::Unavailable","UNKNOWN","UNKNOWN","Unknown","runtime availability state is not proof of missing work and is not conflated with Unsupported","ScmOperationStoreError::Unavailable","6cdb5d7405b47a4fed9d21da4da65c66d48310d4f0a97dd602ff74c1bb783d58"
"R1-3c9d3693c615eca15fec5345","crates/kernel/eliot-host-state/src/scm_operation_store.rs","758","758","production-or-mixed","typed/ScmOperationStoreError::Unavailable","UNKNOWN","UNKNOWN","Unknown","runtime availability state is not proof of missing work and is not conflated with Unsupported","ScmOperationStoreError::Unavailable","6cdb5d7405b47a4fed9d21da4da65c66d48310d4f0a97dd602ff74c1bb783d58"
"R1-029c25a1aef641abd2045b7f","crates/kernel/eliot-host-state/src/scm_operation_store.rs","802","802","production-or-mixed","typed/ScmOperationStoreError::Unavailable","UNKNOWN","UNKNOWN","Unknown","runtime availability state is not proof of missing work and is not conflated with Unsupported","ScmOperationStoreError::Unavailable","6cdb5d7405b47a4fed9d21da4da65c66d48310d4f0a97dd602ff74c1bb783d58"
"R1-6d0b646f4387430d4169c164","crates/kernel/eliot-host-state/src/scm_operation_store.rs","868","868","production-or-mixed","typed/ScmOperationStoreError::Unavailable","UNKNOWN","UNKNOWN","Unknown","runtime availability state is not proof of missing work and is not conflated with Unsupported","ScmOperationStoreError::Unavailable","6cdb5d7405b47a4fed9d21da4da65c66d48310d4f0a97dd602ff74c1bb783d58"
"R1-a7935a3c63a3df3840dd1edb","crates/kernel/eliot-host-state/src/scm_operation_store.rs","872","872","production-or-mixed","typed/ScmOperationStoreError::Unavailable","UNKNOWN","UNKNOWN","Unknown","runtime availability state is not proof of missing work and is not conflated with Unsupported","ScmOperationStoreError::Unavailable","6cdb5d7405b47a4fed9d21da4da65c66d48310d4f0a97dd602ff74c1bb783d58"
"R1-dadfb0b9ae5a6d8f836fab67","crates/kernel/eliot-host-state/src/scm_operation_store.rs","877","877","production-or-mixed","typed/ScmOperationStoreError::Unavailable","UNKNOWN","UNKNOWN","Unknown","runtime availability state is not proof of missing work and is not conflated with Unsupported","ScmOperationStoreError::Unavailable","6cdb5d7405b47a4fed9d21da4da65c66d48310d4f0a97dd602ff74c1bb783d58"
"R1-dc400cbf923e55c8433eaf18","crates/kernel/eliot-host-state/src/scm_operation_store.rs","890","890","production-or-mixed","typed/ScmOperationStoreError::Unavailable","UNKNOWN","UNKNOWN","Unknown","runtime availability state is not proof of missing work and is not conflated with Unsupported","ScmOperationStoreError::Unavailable","6cdb5d7405b47a4fed9d21da4da65c66d48310d4f0a97dd602ff74c1bb783d58"
"R1-0b1fd44ca27bb4f8dde50cae","crates/kernel/eliot-host-state/src/scm_operation_store.rs","956","956","production-or-mixed","typed/ScmOperationStoreError::Unavailable","UNKNOWN","UNKNOWN","Unknown","runtime availability state is not proof of missing work and is not conflated with Unsupported","ScmOperationStoreError::Unavailable","6cdb5d7405b47a4fed9d21da4da65c66d48310d4f0a97dd602ff74c1bb783d58"
"R1-65efb334620032108e10d9dd","crates/kernel/eliot-host-state/src/scm_operation_store.rs","958","958","production-or-mixed","typed/ScmOperationStoreError::Unavailable","UNKNOWN","UNKNOWN","Unknown","runtime availability state is not proof of missing work and is not conflated with Unsupported","ScmOperationStoreError::Unavailable","6cdb5d7405b47a4fed9d21da4da65c66d48310d4f0a97dd602ff74c1bb783d58"
"R1-0578f8bd189bdcdfa0f2cd5e","crates/kernel/eliot-host-state/src/scm_operation_store.rs","961","961","production-or-mixed","typed/ScmOperationStoreError::Unavailable","UNKNOWN","UNKNOWN","Unknown","runtime availability state is not proof of missing work and is not conflated with Unsupported","ScmOperationStoreError::Unavailable","6cdb5d7405b47a4fed9d21da4da65c66d48310d4f0a97dd602ff74c1bb783d58"
"R1-ace825fb990e0c12befabc65","crates/kernel/eliot-host-state/src/scm_operation_store.rs","964","964","production-or-mixed","typed/ScmOperationStoreError::Unavailable","UNKNOWN","UNKNOWN","Unknown","runtime availability state is not proof of missing work and is not conflated with Unsupported","ScmOperationStoreError::Unavailable","6cdb5d7405b47a4fed9d21da4da65c66d48310d4f0a97dd602ff74c1bb783d58"
"R1-f5a610959a61c0c858f3448c","crates/kernel/eliot-host-state/src/scm_operation_store.rs","968","968","production-or-mixed","typed/ScmOperationStoreError::Unavailable","UNKNOWN","UNKNOWN","Unknown","runtime availability state is not proof of missing work and is not conflated with Unsupported","ScmOperationStoreError::Unavailable","6cdb5d7405b47a4fed9d21da4da65c66d48310d4f0a97dd602ff74c1bb783d58"
"R1-74c185cf7e34d2b4ec688356","crates/kernel/eliot-host-state/src/scm_operation_store.rs","998","998","production-or-mixed","typed/ScmOperationStoreError::Unavailable","UNKNOWN","UNKNOWN","Unknown","runtime availability state is not proof of missing work and is not conflated with Unsupported","ScmOperationStoreError::Unavailable","6cdb5d7405b47a4fed9d21da4da65c66d48310d4f0a97dd602ff74c1bb783d58"
"R1-1fb383cb7c21938d3b87784a","crates/kernel/eliot-host-state/src/scm_operation_store.rs","1024","1024","production-or-mixed","typed/ScmOperationStoreError::Unavailable","UNKNOWN","UNKNOWN","Unknown","runtime availability state is not proof of missing work and is not conflated with Unsupported","ScmOperationStoreError::Unavailable","6cdb5d7405b47a4fed9d21da4da65c66d48310d4f0a97dd602ff74c1bb783d58"
"R1-88a21b847c1feb28ea658ed1","crates/kernel/eliot-host-state/src/scm_operation_store.rs","1095","1095","production-or-mixed","typed/ScmOperationStoreError::Unavailable","UNKNOWN","UNKNOWN","Unknown","runtime availability state is not proof of missing work and is not conflated with Unsupported","ScmOperationStoreError::Unavailable","6cdb5d7405b47a4fed9d21da4da65c66d48310d4f0a97dd602ff74c1bb783d58"
"R1-34f5adcc6e42a32c36579cbb","crates/kernel/eliot-host-state/src/scm_operation_store.rs","1100","1100","production-or-mixed","typed/ScmOperationStoreError::Unavailable","UNKNOWN","UNKNOWN","Unknown","runtime availability state is not proof of missing work and is not conflated with Unsupported","ScmOperationStoreError::Unavailable","6cdb5d7405b47a4fed9d21da4da65c66d48310d4f0a97dd602ff74c1bb783d58"
"R1-434503873a318818118a7222","crates/kernel/eliot-host-state/src/scm_operation_store.rs","1114","1114","production-or-mixed","typed/ScmOperationStoreError::Unavailable","UNKNOWN","UNKNOWN","Unknown","runtime availability state is not proof of missing work and is not conflated with Unsupported","ScmOperationStoreError::Unavailable","6cdb5d7405b47a4fed9d21da4da65c66d48310d4f0a97dd602ff74c1bb783d58"
"R1-5dcf6cd1a55636be2338649f","crates/kernel/eliot-host-state/src/scm_operation_store.rs","1215","1215","production-or-mixed","typed/ScmOperationStoreError::Unavailable","UNKNOWN","UNKNOWN","Unknown","runtime availability state is not proof of missing work and is not conflated with Unsupported","ScmOperationStoreError::Unavailable","6cdb5d7405b47a4fed9d21da4da65c66d48310d4f0a97dd602ff74c1bb783d58"
"R1-41c226b3b4073959fb059ec4","crates/kernel/eliot-host-state/src/scm_operation_store.rs","1218","1218","production-or-mixed","typed/ScmOperationStoreError::Unavailable","UNKNOWN","UNKNOWN","Unknown","runtime availability state is not proof of missing work and is not conflated with Unsupported","ScmOperationStoreError::Unavailable","6cdb5d7405b47a4fed9d21da4da65c66d48310d4f0a97dd602ff74c1bb783d58"
"R1-86046f99a1afb99cb9bbec63","crates/kernel/eliot-host-state/src/scm_operation_store.rs","1222","1222","production-or-mixed","typed/ScmOperationStoreError::Unavailable","UNKNOWN","UNKNOWN","Unknown","runtime availability state is not proof of missing work and is not conflated with Unsupported","ScmOperationStoreError::Unavailable","6cdb5d7405b47a4fed9d21da4da65c66d48310d4f0a97dd602ff74c1bb783d58"
"R1-db23a10d857845b80711f226","crates/kernel/eliot-host-state/src/scm_operation_store.rs","1266","1266","production-or-mixed","typed/ScmOperationStoreError::Unavailable","UNKNOWN","UNKNOWN","Unknown","runtime availability state is not proof of missing work and is not conflated with Unsupported","ScmOperationStoreError::Unavailable","6cdb5d7405b47a4fed9d21da4da65c66d48310d4f0a97dd602ff74c1bb783d58"
"R1-f8be7138fbe1b2f194027904","crates/kernel/eliot-host-state/src/scm_operation_store.rs","1271","1271","production-or-mixed","typed/ScmOperationStoreError::Unavailable","UNKNOWN","UNKNOWN","Unknown","runtime availability state is not proof of missing work and is not conflated with Unsupported","ScmOperationStoreError::Unavailable","6cdb5d7405b47a4fed9d21da4da65c66d48310d4f0a97dd602ff74c1bb783d58"
"R1-99dc387884859270b2846def","crates/kernel/eliot-host-state/src/scm_operation_store.rs","1285","1285","production-or-mixed","typed/ScmOperationStoreError::Unavailable","UNKNOWN","UNKNOWN","Unknown","runtime availability state is not proof of missing work and is not conflated with Unsupported","ScmOperationStoreError::Unavailable","6cdb5d7405b47a4fed9d21da4da65c66d48310d4f0a97dd602ff74c1bb783d58"
"R1-a6c4b7a0c8a5845323538cfe","crates/kernel/eliot-host-state/src/scm_operation_store.rs","1368","1368","production-or-mixed","typed/ScmOperationStoreError::Unavailable","UNKNOWN","UNKNOWN","Unknown","runtime availability state is not proof of missing work and is not conflated with Unsupported","ScmOperationStoreError::Unavailable","6cdb5d7405b47a4fed9d21da4da65c66d48310d4f0a97dd602ff74c1bb783d58"
"R1-2c5fe35d0de4cc983cd9684d","crates/kernel/eliot-host-state/src/scm_operation_store.rs","1371","1371","production-or-mixed","typed/ScmOperationStoreError::Unavailable","UNKNOWN","UNKNOWN","Unknown","runtime availability state is not proof of missing work and is not conflated with Unsupported","ScmOperationStoreError::Unavailable","6cdb5d7405b47a4fed9d21da4da65c66d48310d4f0a97dd602ff74c1bb783d58"
"R1-becdd7734d63effd3e595348","crates/kernel/eliot-host-state/src/scm_operation_store.rs","1375","1375","production-or-mixed","typed/ScmOperationStoreError::Unavailable","UNKNOWN","UNKNOWN","Unknown","runtime availability state is not proof of missing work and is not conflated with Unsupported","ScmOperationStoreError::Unavailable","6cdb5d7405b47a4fed9d21da4da65c66d48310d4f0a97dd602ff74c1bb783d58"
"R1-658ff39046f8cc951b431c61","crates/kernel/eliot-host-state/src/tests.rs","1091","1091","test-only","typed/FaultPoint::PlanGap","UNKNOWN","UNKNOWN","Unimplemented","PlanGap is a missing-work contract, never Designed","FaultPoint::PlanGap","8f931a7cccea02d1837fe68e48c35eca24cd3d2541f591e09fa34586a5d01841"
"R1-9a23ac0e1ae4afc2ab0034a6","crates/kernel/eliot-installation/src/lib.rs","8561","8561","production-or-mixed","typed/UnknownReason::Unsupported","UNKNOWN","UNKNOWN","Unknown","Unsupported constructor lacks platform/profile evidence; conservative Unknown","UnknownReason::Unsupported","58d8ca17bb47d251ad32b74072a1f84392c97009e80b6d6a7131323a010684b7"
"R1-a3893bef8ee08cb0e1608f5b","crates/kernel/eliot-installation/src/lib.rs","8571","8571","production-or-mixed","typed/UnknownReason::Unsupported","UNKNOWN","UNKNOWN","Unknown","Unsupported constructor lacks platform/profile evidence; conservative Unknown","UnknownReason::Unsupported","58d8ca17bb47d251ad32b74072a1f84392c97009e80b6d6a7131323a010684b7"
"R1-0fc97aa0c67a725630597839","crates/kernel/eliot-installation/src/lib.rs","8581","8581","production-or-mixed","typed/UnknownReason::Unsupported","UNKNOWN","UNKNOWN","Unknown","Unsupported constructor lacks platform/profile evidence; conservative Unknown","UnknownReason::Unsupported","58d8ca17bb47d251ad32b74072a1f84392c97009e80b6d6a7131323a010684b7"
"R1-eb8507df1a11824155f6bae4","crates/kernel/eliot-installation/src/lib.rs","8590","8590","production-or-mixed","typed/UnknownReason::Unsupported","UNKNOWN","UNKNOWN","Unknown","Unsupported constructor lacks platform/profile evidence; conservative Unknown","UnknownReason::Unsupported","58d8ca17bb47d251ad32b74072a1f84392c97009e80b6d6a7131323a010684b7"
"R1-747ff9cd9840069702da0a41","crates/kernel/eliot-installation/src/lib.rs","8604","8604","production-or-mixed","typed/UnknownReason::Unsupported","UNKNOWN","UNKNOWN","Unknown","Unsupported constructor lacks platform/profile evidence; conservative Unknown","UnknownReason::Unsupported","58d8ca17bb47d251ad32b74072a1f84392c97009e80b6d6a7131323a010684b7"
"R1-51825cff1c46ab5d79219c53","crates/kernel/eliot-installation/src/lib.rs","8621","8621","production-or-mixed","typed/UnknownReason::Unsupported","UNKNOWN","UNKNOWN","Unknown","Unsupported constructor lacks platform/profile evidence; conservative Unknown","UnknownReason::Unsupported","58d8ca17bb47d251ad32b74072a1f84392c97009e80b6d6a7131323a010684b7"
"R1-d67a69508cca36eba90ca883","crates/kernel/eliot-installation/src/lib.rs","8629","8629","production-or-mixed","typed/UnknownReason::Unsupported","UNKNOWN","UNKNOWN","Unknown","Unsupported constructor lacks platform/profile evidence; conservative Unknown","UnknownReason::Unsupported","58d8ca17bb47d251ad32b74072a1f84392c97009e80b6d6a7131323a010684b7"
"R1-7c6ff39b30d795fa52d55891","crates/kernel/eliot-installation/src/lib.rs","10028","10028","production-or-mixed","typed/ProviderErrorCode::Unavailable","UNKNOWN","UNKNOWN","Unknown","runtime availability state is not proof of missing work and is not conflated with Unsupported","ProviderErrorCode::Unavailable","58d8ca17bb47d251ad32b74072a1f84392c97009e80b6d6a7131323a010684b7"
"R1-d499a59a012aff8c6797e500","crates/kernel/eliot-installation/src/lib.rs","10088","10088","production-or-mixed","typed/ProviderErrorCode::Unavailable","UNKNOWN","UNKNOWN","Unknown","runtime availability state is not proof of missing work and is not conflated with Unsupported","ProviderErrorCode::Unavailable","58d8ca17bb47d251ad32b74072a1f84392c97009e80b6d6a7131323a010684b7"
"R1-91e831bf28800726ed18046f","crates/kernel/eliot-installation/src/lib.rs","11537","11537","production-or-mixed","typed/ProviderErrorCode::Unavailable","UNKNOWN","UNKNOWN","Unknown","runtime availability state is not proof of missing work and is not conflated with Unsupported","ProviderErrorCode::Unavailable","58d8ca17bb47d251ad32b74072a1f84392c97009e80b6d6a7131323a010684b7"
"R1-97a91c82477e110ae1ecf3f2","crates/kernel/eliot-installation/src/lib.rs","11567","11567","production-or-mixed","typed/ProviderErrorCode::Unavailable","UNKNOWN","UNKNOWN","Unknown","runtime availability state is not proof of missing work and is not conflated with Unsupported","ProviderErrorCode::Unavailable","58d8ca17bb47d251ad32b74072a1f84392c97009e80b6d6a7131323a010684b7"
"R1-a3a77ee971ac04ced07c0ea8","crates/kernel/eliot-installation/src/lib.rs","11581","11581","production-or-mixed","typed/ProviderErrorCode::Unavailable","UNKNOWN","UNKNOWN","Unknown","runtime availability state is not proof of missing work and is not conflated with Unsupported","ProviderErrorCode::Unavailable","58d8ca17bb47d251ad32b74072a1f84392c97009e80b6d6a7131323a010684b7"
"R1-5e8e8cecd7eb535b48a3657b","crates/kernel/eliot-installation/src/lib.rs","11591","11591","production-or-mixed","typed/ProviderErrorCode::Unavailable","UNKNOWN","UNKNOWN","Unknown","runtime availability state is not proof of missing work and is not conflated with Unsupported","ProviderErrorCode::Unavailable","58d8ca17bb47d251ad32b74072a1f84392c97009e80b6d6a7131323a010684b7"
"R1-b4ac49902f8ce001e11018e5","crates/kernel/eliot-installation/src/tests.rs","871","871","test-only","typed/PackageStagingError::UnsupportedPlatform","UNKNOWN","UNKNOWN","Designed","intentional unsupported platform/profile or capability refusal; evidence=variant-name","PackageStagingError::UnsupportedPlatform","fc150766b7fbdf54a50acdfd8773d91fb7fd9b0dad3c528d415fafea2447a9e1"
"R1-12ccfd12fbc68e1abb3dc9fb","crates/kernel/eliot-installation/src/tests.rs","872","872","test-only","typed/ProviderErrorCode::Unavailable","UNKNOWN","UNKNOWN","Unknown","runtime availability state is not proof of missing work and is not conflated with Unsupported","ProviderErrorCode::Unavailable","fc150766b7fbdf54a50acdfd8773d91fb7fd9b0dad3c528d415fafea2447a9e1"
"R1-fad5e5f71bcf31481414e946","crates/kernel/eliot-ipc/src/lib.rs","335","338","production-or-mixed","typed/TransportError::PlanGap","UNKNOWN","UNKNOWN","Unimplemented","PlanGap is a missing-work contract, never Designed","TransportError::PlanGap { dependency: ""eliot-platform-windows"", reason: ""handle-bound SID/ACL/impersonation/session proof is not composed"", }","e92bc80148e7d4f1a2cf31a1e4cf18e6444d75bea5945f3967cd7fc680180d02"
"R1-960be169fe0c34190e440fd2","crates/kernel/eliot-ipc/src/lib.rs","1863","1865","production-or-mixed","typed/PeerIdentity::Unavailable","UNKNOWN","UNKNOWN","Unknown","runtime availability state is not proof of missing work and is not conflated with Unsupported","PeerIdentity::Unavailable { reason: PeerIdentityUnavailable::ProviderProofNotComposed, }","e92bc80148e7d4f1a2cf31a1e4cf18e6444d75bea5945f3967cd7fc680180d02"
"R1-f5d74a5c37a8e9b57b8c89a2","crates/kernel/eliot-ipc/src/lib.rs","1887","1889","production-or-mixed","typed/PeerIdentity::Unavailable","UNKNOWN","UNKNOWN","Unknown","runtime availability state is not proof of missing work and is not conflated with Unsupported","PeerIdentity::Unavailable { reason: PeerIdentityUnavailable::ProviderProofNotComposed, }","e92bc80148e7d4f1a2cf31a1e4cf18e6444d75bea5945f3967cd7fc680180d02"
"R1-0bd2dee316b473e73dd5e510","crates/kernel/eliot-ipc/src/lib.rs","2276","2278","production-or-mixed","typed/PeerIdentity::Unavailable","UNKNOWN","UNKNOWN","Unknown","runtime availability state is not proof of missing work and is not conflated with Unsupported","PeerIdentity::Unavailable { reason: PeerIdentityUnavailable::ProviderProofNotComposed, }","e92bc80148e7d4f1a2cf31a1e4cf18e6444d75bea5945f3967cd7fc680180d02"
"R1-a1cae761b31806cb278028e1","crates/kernel/eliot-ipc/src/lib.rs","2588","2590","test-only","typed/PeerIdentity::Unavailable","UNKNOWN","UNKNOWN","Unknown","runtime availability state is not proof of missing work and is not conflated with Unsupported","PeerIdentity::Unavailable { reason: PeerIdentityUnavailable::ProviderProofNotComposed, }","e92bc80148e7d4f1a2cf31a1e4cf18e6444d75bea5945f3967cd7fc680180d02"
"R1-2dfef1315fa9c86bbbc05057","crates/kernel/eliot-ipc/src/lib.rs","2846","2848","test-only","typed/PeerIdentity::Unavailable","UNKNOWN","UNKNOWN","Unknown","runtime availability state is not proof of missing work and is not conflated with Unsupported","PeerIdentity::Unavailable { reason: PeerIdentityUnavailable::ProviderProofNotComposed, }","e92bc80148e7d4f1a2cf31a1e4cf18e6444d75bea5945f3967cd7fc680180d02"
"R1-ab23454fb9c2f153a54acc61","crates/kernel/eliot-kernel-service/src/store_client.rs","283","283","production-or-mixed","typed/StoreError::Unavailable","UNKNOWN","UNKNOWN","Unknown","runtime availability state is not proof of missing work and is not conflated with Unsupported","StoreError::Unavailable","da6b4de68c7b1cb4919910c9a9a5df781c4b7ef37a273803a2f4458c251ea7f1"
"R1-cdbf8c5692b5e3d4a93b0f78","crates/kernel/eliot-kernel-service/src/store_client.rs","417","417","production-or-mixed","typed/StoreError::Unavailable","UNKNOWN","UNKNOWN","Unknown","runtime availability state is not proof of missing work and is not conflated with Unsupported","StoreError::Unavailable","da6b4de68c7b1cb4919910c9a9a5df781c4b7ef37a273803a2f4458c251ea7f1"
"R1-86feefbeac267a9b5241f7e0","crates/kernel/eliot-kernel-service/src/store_client.rs","590","590","production-or-mixed","typed/StoreError::Unavailable","UNKNOWN","UNKNOWN","Unknown","runtime availability state is not proof of missing work and is not conflated with Unsupported","StoreError::Unavailable","da6b4de68c7b1cb4919910c9a9a5df781c4b7ef37a273803a2f4458c251ea7f1"
"R1-fdf39704ea3bdba1f8fc9530","crates/kernel/eliot-kernel-service/src/store_client.rs","1380","1380","test-only","typed/SnapshotFault::Unavailable","UNKNOWN","UNKNOWN","Unknown","runtime availability state is not proof of missing work and is not conflated with Unsupported","SnapshotFault::Unavailable","da6b4de68c7b1cb4919910c9a9a5df781c4b7ef37a273803a2f4458c251ea7f1"
"R1-dc950b6ea6a07a4c4ca26a82","crates/kernel/eliot-platform-windows/src/installer_authority_key.rs","354","354","production-or-mixed","typed/InstallationAuthorityKeyError::UnsupportedPlatform","UNKNOWN","UNKNOWN","Designed","intentional unsupported platform/profile or capability refusal; evidence=variant-name","InstallationAuthorityKeyError::UnsupportedPlatform","ceb455677e52da4a5528dbb150543d79d4d80f5c8736dc0cff9dee68f31afb46"
"R1-11934940545c6fca26f33bd0","crates/kernel/eliot-platform-windows/src/installer_authority_key.rs","422","422","production-or-mixed","typed/InstallationAuthorityKeyError::UnsupportedPlatform","UNKNOWN","UNKNOWN","Designed","intentional unsupported platform/profile or capability refusal; evidence=variant-name","InstallationAuthorityKeyError::UnsupportedPlatform","ceb455677e52da4a5528dbb150543d79d4d80f5c8736dc0cff9dee68f31afb46"
"R1-ced3cb830c34fac480160080","crates/kernel/eliot-platform-windows/src/installer_authority_key.rs","460","460","production-or-mixed","typed/InstallationAuthorityKeyError::UnsupportedPlatform","UNKNOWN","UNKNOWN","Designed","intentional unsupported platform/profile or capability refusal; evidence=variant-name","InstallationAuthorityKeyError::UnsupportedPlatform","ceb455677e52da4a5528dbb150543d79d4d80f5c8736dc0cff9dee68f31afb46"
"R1-58cfc3dcab9a6a4f1d6b8f78","crates/kernel/eliot-platform-windows/src/installer_authority_key.rs","557","557","production-or-mixed","typed/InstallationAuthorityKeyError::UnsupportedPlatform","UNKNOWN","UNKNOWN","Designed","intentional unsupported platform/profile or capability refusal; evidence=variant-name","InstallationAuthorityKeyError::UnsupportedPlatform","ceb455677e52da4a5528dbb150543d79d4d80f5c8736dc0cff9dee68f31afb46"
"R1-414851dfa436af78876e3f63","crates/kernel/eliot-platform-windows/src/installer_authority_key.rs","595","595","production-or-mixed","typed/InstallationAuthorityKeyError::UnsupportedPlatform","UNKNOWN","UNKNOWN","Designed","intentional unsupported platform/profile or capability refusal; evidence=variant-name","InstallationAuthorityKeyError::UnsupportedPlatform","ceb455677e52da4a5528dbb150543d79d4d80f5c8736dc0cff9dee68f31afb46"
"R1-567fcaa3e9d65e4639e92832","crates/kernel/eliot-platform-windows/src/installer_authority_key.rs","611","611","production-or-mixed","typed/InstallationAuthorityKeyError::UnsupportedPlatform","UNKNOWN","UNKNOWN","Designed","intentional unsupported platform/profile or capability refusal; evidence=variant-name","InstallationAuthorityKeyError::UnsupportedPlatform","ceb455677e52da4a5528dbb150543d79d4d80f5c8736dc0cff9dee68f31afb46"
"R1-30787c0c34d7eb1c953cddaf","crates/kernel/eliot-platform-windows/src/installer_root.rs","1001","1001","production-or-mixed","typed/InstallerRootError::UnsupportedPlatform","UNKNOWN","UNKNOWN","Designed","intentional unsupported platform/profile or capability refusal; evidence=variant-name","InstallerRootError::UnsupportedPlatform","67e17a91fb3a540371215e849954bc76faa6a07009aa9553f8eb01f5a658a029"
"R1-57abd30961caf4c8fe4310ef","crates/kernel/eliot-platform-windows/src/installer_root.rs","1109","1109","production-or-mixed","typed/InstallerRootError::UnsupportedPlatform","UNKNOWN","UNKNOWN","Designed","intentional unsupported platform/profile or capability refusal; evidence=variant-name","InstallerRootError::UnsupportedPlatform","67e17a91fb3a540371215e849954bc76faa6a07009aa9553f8eb01f5a658a029"
"R1-901e82b65238fa93860e0714","crates/kernel/eliot-platform-windows/src/installer_root.rs","1638","1638","production-or-mixed","typed/InstallerRootError::UnsupportedPlatform","UNKNOWN","UNKNOWN","Designed","intentional unsupported platform/profile or capability refusal; evidence=variant-name","InstallerRootError::UnsupportedPlatform","67e17a91fb3a540371215e849954bc76faa6a07009aa9553f8eb01f5a658a029"
"R1-3dd7facbe6ce3b369f340f49","crates/kernel/eliot-platform-windows/src/installer_root.rs","1694","1694","production-or-mixed","typed/InstallerRootError::UnsupportedPlatform","UNKNOWN","UNKNOWN","Designed","intentional unsupported platform/profile or capability refusal; evidence=variant-name","InstallerRootError::UnsupportedPlatform","67e17a91fb3a540371215e849954bc76faa6a07009aa9553f8eb01f5a658a029"
"R1-74454d8dd8b83195ae18a347","crates/kernel/eliot-platform-windows/src/installer_root.rs","1769","1769","production-or-mixed","typed/InstallerRootError::UnsupportedPlatform","UNKNOWN","UNKNOWN","Designed","intentional unsupported platform/profile or capability refusal; evidence=variant-name","InstallerRootError::UnsupportedPlatform","67e17a91fb3a540371215e849954bc76faa6a07009aa9553f8eb01f5a658a029"
"R1-ecf2752f784623ea4aa3263a","crates/kernel/eliot-platform-windows/src/installer_root.rs","1830","1830","production-or-mixed","typed/InstallerRootError::UnsupportedPlatform","UNKNOWN","UNKNOWN","Designed","intentional unsupported platform/profile or capability refusal; evidence=variant-name","InstallerRootError::UnsupportedPlatform","67e17a91fb3a540371215e849954bc76faa6a07009aa9553f8eb01f5a658a029"
"R1-f7e661241d6be9cc994e0858","crates/kernel/eliot-platform-windows/src/installer_root.rs","1838","1838","production-or-mixed","typed/InstallerRootError::UnsupportedPlatform","UNKNOWN","UNKNOWN","Designed","intentional unsupported platform/profile or capability refusal; evidence=variant-name","InstallerRootError::UnsupportedPlatform","67e17a91fb3a540371215e849954bc76faa6a07009aa9553f8eb01f5a658a029"
"R1-e43673c19973a64fa3f11748","crates/kernel/eliot-platform-windows/src/installer_root.rs","2073","2073","production-or-mixed","typed/InstallerRootError::UnsupportedPlatform","UNKNOWN","UNKNOWN","Designed","intentional unsupported platform/profile or capability refusal; evidence=variant-name","InstallerRootError::UnsupportedPlatform","67e17a91fb3a540371215e849954bc76faa6a07009aa9553f8eb01f5a658a029"
"R1-a4ecbaf6a7f2f78755e7599e","crates/kernel/eliot-platform-windows/src/installer_root.rs","2096","2096","production-or-mixed","typed/InstallerRootError::UnsupportedPlatform","UNKNOWN","UNKNOWN","Designed","intentional unsupported platform/profile or capability refusal; evidence=variant-name","InstallerRootError::UnsupportedPlatform","67e17a91fb3a540371215e849954bc76faa6a07009aa9553f8eb01f5a658a029"
"R1-b00622bc5734f3b1a4bb6ad0","crates/kernel/eliot-platform-windows/src/installer_root.rs","2104","2104","production-or-mixed","typed/InstallerRootError::UnsupportedPlatform","UNKNOWN","UNKNOWN","Designed","intentional unsupported platform/profile or capability refusal; evidence=variant-name","InstallerRootError::UnsupportedPlatform","67e17a91fb3a540371215e849954bc76faa6a07009aa9553f8eb01f5a658a029"
"R1-16156423f79141fd6d214222","crates/kernel/eliot-platform-windows/src/installer_root.rs","2173","2173","production-or-mixed","typed/InstallerRootError::UnsupportedPlatform","UNKNOWN","UNKNOWN","Designed","intentional unsupported platform/profile or capability refusal; evidence=variant-name","InstallerRootError::UnsupportedPlatform","67e17a91fb3a540371215e849954bc76faa6a07009aa9553f8eb01f5a658a029"
"R1-4698b6aa97be2820a6477030","crates/kernel/eliot-platform-windows/src/installer_root.rs","2181","2181","production-or-mixed","typed/InstallerRootError::UnsupportedPlatform","UNKNOWN","UNKNOWN","Designed","intentional unsupported platform/profile or capability refusal; evidence=variant-name","InstallerRootError::UnsupportedPlatform","67e17a91fb3a540371215e849954bc76faa6a07009aa9553f8eb01f5a658a029"
"R1-6a14ee9fc0b1465bd21def15","crates/kernel/eliot-platform-windows/src/installer_root.rs","2239","2239","production-or-mixed","typed/InstallerRootError::UnsupportedPlatform","UNKNOWN","UNKNOWN","Designed","intentional unsupported platform/profile or capability refusal; evidence=variant-name","InstallerRootError::UnsupportedPlatform","67e17a91fb3a540371215e849954bc76faa6a07009aa9553f8eb01f5a658a029"
"R1-488833f85e4f5e7f2781d5cb","crates/kernel/eliot-platform-windows/src/installer_root.rs","2426","2426","production-or-mixed","typed/InstallerRootError::UnsupportedPlatform","UNKNOWN","UNKNOWN","Designed","intentional unsupported platform/profile or capability refusal; evidence=variant-name","InstallerRootError::UnsupportedPlatform","67e17a91fb3a540371215e849954bc76faa6a07009aa9553f8eb01f5a658a029"
"R1-e865a017230c47e2dd952ca6","crates/kernel/eliot-platform-windows/src/installer_root.rs","2464","2464","production-or-mixed","typed/InstallerRootError::UnsupportedPlatform","UNKNOWN","UNKNOWN","Designed","intentional unsupported platform/profile or capability refusal; evidence=variant-name","InstallerRootError::UnsupportedPlatform","67e17a91fb3a540371215e849954bc76faa6a07009aa9553f8eb01f5a658a029"
"R1-e4e630a5163c8fee84df6816","crates/kernel/eliot-platform-windows/src/lib.rs","511","511","production-or-mixed","typed/ProtectedPathError::UnsupportedPlatform","UNKNOWN","UNKNOWN","Designed","intentional unsupported platform/profile or capability refusal; evidence=variant-name","ProtectedPathError::UnsupportedPlatform","f355974e1a4e34ab56daa7ab0ec8639601238469d77481447c266d3c8b01eacf"
"R1-c2e9be9d1001977b984a2745","crates/kernel/eliot-platform-windows/src/lib.rs","632","632","production-or-mixed","typed/ProtectedPathError::UnsupportedPlatform","UNKNOWN","UNKNOWN","Designed","intentional unsupported platform/profile or capability refusal; evidence=variant-name","ProtectedPathError::UnsupportedPlatform","f355974e1a4e34ab56daa7ab0ec8639601238469d77481447c266d3c8b01eacf"
"R1-7136e08083f867107eb14b5c","crates/kernel/eliot-platform-windows/src/lib.rs","719","719","production-or-mixed","typed/ProtectedPathError::UnsupportedPlatform","UNKNOWN","UNKNOWN","Designed","intentional unsupported platform/profile or capability refusal; evidence=variant-name","ProtectedPathError::UnsupportedPlatform","f355974e1a4e34ab56daa7ab0ec8639601238469d77481447c266d3c8b01eacf"
"R1-2f0a4fcbcd3baa51337edfd2","crates/kernel/eliot-platform-windows/src/lib.rs","872","872","production-or-mixed","typed/ProtectedPathError::UnsupportedPlatform","UNKNOWN","UNKNOWN","Designed","intentional unsupported platform/profile or capability refusal; evidence=variant-name","ProtectedPathError::UnsupportedPlatform","f355974e1a4e34ab56daa7ab0ec8639601238469d77481447c266d3c8b01eacf"
"R1-edac646a2a93a94061b5346e","crates/kernel/eliot-platform-windows/src/lib.rs","897","897","production-or-mixed","typed/ProtectedPathError::UnsupportedPlatform","UNKNOWN","UNKNOWN","Designed","intentional unsupported platform/profile or capability refusal; evidence=variant-name","ProtectedPathError::UnsupportedPlatform","f355974e1a4e34ab56daa7ab0ec8639601238469d77481447c266d3c8b01eacf"
"R1-f7a240c2069d54146726d464","crates/kernel/eliot-platform-windows/src/lib.rs","930","930","production-or-mixed","typed/ProtectedPathError::UnsupportedPlatform","UNKNOWN","UNKNOWN","Designed","intentional unsupported platform/profile or capability refusal; evidence=variant-name","ProtectedPathError::UnsupportedPlatform","f355974e1a4e34ab56daa7ab0ec8639601238469d77481447c266d3c8b01eacf"
"R1-0b7226bb5e52460ae545deb0","crates/kernel/eliot-platform-windows/src/lib.rs","1012","1012","production-or-mixed","typed/ProtectedPathError::UnsupportedPlatform","UNKNOWN","UNKNOWN","Designed","intentional unsupported platform/profile or capability refusal; evidence=variant-name","ProtectedPathError::UnsupportedPlatform","f355974e1a4e34ab56daa7ab0ec8639601238469d77481447c266d3c8b01eacf"
"R1-fdf3012050bd5153de156ee2","crates/kernel/eliot-platform-windows/src/lib.rs","1035","1035","production-or-mixed","typed/ProtectedPathError::UnsupportedPlatform","UNKNOWN","UNKNOWN","Designed","intentional unsupported platform/profile or capability refusal; evidence=variant-name","ProtectedPathError::UnsupportedPlatform","f355974e1a4e34ab56daa7ab0ec8639601238469d77481447c266d3c8b01eacf"
"R1-c3a3660e7d382ef2a2483930","crates/kernel/eliot-platform-windows/src/lib.rs","1059","1059","production-or-mixed","typed/ProtectedPathError::UnsupportedPlatform","UNKNOWN","UNKNOWN","Designed","intentional unsupported platform/profile or capability refusal; evidence=variant-name","ProtectedPathError::UnsupportedPlatform","f355974e1a4e34ab56daa7ab0ec8639601238469d77481447c266d3c8b01eacf"
"R1-196979d7ea34156d517978ee","crates/kernel/eliot-platform-windows/src/lib.rs","1091","1091","production-or-mixed","typed/ProtectedPathError::UnsupportedPlatform","UNKNOWN","UNKNOWN","Designed","intentional unsupported platform/profile or capability refusal; evidence=variant-name","ProtectedPathError::UnsupportedPlatform","f355974e1a4e34ab56daa7ab0ec8639601238469d77481447c266d3c8b01eacf"
"R1-0abc4bea92f39d1f0a0d2df9","crates/kernel/eliot-platform-windows/src/lib.rs","1107","1107","production-or-mixed","typed/ProtectedPathError::UnsupportedPlatform","UNKNOWN","UNKNOWN","Designed","intentional unsupported platform/profile or capability refusal; evidence=variant-name","ProtectedPathError::UnsupportedPlatform","f355974e1a4e34ab56daa7ab0ec8639601238469d77481447c266d3c8b01eacf"
"R1-06e5b014e021f0f577ea15ce","crates/kernel/eliot-platform-windows/src/lib.rs","1265","1265","production-or-mixed","typed/ProtectedPathError::UnsupportedPlatform","UNKNOWN","UNKNOWN","Designed","intentional unsupported platform/profile or capability refusal; evidence=variant-name","ProtectedPathError::UnsupportedPlatform","f355974e1a4e34ab56daa7ab0ec8639601238469d77481447c266d3c8b01eacf"
"R1-1fb541ad6eb2b70a03b13b22","crates/kernel/eliot-platform-windows/src/lib.rs","1299","1299","production-or-mixed","typed/ProtectedPathError::UnsupportedPlatform","UNKNOWN","UNKNOWN","Designed","intentional unsupported platform/profile or capability refusal; evidence=variant-name","ProtectedPathError::UnsupportedPlatform","f355974e1a4e34ab56daa7ab0ec8639601238469d77481447c266d3c8b01eacf"
"R1-1c118fa4b5e97921b70763c2","crates/kernel/eliot-platform-windows/src/lib.rs","1321","1321","production-or-mixed","typed/ProtectedPathError::UnsupportedPlatform","UNKNOWN","UNKNOWN","Designed","intentional unsupported platform/profile or capability refusal; evidence=variant-name","ProtectedPathError::UnsupportedPlatform","f355974e1a4e34ab56daa7ab0ec8639601238469d77481447c266d3c8b01eacf"
"R1-554f14b2f901ef7561c0291c","crates/kernel/eliot-platform-windows/src/lib.rs","1352","1352","production-or-mixed","typed/ProtectedPathError::UnsupportedPlatform","UNKNOWN","UNKNOWN","Designed","intentional unsupported platform/profile or capability refusal; evidence=variant-name","ProtectedPathError::UnsupportedPlatform","f355974e1a4e34ab56daa7ab0ec8639601238469d77481447c266d3c8b01eacf"
"R1-a7b92a478be714793180ab51","crates/kernel/eliot-platform-windows/src/lib.rs","1589","1589","production-or-mixed","typed/ProtectedPathError::UnsupportedPlatform","UNKNOWN","UNKNOWN","Designed","intentional unsupported platform/profile or capability refusal; evidence=variant-name","ProtectedPathError::UnsupportedPlatform","f355974e1a4e34ab56daa7ab0ec8639601238469d77481447c266d3c8b01eacf"
"R1-96dd47679086dd795bafde9b","crates/kernel/eliot-platform-windows/src/lib.rs","1618","1618","production-or-mixed","typed/ProtectedPathError::UnsupportedPlatform","UNKNOWN","UNKNOWN","Designed","intentional unsupported platform/profile or capability refusal; evidence=variant-name","ProtectedPathError::UnsupportedPlatform","f355974e1a4e34ab56daa7ab0ec8639601238469d77481447c266d3c8b01eacf"
"R1-8e88257103457549a9456e5c","crates/kernel/eliot-platform-windows/src/lib.rs","1640","1640","production-or-mixed","typed/ProtectedPathError::UnsupportedPlatform","UNKNOWN","UNKNOWN","Designed","intentional unsupported platform/profile or capability refusal; evidence=variant-name","ProtectedPathError::UnsupportedPlatform","f355974e1a4e34ab56daa7ab0ec8639601238469d77481447c266d3c8b01eacf"
"R1-8fc464d5dd0e5505346b8f44","crates/kernel/eliot-platform-windows/src/lib.rs","1685","1685","production-or-mixed","typed/ProtectedPathError::UnsupportedPlatform","UNKNOWN","UNKNOWN","Designed","intentional unsupported platform/profile or capability refusal; evidence=variant-name","ProtectedPathError::UnsupportedPlatform","f355974e1a4e34ab56daa7ab0ec8639601238469d77481447c266d3c8b01eacf"
"R1-ee14e742333bd71a7c2bcad1","crates/kernel/eliot-platform-windows/src/lib.rs","1720","1720","production-or-mixed","typed/ProtectedPathError::UnsupportedPlatform","UNKNOWN","UNKNOWN","Designed","intentional unsupported platform/profile or capability refusal; evidence=variant-name","ProtectedPathError::UnsupportedPlatform","f355974e1a4e34ab56daa7ab0ec8639601238469d77481447c266d3c8b01eacf"
"R1-5f47d96ae7cfffb3260eab8e","crates/kernel/eliot-platform-windows/src/lib.rs","1741","1741","production-or-mixed","typed/ProtectedPathError::UnsupportedPlatform","UNKNOWN","UNKNOWN","Designed","intentional unsupported platform/profile or capability refusal; evidence=variant-name","ProtectedPathError::UnsupportedPlatform","f355974e1a4e34ab56daa7ab0ec8639601238469d77481447c266d3c8b01eacf"
"R1-f163f32bbe049cdd1b02ddbc","crates/kernel/eliot-platform-windows/src/lib.rs","1776","1776","production-or-mixed","typed/ProtectedPathError::UnsupportedPlatform","UNKNOWN","UNKNOWN","Designed","intentional unsupported platform/profile or capability refusal; evidence=variant-name","ProtectedPathError::UnsupportedPlatform","f355974e1a4e34ab56daa7ab0ec8639601238469d77481447c266d3c8b01eacf"
"R1-2d8b1472377c8460a3491784","crates/kernel/eliot-platform-windows/src/lib.rs","1850","1850","production-or-mixed","typed/ProtectedPathError::UnsupportedPlatform","UNKNOWN","UNKNOWN","Designed","intentional unsupported platform/profile or capability refusal; evidence=variant-name","ProtectedPathError::UnsupportedPlatform","f355974e1a4e34ab56daa7ab0ec8639601238469d77481447c266d3c8b01eacf"
"R1-6666ee76a93f3674fdbf96d1","crates/kernel/eliot-platform-windows/src/lib.rs","1889","1889","production-or-mixed","typed/ProtectedPathError::UnsupportedPlatform","UNKNOWN","UNKNOWN","Designed","intentional unsupported platform/profile or capability refusal; evidence=variant-name","ProtectedPathError::UnsupportedPlatform","f355974e1a4e34ab56daa7ab0ec8639601238469d77481447c266d3c8b01eacf"
"R1-791e2437d80edc233afa9bc9","crates/kernel/eliot-platform-windows/src/lib.rs","1910","1910","production-or-mixed","typed/ProtectedPathError::UnsupportedPlatform","UNKNOWN","UNKNOWN","Designed","intentional unsupported platform/profile or capability refusal; evidence=variant-name","ProtectedPathError::UnsupportedPlatform","f355974e1a4e34ab56daa7ab0ec8639601238469d77481447c266d3c8b01eacf"
"R1-e223975b07813710926b6c97","crates/kernel/eliot-platform-windows/src/lib.rs","1940","1940","production-or-mixed","typed/ProtectedPathError::UnsupportedPlatform","UNKNOWN","UNKNOWN","Designed","intentional unsupported platform/profile or capability refusal; evidence=variant-name","ProtectedPathError::UnsupportedPlatform","f355974e1a4e34ab56daa7ab0ec8639601238469d77481447c266d3c8b01eacf"
"R1-8fa64a437508badf7557b9ab","crates/kernel/eliot-platform-windows/src/lib.rs","1997","1997","production-or-mixed","typed/ProtectedPathError::UnsupportedPlatform","UNKNOWN","UNKNOWN","Designed","intentional unsupported platform/profile or capability refusal; evidence=variant-name","ProtectedPathError::UnsupportedPlatform","f355974e1a4e34ab56daa7ab0ec8639601238469d77481447c266d3c8b01eacf"
"R1-d732a6f4e735fa72f3ecd9dc","crates/kernel/eliot-platform-windows/src/lib.rs","2204","2204","production-or-mixed","typed/ProtectedPathError::UnsupportedPlatform","UNKNOWN","UNKNOWN","Designed","intentional unsupported platform/profile or capability refusal; evidence=variant-name","ProtectedPathError::UnsupportedPlatform","f355974e1a4e34ab56daa7ab0ec8639601238469d77481447c266d3c8b01eacf"
"R1-6701e955d59d6c9e545ca3b6","crates/kernel/eliot-platform-windows/src/lib.rs","2916","2916","production-or-mixed","typed/HostOwnerLeaseError::UnsupportedPlatform","UNKNOWN","UNKNOWN","Designed","intentional unsupported platform/profile or capability refusal; evidence=variant-name","HostOwnerLeaseError::UnsupportedPlatform","f355974e1a4e34ab56daa7ab0ec8639601238469d77481447c266d3c8b01eacf"
"R1-a161db2e3da0f8f0e9aab67a","crates/kernel/eliot-platform-windows/src/lib.rs","3022","3022","production-or-mixed","typed/HostOwnerLeaseReleaseError::UnsupportedPlatform","UNKNOWN","UNKNOWN","Designed","intentional unsupported platform/profile or capability refusal; evidence=variant-name","HostOwnerLeaseReleaseError::UnsupportedPlatform","f355974e1a4e34ab56daa7ab0ec8639601238469d77481447c266d3c8b01eacf"
"R1-460cb44673260ee8babc6194","crates/kernel/eliot-platform-windows/src/lib.rs","3104","3104","production-or-mixed","typed/ProtectedPathError::UnsupportedPlatform","UNKNOWN","UNKNOWN","Designed","intentional unsupported platform/profile or capability refusal; evidence=variant-name","ProtectedPathError::UnsupportedPlatform","f355974e1a4e34ab56daa7ab0ec8639601238469d77481447c266d3c8b01eacf"
"R1-c30f72cef94cbb5bafb407b7","crates/kernel/eliot-platform-windows/src/lib.rs","3125","3125","production-or-mixed","typed/ProtectedPathError::UnsupportedPlatform","UNKNOWN","UNKNOWN","Designed","intentional unsupported platform/profile or capability refusal; evidence=variant-name","ProtectedPathError::UnsupportedPlatform","f355974e1a4e34ab56daa7ab0ec8639601238469d77481447c266d3c8b01eacf"
"R1-60e1068bbdadf04ccb81dabd","crates/kernel/eliot-platform-windows/src/lib.rs","3175","3175","production-or-mixed","typed/ProtectedPathError::UnsupportedPlatform","UNKNOWN","UNKNOWN","Designed","intentional unsupported platform/profile or capability refusal; evidence=variant-name","ProtectedPathError::UnsupportedPlatform","f355974e1a4e34ab56daa7ab0ec8639601238469d77481447c266d3c8b01eacf"
"R1-c69c021ce39aa6f76989ac78","crates/kernel/eliot-platform-windows/src/lib.rs","3224","3224","production-or-mixed","typed/ProtectedPathError::UnsupportedPlatform","UNKNOWN","UNKNOWN","Designed","intentional unsupported platform/profile or capability refusal; evidence=variant-name","ProtectedPathError::UnsupportedPlatform","f355974e1a4e34ab56daa7ab0ec8639601238469d77481447c266d3c8b01eacf"
"R1-42b550e33bcd52191ce414c0","crates/kernel/eliot-platform-windows/src/lib.rs","3275","3275","production-or-mixed","typed/ProtectedPathError::UnsupportedPlatform","UNKNOWN","UNKNOWN","Designed","intentional unsupported platform/profile or capability refusal; evidence=variant-name","ProtectedPathError::UnsupportedPlatform","f355974e1a4e34ab56daa7ab0ec8639601238469d77481447c266d3c8b01eacf"
"R1-99ad64dd30c11d7ce1da779c","crates/kernel/eliot-platform-windows/src/lib.rs","3324","3324","production-or-mixed","typed/ProtectedPathError::UnsupportedPlatform","UNKNOWN","UNKNOWN","Designed","intentional unsupported platform/profile or capability refusal; evidence=variant-name","ProtectedPathError::UnsupportedPlatform","f355974e1a4e34ab56daa7ab0ec8639601238469d77481447c266d3c8b01eacf"
"R1-4d70d2427aa5eaa2e2b4224f","crates/kernel/eliot-platform-windows/src/lib.rs","3385","3385","production-or-mixed","typed/WindowsAdapterError::Unavailable","UNKNOWN","UNKNOWN","Unknown","runtime availability state is not proof of missing work and is not conflated with Unsupported","WindowsAdapterError::Unavailable","f355974e1a4e34ab56daa7ab0ec8639601238469d77481447c266d3c8b01eacf"
"R1-9cf2945c0c56c86d10157521","crates/kernel/eliot-platform-windows/src/lib.rs","3445","3445","production-or-mixed","typed/ProtectedPathError::UnsupportedPlatform","UNKNOWN","UNKNOWN","Designed","intentional unsupported platform/profile or capability refusal; evidence=variant-name","ProtectedPathError::UnsupportedPlatform","f355974e1a4e34ab56daa7ab0ec8639601238469d77481447c266d3c8b01eacf"
"R1-5dcddda919d1cdaa638a0cf6","crates/kernel/eliot-platform-windows/src/lib.rs","3844","3844","production-or-mixed","typed/DirectoryPublicationError::UnsupportedPlatform","UNKNOWN","UNKNOWN","Designed","intentional unsupported platform/profile or capability refusal; evidence=variant-name","DirectoryPublicationError::UnsupportedPlatform","f355974e1a4e34ab56daa7ab0ec8639601238469d77481447c266d3c8b01eacf"
"R1-c7b1dbed21a5f7fa9075ded0","crates/kernel/eliot-platform-windows/src/lib.rs","3887","3887","production-or-mixed","typed/DirectoryPublicationError::UnsupportedPlatform","UNKNOWN","UNKNOWN","Designed","intentional unsupported platform/profile or capability refusal; evidence=variant-name","DirectoryPublicationError::UnsupportedPlatform","f355974e1a4e34ab56daa7ab0ec8639601238469d77481447c266d3c8b01eacf"
"R1-18519a0eb31101669516b3d3","crates/kernel/eliot-platform-windows/src/lib.rs","3941","3941","production-or-mixed","typed/PackageStagingError::UnsupportedPlatform","UNKNOWN","UNKNOWN","Designed","intentional unsupported platform/profile or capability refusal; evidence=variant-name","PackageStagingError::UnsupportedPlatform","f355974e1a4e34ab56daa7ab0ec8639601238469d77481447c266d3c8b01eacf"
"R1-bcb0cc76db1746078874f554","crates/kernel/eliot-platform-windows/src/lib.rs","3969","3969","production-or-mixed","typed/DirectoryPublicationError::UnsupportedPlatform","UNKNOWN","UNKNOWN","Designed","intentional unsupported platform/profile or capability refusal; evidence=variant-name","DirectoryPublicationError::UnsupportedPlatform","f355974e1a4e34ab56daa7ab0ec8639601238469d77481447c266d3c8b01eacf"
"R1-6d9bb2246602af0b4ba69f6f","crates/kernel/eliot-platform-windows/src/lib.rs","4787","4787","production-or-mixed","typed/WindowsAdapterError::Unavailable","UNKNOWN","UNKNOWN","Unknown","runtime availability state is not proof of missing work and is not conflated with Unsupported","WindowsAdapterError::Unavailable","f355974e1a4e34ab56daa7ab0ec8639601238469d77481447c266d3c8b01eacf"
"R1-008f872238c1b70f6a361d0f","crates/kernel/eliot-platform-windows/src/lib.rs","4808","4808","production-or-mixed","typed/WindowsAdapterError::Unavailable","UNKNOWN","UNKNOWN","Unknown","runtime availability state is not proof of missing work and is not conflated with Unsupported","WindowsAdapterError::Unavailable","f355974e1a4e34ab56daa7ab0ec8639601238469d77481447c266d3c8b01eacf"
"R1-db18bdb6c122745f9a0ae135","crates/kernel/eliot-platform-windows/src/lib.rs","4814","4814","production-or-mixed","typed/WindowsAdapterError::Unavailable","UNKNOWN","UNKNOWN","Unknown","runtime availability state is not proof of missing work and is not conflated with Unsupported","WindowsAdapterError::Unavailable","f355974e1a4e34ab56daa7ab0ec8639601238469d77481447c266d3c8b01eacf"
"R1-aa10471c7376eac6384876e2","crates/kernel/eliot-platform-windows/src/lib.rs","4818","4818","production-or-mixed","typed/WindowsAdapterError::Unavailable","UNKNOWN","UNKNOWN","Unknown","runtime availability state is not proof of missing work and is not conflated with Unsupported","WindowsAdapterError::Unavailable","f355974e1a4e34ab56daa7ab0ec8639601238469d77481447c266d3c8b01eacf"
"R1-13cab5c926c5a3c843ac46da","crates/kernel/eliot-platform-windows/src/lib.rs","4821","4821","production-or-mixed","typed/WindowsAdapterError::Unavailable","UNKNOWN","UNKNOWN","Unknown","runtime availability state is not proof of missing work and is not conflated with Unsupported","WindowsAdapterError::Unavailable","f355974e1a4e34ab56daa7ab0ec8639601238469d77481447c266d3c8b01eacf"
"R1-5b0df9509bf1c67981a31f03","crates/kernel/eliot-platform-windows/src/lib.rs","4832","4832","production-or-mixed","typed/WindowsAdapterError::Unavailable","UNKNOWN","UNKNOWN","Unknown","runtime availability state is not proof of missing work and is not conflated with Unsupported","WindowsAdapterError::Unavailable","f355974e1a4e34ab56daa7ab0ec8639601238469d77481447c266d3c8b01eacf"
"R1-01ff05741ae5c2f180e336e1","crates/kernel/eliot-platform-windows/src/lib.rs","4869","4869","production-or-mixed","typed/WindowsAdapterError::Unavailable","UNKNOWN","UNKNOWN","Unknown","runtime availability state is not proof of missing work and is not conflated with Unsupported","WindowsAdapterError::Unavailable","f355974e1a4e34ab56daa7ab0ec8639601238469d77481447c266d3c8b01eacf"
"R1-0cbea4fe4901dd8d77013d7d","crates/kernel/eliot-platform-windows/src/lib.rs","4878","4878","production-or-mixed","typed/WindowsAdapterError::Unavailable","UNKNOWN","UNKNOWN","Unknown","runtime availability state is not proof of missing work and is not conflated with Unsupported","WindowsAdapterError::Unavailable","f355974e1a4e34ab56daa7ab0ec8639601238469d77481447c266d3c8b01eacf"
"R1-a36a15e26cdc1174a74fb951","crates/kernel/eliot-platform-windows/src/lib.rs","4887","4887","production-or-mixed","typed/WindowsAdapterError::Unavailable","UNKNOWN","UNKNOWN","Unknown","runtime availability state is not proof of missing work and is not conflated with Unsupported","WindowsAdapterError::Unavailable","f355974e1a4e34ab56daa7ab0ec8639601238469d77481447c266d3c8b01eacf"
"R1-5f9ead04d17384ac4b9cdd5b","crates/kernel/eliot-platform-windows/src/lib.rs","4907","4907","production-or-mixed","typed/WindowsAdapterError::Unavailable","UNKNOWN","UNKNOWN","Unknown","runtime availability state is not proof of missing work and is not conflated with Unsupported","WindowsAdapterError::Unavailable","f355974e1a4e34ab56daa7ab0ec8639601238469d77481447c266d3c8b01eacf"
"R1-39dc244dc0187ae8d5ebbedb","crates/kernel/eliot-platform-windows/src/lib.rs","4912","4912","production-or-mixed","typed/WindowsAdapterError::Unavailable","UNKNOWN","UNKNOWN","Unknown","runtime availability state is not proof of missing work and is not conflated with Unsupported","WindowsAdapterError::Unavailable","f355974e1a4e34ab56daa7ab0ec8639601238469d77481447c266d3c8b01eacf"
"R1-fdfeade8e731481f2ec7867f","crates/kernel/eliot-platform-windows/src/lib.rs","4917","4917","production-or-mixed","typed/WindowsAdapterError::Unavailable","UNKNOWN","UNKNOWN","Unknown","runtime availability state is not proof of missing work and is not conflated with Unsupported","WindowsAdapterError::Unavailable","f355974e1a4e34ab56daa7ab0ec8639601238469d77481447c266d3c8b01eacf"
"R1-840b266c60c163a8586acd64","crates/kernel/eliot-platform-windows/src/lib.rs","4922","4922","production-or-mixed","typed/WindowsAdapterError::Unavailable","UNKNOWN","UNKNOWN","Unknown","runtime availability state is not proof of missing work and is not conflated with Unsupported","WindowsAdapterError::Unavailable","f355974e1a4e34ab56daa7ab0ec8639601238469d77481447c266d3c8b01eacf"
"R1-70cd77ac568231b9fa9430e4","crates/kernel/eliot-platform-windows/src/lib.rs","4944","4944","production-or-mixed","typed/WindowsAdapterError::Unavailable","UNKNOWN","UNKNOWN","Unknown","runtime availability state is not proof of missing work and is not conflated with Unsupported","WindowsAdapterError::Unavailable","f355974e1a4e34ab56daa7ab0ec8639601238469d77481447c266d3c8b01eacf"
"R1-7af9f4c645a95b15f83ab4ec","crates/kernel/eliot-platform-windows/src/lib.rs","4983","4983","production-or-mixed","typed/WindowsAdapterError::Unavailable","UNKNOWN","UNKNOWN","Unknown","runtime availability state is not proof of missing work and is not conflated with Unsupported","WindowsAdapterError::Unavailable","f355974e1a4e34ab56daa7ab0ec8639601238469d77481447c266d3c8b01eacf"
"R1-ec813a0cccf8655419f2daf1","crates/kernel/eliot-platform-windows/src/lib.rs","4991","4991","production-or-mixed","typed/WindowsAdapterError::Unavailable","UNKNOWN","UNKNOWN","Unknown","runtime availability state is not proof of missing work and is not conflated with Unsupported","WindowsAdapterError::Unavailable","f355974e1a4e34ab56daa7ab0ec8639601238469d77481447c266d3c8b01eacf"
"R1-fb9047c64e198117da9ce835","crates/kernel/eliot-platform-windows/src/lib.rs","5043","5043","production-or-mixed","typed/WindowsAdapterError::Unavailable","UNKNOWN","UNKNOWN","Unknown","runtime availability state is not proof of missing work and is not conflated with Unsupported","WindowsAdapterError::Unavailable","f355974e1a4e34ab56daa7ab0ec8639601238469d77481447c266d3c8b01eacf"
"R1-a57d8b15b227234a77c52555","crates/kernel/eliot-platform-windows/src/lib.rs","5048","5048","production-or-mixed","typed/WindowsAdapterError::Unavailable","UNKNOWN","UNKNOWN","Unknown","runtime availability state is not proof of missing work and is not conflated with Unsupported","WindowsAdapterError::Unavailable","f355974e1a4e34ab56daa7ab0ec8639601238469d77481447c266d3c8b01eacf"
"R1-5a6a42aa6bb951931292c6a1","crates/kernel/eliot-platform-windows/src/lib.rs","5053","5053","production-or-mixed","typed/WindowsAdapterError::Unavailable","UNKNOWN","UNKNOWN","Unknown","runtime availability state is not proof of missing work and is not conflated with Unsupported","WindowsAdapterError::Unavailable","f355974e1a4e34ab56daa7ab0ec8639601238469d77481447c266d3c8b01eacf"
"R1-364e8e2021d92d7acea717c1","crates/kernel/eliot-platform-windows/src/lib.rs","5058","5058","production-or-mixed","typed/WindowsAdapterError::Unavailable","UNKNOWN","UNKNOWN","Unknown","runtime availability state is not proof of missing work and is not conflated with Unsupported","WindowsAdapterError::Unavailable","f355974e1a4e34ab56daa7ab0ec8639601238469d77481447c266d3c8b01eacf"
"R1-2f7517d2e175db98e47f4ce1","crates/kernel/eliot-platform-windows/src/lib.rs","5062","5062","production-or-mixed","typed/WindowsAdapterError::Unavailable","UNKNOWN","UNKNOWN","Unknown","runtime availability state is not proof of missing work and is not conflated with Unsupported","WindowsAdapterError::Unavailable","f355974e1a4e34ab56daa7ab0ec8639601238469d77481447c266d3c8b01eacf"
"R1-7f827ba81238c84353c82eb6","crates/kernel/eliot-platform-windows/src/lib.rs","5067","5067","production-or-mixed","typed/WindowsAdapterError::Unavailable","UNKNOWN","UNKNOWN","Unknown","runtime availability state is not proof of missing work and is not conflated with Unsupported","WindowsAdapterError::Unavailable","f355974e1a4e34ab56daa7ab0ec8639601238469d77481447c266d3c8b01eacf"
"R1-9aff8fc413e8cc6cbfdfd139","crates/kernel/eliot-platform-windows/src/lib.rs","5086","5086","production-or-mixed","typed/WindowsAdapterError::Unavailable","UNKNOWN","UNKNOWN","Unknown","runtime availability state is not proof of missing work and is not conflated with Unsupported","WindowsAdapterError::Unavailable","f355974e1a4e34ab56daa7ab0ec8639601238469d77481447c266d3c8b01eacf"
"R1-57eccbff263cdcde613617d5","crates/kernel/eliot-platform-windows/src/lib.rs","5106","5106","production-or-mixed","typed/WindowsAdapterError::Unavailable","UNKNOWN","UNKNOWN","Unknown","runtime availability state is not proof of missing work and is not conflated with Unsupported","WindowsAdapterError::Unavailable","f355974e1a4e34ab56daa7ab0ec8639601238469d77481447c266d3c8b01eacf"
"R1-6c03b7b0920df37e688deb7f","crates/kernel/eliot-platform-windows/src/lib.rs","5107","5107","production-or-mixed","typed/WindowsAdapterError::Unavailable","UNKNOWN","UNKNOWN","Unknown","runtime availability state is not proof of missing work and is not conflated with Unsupported","WindowsAdapterError::Unavailable","f355974e1a4e34ab56daa7ab0ec8639601238469d77481447c266d3c8b01eacf"
"R1-6fc27225d37c9360fe43fd5d","crates/kernel/eliot-platform-windows/src/lib.rs","5320","5320","production-or-mixed","typed/WindowsAdapterError::Unavailable","UNKNOWN","UNKNOWN","Unknown","runtime availability state is not proof of missing work and is not conflated with Unsupported","WindowsAdapterError::Unavailable","f355974e1a4e34ab56daa7ab0ec8639601238469d77481447c266d3c8b01eacf"
"R1-476d43ac75547d5b4c4bc828","crates/kernel/eliot-platform-windows/src/lib.rs","6024","6024","production-or-mixed","typed/WindowsAdapterError::Unavailable","UNKNOWN","UNKNOWN","Unknown","runtime availability state is not proof of missing work and is not conflated with Unsupported","WindowsAdapterError::Unavailable","f355974e1a4e34ab56daa7ab0ec8639601238469d77481447c266d3c8b01eacf"
"R1-26a2f43783508e9f63e92098","crates/kernel/eliot-platform-windows/src/lib.rs","6234","6234","production-or-mixed","typed/WindowsAdapterError::Unavailable","UNKNOWN","UNKNOWN","Unknown","runtime availability state is not proof of missing work and is not conflated with Unsupported","WindowsAdapterError::Unavailable","f355974e1a4e34ab56daa7ab0ec8639601238469d77481447c266d3c8b01eacf"
"R1-5e47d139735d6cf8147d3032","crates/kernel/eliot-platform-windows/src/lib.rs","6347","6347","production-or-mixed","typed/WindowsAdapterError::Unavailable","UNKNOWN","UNKNOWN","Unknown","runtime availability state is not proof of missing work and is not conflated with Unsupported","WindowsAdapterError::Unavailable","f355974e1a4e34ab56daa7ab0ec8639601238469d77481447c266d3c8b01eacf"
"R1-3223e3b515b4770b27982535","crates/kernel/eliot-platform-windows/src/lib.rs","6380","6380","production-or-mixed","typed/WindowsAdapterError::Unavailable","UNKNOWN","UNKNOWN","Unknown","runtime availability state is not proof of missing work and is not conflated with Unsupported","WindowsAdapterError::Unavailable","f355974e1a4e34ab56daa7ab0ec8639601238469d77481447c266d3c8b01eacf"
"R1-76e4da121d0b57ae8e871ef0","crates/kernel/eliot-platform-windows/src/lib.rs","6491","6491","production-or-mixed","typed/WindowsAdapterError::Unavailable","UNKNOWN","UNKNOWN","Unknown","runtime availability state is not proof of missing work and is not conflated with Unsupported","WindowsAdapterError::Unavailable","f355974e1a4e34ab56daa7ab0ec8639601238469d77481447c266d3c8b01eacf"
"R1-56f58b073bb4398525cd2e17","crates/kernel/eliot-platform-windows/src/lib.rs","7947","7947","production-or-mixed","typed/WindowsAdapterError::Unavailable","UNKNOWN","UNKNOWN","Unknown","runtime availability state is not proof of missing work and is not conflated with Unsupported","WindowsAdapterError::Unavailable","f355974e1a4e34ab56daa7ab0ec8639601238469d77481447c266d3c8b01eacf"
"R1-6df7569ab51a0d134e270e5e","crates/kernel/eliot-platform-windows/src/lib.rs","8070","8070","production-or-mixed","typed/WindowsAdapterError::Unavailable","UNKNOWN","UNKNOWN","Unknown","runtime availability state is not proof of missing work and is not conflated with Unsupported","WindowsAdapterError::Unavailable","f355974e1a4e34ab56daa7ab0ec8639601238469d77481447c266d3c8b01eacf"
"R1-9596b2e1a68bee443cf93364","crates/kernel/eliot-platform-windows/src/lib.rs","8102","8102","production-or-mixed","typed/WindowsAdapterError::Unavailable","UNKNOWN","UNKNOWN","Unknown","runtime availability state is not proof of missing work and is not conflated with Unsupported","WindowsAdapterError::Unavailable","f355974e1a4e34ab56daa7ab0ec8639601238469d77481447c266d3c8b01eacf"
"R1-6fdab2dcc575992a46081de4","crates/kernel/eliot-platform-windows/src/lib.rs","8118","8118","production-or-mixed","typed/WindowsAdapterError::Unavailable","UNKNOWN","UNKNOWN","Unknown","runtime availability state is not proof of missing work and is not conflated with Unsupported","WindowsAdapterError::Unavailable","f355974e1a4e34ab56daa7ab0ec8639601238469d77481447c266d3c8b01eacf"
"R1-26afa8e39be7d0103cbbb378","crates/kernel/eliot-platform-windows/src/lib.rs","8134","8134","production-or-mixed","typed/WindowsAdapterError::Unavailable","UNKNOWN","UNKNOWN","Unknown","runtime availability state is not proof of missing work and is not conflated with Unsupported","WindowsAdapterError::Unavailable","f355974e1a4e34ab56daa7ab0ec8639601238469d77481447c266d3c8b01eacf"
"R1-fdff4dd0a393bb0c94807976","crates/kernel/eliot-platform-windows/src/lib.rs","11926","11926","production-or-mixed","typed/WindowsAdapterError::Unavailable","UNKNOWN","UNKNOWN","Unknown","runtime availability state is not proof of missing work and is not conflated with Unsupported","WindowsAdapterError::Unavailable","f355974e1a4e34ab56daa7ab0ec8639601238469d77481447c266d3c8b01eacf"
"R1-ff057af426222d7d4ce5c56e","crates/kernel/eliot-platform-windows/src/lib.rs","11942","11942","production-or-mixed","typed/WindowsAdapterError::Unavailable","UNKNOWN","UNKNOWN","Unknown","runtime availability state is not proof of missing work and is not conflated with Unsupported","WindowsAdapterError::Unavailable","f355974e1a4e34ab56daa7ab0ec8639601238469d77481447c266d3c8b01eacf"
"R1-5111e296fa3202f121a19d38","crates/kernel/eliot-platform-windows/src/lib.rs","11995","11995","production-or-mixed","typed/UnknownReason::Unsupported","UNKNOWN","UNKNOWN","Designed","intentional unsupported platform/profile or capability refusal; evidence=file-name","UnknownReason::Unsupported","f355974e1a4e34ab56daa7ab0ec8639601238469d77481447c266d3c8b01eacf"
"R1-baafe12bd3fd517cb8cf66c7","crates/kernel/eliot-platform-windows/src/lib.rs","12067","12067","production-or-mixed","typed/UnknownReason::Unsupported","UNKNOWN","UNKNOWN","Designed","intentional unsupported platform/profile or capability refusal; evidence=file-name","UnknownReason::Unsupported","f355974e1a4e34ab56daa7ab0ec8639601238469d77481447c266d3c8b01eacf"
"R1-4c6f01a2e1289efcd683f8df","crates/kernel/eliot-platform-windows/src/lib.rs","12218","12218","production-or-mixed","typed/WindowsAdapterError::Unavailable","UNKNOWN","UNKNOWN","Unknown","runtime availability state is not proof of missing work and is not conflated with Unsupported","WindowsAdapterError::Unavailable","f355974e1a4e34ab56daa7ab0ec8639601238469d77481447c266d3c8b01eacf"
"R1-24da2e1b50e4149f873e7afa","crates/kernel/eliot-platform-windows/src/lib.rs","12285","12285","production-or-mixed","typed/UnknownReason::Unsupported","UNKNOWN","UNKNOWN","Designed","intentional unsupported platform/profile or capability refusal; evidence=file-name","UnknownReason::Unsupported","f355974e1a4e34ab56daa7ab0ec8639601238469d77481447c266d3c8b01eacf"
"R1-e569b80b8590c29e688e22b5","crates/kernel/eliot-platform-windows/src/lib.rs","12355","12355","production-or-mixed","typed/eliot_platform::ProviderErrorCode::Unavailable","UNKNOWN","UNKNOWN","Unknown","runtime availability state is not proof of missing work and is not conflated with Unsupported","eliot_platform::ProviderErrorCode::Unavailable","f355974e1a4e34ab56daa7ab0ec8639601238469d77481447c266d3c8b01eacf"
"R1-32d46b765903a4a8b66b5b82","crates/kernel/eliot-platform-windows/src/lib.rs","12412","12412","production-or-mixed","typed/WindowsAdapterError::Unavailable","UNKNOWN","UNKNOWN","Unknown","runtime availability state is not proof of missing work and is not conflated with Unsupported","WindowsAdapterError::Unavailable","f355974e1a4e34ab56daa7ab0ec8639601238469d77481447c266d3c8b01eacf"
"R1-87499edb3bc9bad61f17b659","crates/kernel/eliot-platform-windows/src/lib.rs","12451","12451","production-or-mixed","typed/WindowsAdapterError::Unavailable","UNKNOWN","UNKNOWN","Unknown","runtime availability state is not proof of missing work and is not conflated with Unsupported","WindowsAdapterError::Unavailable","f355974e1a4e34ab56daa7ab0ec8639601238469d77481447c266d3c8b01eacf"
"R1-81893790b1299695ee756f33","crates/kernel/eliot-platform-windows/src/lib.rs","12527","12527","production-or-mixed","typed/WindowsAdapterError::Unavailable","UNKNOWN","UNKNOWN","Unknown","runtime availability state is not proof of missing work and is not conflated with Unsupported","WindowsAdapterError::Unavailable","f355974e1a4e34ab56daa7ab0ec8639601238469d77481447c266d3c8b01eacf"
"R1-5bb6885f7daa2dc15b341306","crates/kernel/eliot-platform-windows/src/lib.rs","12602","12602","production-or-mixed","typed/WindowsAdapterError::Unavailable","UNKNOWN","UNKNOWN","Unknown","runtime availability state is not proof of missing work and is not conflated with Unsupported","WindowsAdapterError::Unavailable","f355974e1a4e34ab56daa7ab0ec8639601238469d77481447c266d3c8b01eacf"
"R1-c93b82202efba90b26c4ba33","crates/kernel/eliot-platform-windows/src/lib.rs","14143","14143","production-or-mixed","typed/WindowsAdapterError::Unavailable","UNKNOWN","UNKNOWN","Unknown","runtime availability state is not proof of missing work and is not conflated with Unsupported","WindowsAdapterError::Unavailable","f355974e1a4e34ab56daa7ab0ec8639601238469d77481447c266d3c8b01eacf"
"R1-d04f04381e024fd03dd1daff","crates/kernel/eliot-platform-windows/src/lib.rs","14177","14177","production-or-mixed","typed/WindowsAdapterError::Unavailable","UNKNOWN","UNKNOWN","Unknown","runtime availability state is not proof of missing work and is not conflated with Unsupported","WindowsAdapterError::Unavailable","f355974e1a4e34ab56daa7ab0ec8639601238469d77481447c266d3c8b01eacf"
"R1-89eeb7fe53dba2cc45b86e9f","crates/kernel/eliot-platform-windows/src/lib.rs","14264","14264","production-or-mixed","typed/WindowsAdapterError::Unavailable","UNKNOWN","UNKNOWN","Unknown","runtime availability state is not proof of missing work and is not conflated with Unsupported","WindowsAdapterError::Unavailable","f355974e1a4e34ab56daa7ab0ec8639601238469d77481447c266d3c8b01eacf"
"R1-a2e8dc7a866b97c121c3024c","crates/kernel/eliot-platform-windows/src/lib.rs","14335","14335","production-or-mixed","typed/WindowsAdapterError::Unavailable","UNKNOWN","UNKNOWN","Unknown","runtime availability state is not proof of missing work and is not conflated with Unsupported","WindowsAdapterError::Unavailable","f355974e1a4e34ab56daa7ab0ec8639601238469d77481447c266d3c8b01eacf"
"R1-841269ac7e8b73a61964a038","crates/kernel/eliot-platform-windows/src/lib.rs","14380","14380","production-or-mixed","typed/WindowsAdapterError::Unavailable","UNKNOWN","UNKNOWN","Unknown","runtime availability state is not proof of missing work and is not conflated with Unsupported","WindowsAdapterError::Unavailable","f355974e1a4e34ab56daa7ab0ec8639601238469d77481447c266d3c8b01eacf"
"R1-dcfbc2d801da37d6d477c28a","crates/kernel/eliot-platform-windows/src/lib.rs","14791","14791","production-or-mixed","typed/WindowsAdapterError::Unavailable","UNKNOWN","UNKNOWN","Unknown","runtime availability state is not proof of missing work and is not conflated with Unsupported","WindowsAdapterError::Unavailable","f355974e1a4e34ab56daa7ab0ec8639601238469d77481447c266d3c8b01eacf"
"R1-8caca6361474ab7d8942bae7","crates/kernel/eliot-platform-windows/src/lib.rs","14832","14832","production-or-mixed","typed/WindowsAdapterError::Unavailable","UNKNOWN","UNKNOWN","Unknown","runtime availability state is not proof of missing work and is not conflated with Unsupported","WindowsAdapterError::Unavailable","f355974e1a4e34ab56daa7ab0ec8639601238469d77481447c266d3c8b01eacf"
"R1-ae424cceab09d2412de30625","crates/kernel/eliot-platform-windows/src/lib.rs","15962","15962","production-or-mixed","typed/WindowsAdapterError::Unavailable","UNKNOWN","UNKNOWN","Unknown","runtime availability state is not proof of missing work and is not conflated with Unsupported","WindowsAdapterError::Unavailable","f355974e1a4e34ab56daa7ab0ec8639601238469d77481447c266d3c8b01eacf"
"R1-08c3bf5f7972a1cef0260c29","crates/kernel/eliot-platform-windows/src/lib.rs","16083","16083","production-or-mixed","typed/WindowsAdapterError::Unavailable","UNKNOWN","UNKNOWN","Unknown","runtime availability state is not proof of missing work and is not conflated with Unsupported","WindowsAdapterError::Unavailable","f355974e1a4e34ab56daa7ab0ec8639601238469d77481447c266d3c8b01eacf"
"R1-5104cb62bf60db4aaa61f709","crates/kernel/eliot-platform-windows/src/lib.rs","16184","16184","production-or-mixed","typed/WindowsAdapterError::Unavailable","UNKNOWN","UNKNOWN","Unknown","runtime availability state is not proof of missing work and is not conflated with Unsupported","WindowsAdapterError::Unavailable","f355974e1a4e34ab56daa7ab0ec8639601238469d77481447c266d3c8b01eacf"
"R1-833d1fee9a3554b091da884c","crates/kernel/eliot-platform-windows/src/lib.rs","16283","16283","production-or-mixed","typed/UnknownReason::Unsupported","UNKNOWN","UNKNOWN","Designed","intentional unsupported platform/profile or capability refusal; evidence=file-name","UnknownReason::Unsupported","f355974e1a4e34ab56daa7ab0ec8639601238469d77481447c266d3c8b01eacf"
"R1-382cb2403179c832041fac05","crates/kernel/eliot-platform-windows/src/lib.rs","16338","16338","production-or-mixed","typed/UnknownReason::Unsupported","UNKNOWN","UNKNOWN","Designed","intentional unsupported platform/profile or capability refusal; evidence=file-name","UnknownReason::Unsupported","f355974e1a4e34ab56daa7ab0ec8639601238469d77481447c266d3c8b01eacf"
"R1-d268b8e854f8b191e9108923","crates/kernel/eliot-platform-windows/src/lib.rs","16343","16343","production-or-mixed","typed/UnknownReason::Unsupported","UNKNOWN","UNKNOWN","Designed","intentional unsupported platform/profile or capability refusal; evidence=file-name","UnknownReason::Unsupported","f355974e1a4e34ab56daa7ab0ec8639601238469d77481447c266d3c8b01eacf"
"R1-54de34126eb5bf7703f281ef","crates/kernel/eliot-platform-windows/src/lib.rs","16708","16708","production-or-mixed","typed/WindowsAdapterError::Unavailable","UNKNOWN","UNKNOWN","Unknown","runtime availability state is not proof of missing work and is not conflated with Unsupported","WindowsAdapterError::Unavailable","f355974e1a4e34ab56daa7ab0ec8639601238469d77481447c266d3c8b01eacf"
"R1-ecfbb0026a11cce6d8b2ea1b","crates/kernel/eliot-platform-windows/src/lib.rs","16763","16763","production-or-mixed","typed/WindowsAdapterError::Unavailable","UNKNOWN","UNKNOWN","Unknown","runtime availability state is not proof of missing work and is not conflated with Unsupported","WindowsAdapterError::Unavailable","f355974e1a4e34ab56daa7ab0ec8639601238469d77481447c266d3c8b01eacf"
"R1-cd21cd7fc033777d397194b3","crates/kernel/eliot-platform-windows/src/lib.rs","16856","16856","production-or-mixed","typed/WindowsAdapterError::Unavailable","UNKNOWN","UNKNOWN","Unknown","runtime availability state is not proof of missing work and is not conflated with Unsupported","WindowsAdapterError::Unavailable","f355974e1a4e34ab56daa7ab0ec8639601238469d77481447c266d3c8b01eacf"
"R1-588f9256c29621c490e07128","crates/kernel/eliot-platform-windows/src/lib.rs","16877","16877","production-or-mixed","typed/UnknownReason::Unsupported","UNKNOWN","UNKNOWN","Designed","intentional unsupported platform/profile or capability refusal; evidence=file-name","UnknownReason::Unsupported","f355974e1a4e34ab56daa7ab0ec8639601238469d77481447c266d3c8b01eacf"
"R1-28334ecd1cd49a06ca67cd4d","crates/kernel/eliot-platform-windows/src/lib.rs","16903","16903","production-or-mixed","typed/UnknownReason::Unsupported","UNKNOWN","UNKNOWN","Designed","intentional unsupported platform/profile or capability refusal; evidence=file-name","UnknownReason::Unsupported","f355974e1a4e34ab56daa7ab0ec8639601238469d77481447c266d3c8b01eacf"
"R1-da807fcdd6649cb2782d47b3","crates/kernel/eliot-platform-windows/src/lib.rs","16946","16946","production-or-mixed","typed/WindowsAdapterError::Unavailable","UNKNOWN","UNKNOWN","Unknown","runtime availability state is not proof of missing work and is not conflated with Unsupported","WindowsAdapterError::Unavailable","f355974e1a4e34ab56daa7ab0ec8639601238469d77481447c266d3c8b01eacf"
"R1-0d02f9df30939534057f6eaa","crates/kernel/eliot-platform-windows/src/lib.rs","16958","16958","production-or-mixed","typed/WindowsAdapterError::Unavailable","UNKNOWN","UNKNOWN","Unknown","runtime availability state is not proof of missing work and is not conflated with Unsupported","WindowsAdapterError::Unavailable","f355974e1a4e34ab56daa7ab0ec8639601238469d77481447c266d3c8b01eacf"
"R1-f8055e35932f2d0a9639f62e","crates/kernel/eliot-platform-windows/src/lib.rs","16974","16974","production-or-mixed","typed/WindowsAdapterError::Unavailable","UNKNOWN","UNKNOWN","Unknown","runtime availability state is not proof of missing work and is not conflated with Unsupported","WindowsAdapterError::Unavailable","f355974e1a4e34ab56daa7ab0ec8639601238469d77481447c266d3c8b01eacf"
"R1-e2c834a0cfdf8630ad35e269","crates/kernel/eliot-platform-windows/src/lib.rs","16979","16979","production-or-mixed","typed/WindowsAdapterError::Unavailable","UNKNOWN","UNKNOWN","Unknown","runtime availability state is not proof of missing work and is not conflated with Unsupported","WindowsAdapterError::Unavailable","f355974e1a4e34ab56daa7ab0ec8639601238469d77481447c266d3c8b01eacf"
"R1-ac270375f16139ea8db4cf42","crates/kernel/eliot-platform-windows/src/lib.rs","16992","16992","production-or-mixed","typed/WindowsAdapterError::Unavailable","UNKNOWN","UNKNOWN","Unknown","runtime availability state is not proof of missing work and is not conflated with Unsupported","WindowsAdapterError::Unavailable","f355974e1a4e34ab56daa7ab0ec8639601238469d77481447c266d3c8b01eacf"
"R1-d73bcca5824c921a921d79e8","crates/kernel/eliot-platform-windows/src/lib.rs","16998","16998","production-or-mixed","typed/WindowsAdapterError::Unavailable","UNKNOWN","UNKNOWN","Unknown","runtime availability state is not proof of missing work and is not conflated with Unsupported","WindowsAdapterError::Unavailable","f355974e1a4e34ab56daa7ab0ec8639601238469d77481447c266d3c8b01eacf"
"R1-cdb022c59cf56de6343770fa","crates/kernel/eliot-platform-windows/src/lib.rs","17077","17077","production-or-mixed","typed/UnknownReason::Unsupported","UNKNOWN","UNKNOWN","Designed","intentional unsupported platform/profile or capability refusal; evidence=file-name","UnknownReason::Unsupported","f355974e1a4e34ab56daa7ab0ec8639601238469d77481447c266d3c8b01eacf"
"R1-003812b765e5625105fe2d94","crates/kernel/eliot-platform-windows/src/owned_directory_retirement.rs","162","162","production-or-mixed","typed/OwnedDirectoryRetirementError::UnsupportedPlatform","UNKNOWN","UNKNOWN","Designed","intentional unsupported platform/profile or capability refusal; evidence=variant-name","OwnedDirectoryRetirementError::UnsupportedPlatform","0b03d768acc780be94bdfe069f18cabc4c383ebbbb00763450f6e69947570b25"
"R1-bc0d8ebbe998b37ed78dcc0e","crates/kernel/eliot-platform-windows/src/owned_directory_retirement.rs","207","207","production-or-mixed","typed/OwnedDirectoryRetirementError::UnsupportedPlatform","UNKNOWN","UNKNOWN","Designed","intentional unsupported platform/profile or capability refusal; evidence=variant-name","OwnedDirectoryRetirementError::UnsupportedPlatform","0b03d768acc780be94bdfe069f18cabc4c383ebbbb00763450f6e69947570b25"
"R1-bb8c4413ab4426eaab8f40b2","crates/kernel/eliot-platform-windows/src/owned_directory_retirement.rs","655","655","production-or-mixed","typed/OwnedDirectoryRetirementError::UnsupportedPlatform","UNKNOWN","UNKNOWN","Designed","intentional unsupported platform/profile or capability refusal; evidence=variant-name","OwnedDirectoryRetirementError::UnsupportedPlatform","0b03d768acc780be94bdfe069f18cabc4c383ebbbb00763450f6e69947570b25"
"R1-06dc83c1cdacc568082ed031","crates/kernel/eliot-platform-windows/src/package_staging.rs","1004","1004","production-or-mixed","typed/AuthenticodeError::UnsupportedPlatform","UNKNOWN","UNKNOWN","Designed","intentional unsupported platform/profile or capability refusal; evidence=variant-name","AuthenticodeError::UnsupportedPlatform","5d176a0e3f39b0bb4101ffabea992b970048985b860530fe235eb4f897e4ce74"
"R1-bdae352e2e850028b5b32293","crates/kernel/eliot-platform-windows/src/package_staging.rs","1113","1113","production-or-mixed","typed/AuthenticodeError::UnsupportedPlatform","UNKNOWN","UNKNOWN","Designed","intentional unsupported platform/profile or capability refusal; evidence=variant-name","AuthenticodeError::UnsupportedPlatform","5d176a0e3f39b0bb4101ffabea992b970048985b860530fe235eb4f897e4ce74"
"R1-635a3be70553791ed267f904","crates/kernel/eliot-platform-windows/src/package_staging.rs","1601","1601","production-or-mixed","typed/PackageStagingError::UnsupportedPlatform","UNKNOWN","UNKNOWN","Designed","intentional unsupported platform/profile or capability refusal; evidence=variant-name","PackageStagingError::UnsupportedPlatform","5d176a0e3f39b0bb4101ffabea992b970048985b860530fe235eb4f897e4ce74"
"R1-41604f1f38643c0b3c40a092","crates/kernel/eliot-platform-windows/src/package_staging.rs","1685","1685","production-or-mixed","typed/PackageStagingError::UnsupportedPlatform","UNKNOWN","UNKNOWN","Designed","intentional unsupported platform/profile or capability refusal; evidence=variant-name","PackageStagingError::UnsupportedPlatform","5d176a0e3f39b0bb4101ffabea992b970048985b860530fe235eb4f897e4ce74"
"R1-94f0a466473a356fbb9bf329","crates/kernel/eliot-platform-windows/src/package_staging.rs","1726","1726","production-or-mixed","typed/PackageStagingError::UnsupportedPlatform","UNKNOWN","UNKNOWN","Designed","intentional unsupported platform/profile or capability refusal; evidence=variant-name","PackageStagingError::UnsupportedPlatform","5d176a0e3f39b0bb4101ffabea992b970048985b860530fe235eb4f897e4ce74"
"R1-3621e3869144a7e6f9d4a36d","crates/kernel/eliot-platform-windows/src/package_staging.rs","1752","1752","production-or-mixed","typed/PackageStagingError::UnsupportedPlatform","UNKNOWN","UNKNOWN","Designed","intentional unsupported platform/profile or capability refusal; evidence=variant-name","PackageStagingError::UnsupportedPlatform","5d176a0e3f39b0bb4101ffabea992b970048985b860530fe235eb4f897e4ce74"
"R1-241e1f38fbb734dda3875218","crates/kernel/eliot-platform-windows/src/package_staging.rs","1899","1899","production-or-mixed","typed/PackageStagingError::UnsupportedPlatform","UNKNOWN","UNKNOWN","Designed","intentional unsupported platform/profile or capability refusal; evidence=variant-name","PackageStagingError::UnsupportedPlatform","5d176a0e3f39b0bb4101ffabea992b970048985b860530fe235eb4f897e4ce74"
"R1-531190869de6afa05f431bb4","crates/kernel/eliot-platform-windows/src/package_staging.rs","1989","1989","production-or-mixed","typed/PackageStagingError::UnsupportedPlatform","UNKNOWN","UNKNOWN","Designed","intentional unsupported platform/profile or capability refusal; evidence=variant-name","PackageStagingError::UnsupportedPlatform","5d176a0e3f39b0bb4101ffabea992b970048985b860530fe235eb4f897e4ce74"
"R1-3702173c1419ab2ed9d169e7","crates/kernel/eliot-platform-windows/src/package_staging.rs","2426","2426","production-or-mixed","typed/PackageStagingError::UnsupportedPlatform","UNKNOWN","UNKNOWN","Designed","intentional unsupported platform/profile or capability refusal; evidence=variant-name","PackageStagingError::UnsupportedPlatform","5d176a0e3f39b0bb4101ffabea992b970048985b860530fe235eb4f897e4ce74"
"R1-6e57bbb78a1e2911948d980a","crates/kernel/eliot-platform-windows/src/package_staging.rs","2568","2568","production-or-mixed","typed/PackageStagingError::UnsupportedPlatform","UNKNOWN","UNKNOWN","Designed","intentional unsupported platform/profile or capability refusal; evidence=variant-name","PackageStagingError::UnsupportedPlatform","5d176a0e3f39b0bb4101ffabea992b970048985b860530fe235eb4f897e4ce74"
"R1-84a5a169f97e172c2a0ef076","crates/kernel/eliot-platform-windows/src/package_staging.rs","2606","2606","production-or-mixed","typed/PackageStagingError::UnsupportedPlatform","UNKNOWN","UNKNOWN","Designed","intentional unsupported platform/profile or capability refusal; evidence=variant-name","PackageStagingError::UnsupportedPlatform","5d176a0e3f39b0bb4101ffabea992b970048985b860530fe235eb4f897e4ce74"
"R1-768cd230de873663f52acb8e","crates/kernel/eliot-platform-windows/src/package_staging.rs","3041","3041","production-or-mixed","typed/PackageStagingError::UnsupportedPlatform","UNKNOWN","UNKNOWN","Designed","intentional unsupported platform/profile or capability refusal; evidence=variant-name","PackageStagingError::UnsupportedPlatform","5d176a0e3f39b0bb4101ffabea992b970048985b860530fe235eb4f897e4ce74"
"R1-0c36b347172d4fe90e7338a9","crates/kernel/eliot-platform-windows/src/package_staging.rs","3332","3332","production-or-mixed","typed/PackageStagingError::UnsupportedPlatform","UNKNOWN","UNKNOWN","Designed","intentional unsupported platform/profile or capability refusal; evidence=variant-name","PackageStagingError::UnsupportedPlatform","5d176a0e3f39b0bb4101ffabea992b970048985b860530fe235eb4f897e4ce74"
"R1-af24e273bf47b494afc22811","crates/kernel/eliot-platform-windows/src/package_staging.rs","3745","3745","production-or-mixed","typed/PackageStagingError::UnsupportedPlatform","UNKNOWN","UNKNOWN","Designed","intentional unsupported platform/profile or capability refusal; evidence=variant-name","PackageStagingError::UnsupportedPlatform","5d176a0e3f39b0bb4101ffabea992b970048985b860530fe235eb4f897e4ce74"
"R1-52c32e0f8f11259921a433c5","crates/kernel/eliot-platform-windows/src/package_staging.rs","4151","4151","production-or-mixed","typed/PackageStagingError::UnsupportedPlatform","UNKNOWN","UNKNOWN","Designed","intentional unsupported platform/profile or capability refusal; evidence=variant-name","PackageStagingError::UnsupportedPlatform","5d176a0e3f39b0bb4101ffabea992b970048985b860530fe235eb4f897e4ce74"
"R1-3a1aa33718a53cfeb9503be5","crates/kernel/eliot-platform-windows/src/package_staging.rs","4159","4159","production-or-mixed","typed/PackageStagingError::UnsupportedPlatform","UNKNOWN","UNKNOWN","Designed","intentional unsupported platform/profile or capability refusal; evidence=variant-name","PackageStagingError::UnsupportedPlatform","5d176a0e3f39b0bb4101ffabea992b970048985b860530fe235eb4f897e4ce74"
"R1-092617e0740c37c809044af7","crates/kernel/eliot-platform-windows/src/package_staging.rs","4213","4213","production-or-mixed","typed/PackageStagingError::UnsupportedPlatform","UNKNOWN","UNKNOWN","Designed","intentional unsupported platform/profile or capability refusal; evidence=variant-name","PackageStagingError::UnsupportedPlatform","5d176a0e3f39b0bb4101ffabea992b970048985b860530fe235eb4f897e4ce74"
"R1-2a4028c42173d889546bd471","crates/kernel/eliot-platform-windows/src/package_staging.rs","4287","4287","production-or-mixed","typed/PackageStagingError::UnsupportedPlatform","UNKNOWN","UNKNOWN","Designed","intentional unsupported platform/profile or capability refusal; evidence=variant-name","PackageStagingError::UnsupportedPlatform","5d176a0e3f39b0bb4101ffabea992b970048985b860530fe235eb4f897e4ce74"
"R1-26472639ef5d2259c5dcca39","crates/kernel/eliot-platform-windows/src/package_staging.rs","4292","4292","production-or-mixed","typed/PackageStagingError::UnsupportedPlatform","UNKNOWN","UNKNOWN","Designed","intentional unsupported platform/profile or capability refusal; evidence=variant-name","PackageStagingError::UnsupportedPlatform","5d176a0e3f39b0bb4101ffabea992b970048985b860530fe235eb4f897e4ce74"
"R1-64842a9a01c65bdda4cf8cc8","crates/kernel/eliot-platform-windows/src/package_staging.rs","4353","4353","production-or-mixed","typed/PackageStagingError::UnsupportedPlatform","UNKNOWN","UNKNOWN","Designed","intentional unsupported platform/profile or capability refusal; evidence=variant-name","PackageStagingError::UnsupportedPlatform","5d176a0e3f39b0bb4101ffabea992b970048985b860530fe235eb4f897e4ce74"
"R1-f91b17e1cc7b2848df12aff5","crates/kernel/eliot-platform-windows/src/package_staging.rs","4385","4385","production-or-mixed","typed/PackageStagingError::UnsupportedPlatform","UNKNOWN","UNKNOWN","Designed","intentional unsupported platform/profile or capability refusal; evidence=variant-name","PackageStagingError::UnsupportedPlatform","5d176a0e3f39b0bb4101ffabea992b970048985b860530fe235eb4f897e4ce74"
"R1-61392ccf1332274a12ba5b88","crates/kernel/eliot-platform-windows/src/package_staging.rs","4423","4423","production-or-mixed","typed/PackageStagingError::UnsupportedPlatform","UNKNOWN","UNKNOWN","Designed","intentional unsupported platform/profile or capability refusal; evidence=variant-name","PackageStagingError::UnsupportedPlatform","5d176a0e3f39b0bb4101ffabea992b970048985b860530fe235eb4f897e4ce74"
"R1-ee5c3935bfebccbcfbfb2ad2","crates/kernel/eliot-platform-windows/src/package_staging.rs","4430","4430","production-or-mixed","typed/PackageStagingError::UnsupportedPlatform","UNKNOWN","UNKNOWN","Designed","intentional unsupported platform/profile or capability refusal; evidence=variant-name","PackageStagingError::UnsupportedPlatform","5d176a0e3f39b0bb4101ffabea992b970048985b860530fe235eb4f897e4ce74"
"R1-31d9c6a26c335d894245c230","crates/kernel/eliot-platform-windows/src/package_staging.rs","4440","4440","production-or-mixed","typed/PackageStagingError::UnsupportedPlatform","UNKNOWN","UNKNOWN","Designed","intentional unsupported platform/profile or capability refusal; evidence=variant-name","PackageStagingError::UnsupportedPlatform","5d176a0e3f39b0bb4101ffabea992b970048985b860530fe235eb4f897e4ce74"
"R1-a0af3610e14add6e83ffd959","crates/kernel/eliot-platform-windows/src/package_staging.rs","4455","4455","production-or-mixed","typed/PackageStagingError::UnsupportedPlatform","UNKNOWN","UNKNOWN","Designed","intentional unsupported platform/profile or capability refusal; evidence=variant-name","PackageStagingError::UnsupportedPlatform","5d176a0e3f39b0bb4101ffabea992b970048985b860530fe235eb4f897e4ce74"
"R1-e1b9a49aff16001a2f0dcc89","crates/kernel/eliot-platform-windows/src/package_staging.rs","4469","4469","production-or-mixed","typed/PackageStagingError::UnsupportedPlatform","UNKNOWN","UNKNOWN","Designed","intentional unsupported platform/profile or capability refusal; evidence=variant-name","PackageStagingError::UnsupportedPlatform","5d176a0e3f39b0bb4101ffabea992b970048985b860530fe235eb4f897e4ce74"
"R1-7069f365d507497c27723636","crates/kernel/eliot-platform-windows/src/package_staging.rs","4509","4509","production-or-mixed","typed/PackageStagingError::UnsupportedPlatform","UNKNOWN","UNKNOWN","Designed","intentional unsupported platform/profile or capability refusal; evidence=variant-name","PackageStagingError::UnsupportedPlatform","5d176a0e3f39b0bb4101ffabea992b970048985b860530fe235eb4f897e4ce74"
"R1-b7e27ed9332ddae194927e42","crates/kernel/eliot-platform-windows/src/package_staging.rs","4521","4521","production-or-mixed","typed/PackageStagingError::UnsupportedPlatform","UNKNOWN","UNKNOWN","Designed","intentional unsupported platform/profile or capability refusal; evidence=variant-name","PackageStagingError::UnsupportedPlatform","5d176a0e3f39b0bb4101ffabea992b970048985b860530fe235eb4f897e4ce74"
"R1-4e4006373f33e1da46d3a47f","crates/kernel/eliot-platform-windows/src/package_staging.rs","4615","4615","production-or-mixed","typed/PackageStagingError::UnsupportedPlatform","UNKNOWN","UNKNOWN","Designed","intentional unsupported platform/profile or capability refusal; evidence=variant-name","PackageStagingError::UnsupportedPlatform","5d176a0e3f39b0bb4101ffabea992b970048985b860530fe235eb4f897e4ce74"
"R1-bb417f78d395554ca58bb7ce","crates/kernel/eliot-platform-windows/src/package_staging.rs","4700","4700","production-or-mixed","typed/PackageStagingError::UnsupportedPlatform","UNKNOWN","UNKNOWN","Designed","intentional unsupported platform/profile or capability refusal; evidence=variant-name","PackageStagingError::UnsupportedPlatform","5d176a0e3f39b0bb4101ffabea992b970048985b860530fe235eb4f897e4ce74"
"R1-10cfa614006fb7a819f6cad2","crates/kernel/eliot-platform-windows/src/package_staging.rs","4740","4740","production-or-mixed","typed/PackageStagingError::UnsupportedPlatform","UNKNOWN","UNKNOWN","Designed","intentional unsupported platform/profile or capability refusal; evidence=variant-name","PackageStagingError::UnsupportedPlatform","5d176a0e3f39b0bb4101ffabea992b970048985b860530fe235eb4f897e4ce74"
"R1-97681e60c60d00436272e1c5","crates/kernel/eliot-platform-windows/src/package_staging.rs","4762","4762","production-or-mixed","typed/PackageStagingError::UnsupportedPlatform","UNKNOWN","UNKNOWN","Designed","intentional unsupported platform/profile or capability refusal; evidence=variant-name","PackageStagingError::UnsupportedPlatform","5d176a0e3f39b0bb4101ffabea992b970048985b860530fe235eb4f897e4ce74"
"R1-68c6229f0a492f1b529b3d27","crates/kernel/eliot-platform-windows/src/package_staging.rs","4940","4940","production-or-mixed","typed/PackageStagingError::UnsupportedPlatform","UNKNOWN","UNKNOWN","Designed","intentional unsupported platform/profile or capability refusal; evidence=variant-name","PackageStagingError::UnsupportedPlatform","5d176a0e3f39b0bb4101ffabea992b970048985b860530fe235eb4f897e4ce74"
"R1-9dfdccf13c9ccfec9e4919c6","crates/kernel/eliot-platform-windows/src/package_staging.rs","4993","4993","production-or-mixed","typed/PackageStagingError::UnsupportedPlatform","UNKNOWN","UNKNOWN","Designed","intentional unsupported platform/profile or capability refusal; evidence=variant-name","PackageStagingError::UnsupportedPlatform","5d176a0e3f39b0bb4101ffabea992b970048985b860530fe235eb4f897e4ce74"
"R1-98ff5383c0bc7da82247a186","crates/kernel/eliot-platform-windows/src/package_staging.rs","5016","5016","production-or-mixed","typed/PackageStagingError::UnsupportedPlatform","UNKNOWN","UNKNOWN","Designed","intentional unsupported platform/profile or capability refusal; evidence=variant-name","PackageStagingError::UnsupportedPlatform","5d176a0e3f39b0bb4101ffabea992b970048985b860530fe235eb4f897e4ce74"
"R1-21e9c644dd083f0c5fb2d1d6","crates/kernel/eliot-platform-windows/src/package_staging.rs","5096","5096","production-or-mixed","typed/PackageStagingError::UnsupportedPlatform","UNKNOWN","UNKNOWN","Designed","intentional unsupported platform/profile or capability refusal; evidence=variant-name","PackageStagingError::UnsupportedPlatform","5d176a0e3f39b0bb4101ffabea992b970048985b860530fe235eb4f897e4ce74"
"R1-f3d29185db367053fe9c8cc3","crates/kernel/eliot-platform-windows/src/package_staging.rs","5119","5119","production-or-mixed","typed/PackageStagingError::UnsupportedPlatform","UNKNOWN","UNKNOWN","Designed","intentional unsupported platform/profile or capability refusal; evidence=variant-name","PackageStagingError::UnsupportedPlatform","5d176a0e3f39b0bb4101ffabea992b970048985b860530fe235eb4f897e4ce74"
"R1-4bbe023540083f6c2dd71101","crates/kernel/eliot-platform-windows/src/package_staging.rs","5141","5141","production-or-mixed","typed/PackageStagingError::UnsupportedPlatform","UNKNOWN","UNKNOWN","Designed","intentional unsupported platform/profile or capability refusal; evidence=variant-name","PackageStagingError::UnsupportedPlatform","5d176a0e3f39b0bb4101ffabea992b970048985b860530fe235eb4f897e4ce74"
"R1-9597eaf2cd38e7836208e646","crates/kernel/eliot-platform-windows/src/package_staging.rs","5181","5181","production-or-mixed","typed/PackageStagingError::UnsupportedPlatform","UNKNOWN","UNKNOWN","Designed","intentional unsupported platform/profile or capability refusal; evidence=variant-name","PackageStagingError::UnsupportedPlatform","5d176a0e3f39b0bb4101ffabea992b970048985b860530fe235eb4f897e4ce74"
"R1-a47b32b30a1e4256b20ab20f","crates/kernel/eliot-platform-windows/src/tcp_listener_owner.rs","124","124","production-or-mixed","typed/TcpListenerOwnerError::UnsupportedPlatform","UNKNOWN","UNKNOWN","Designed","intentional unsupported platform/profile or capability refusal; evidence=variant-name","TcpListenerOwnerError::UnsupportedPlatform","40354793345688610cbaf97907d1b3960971d4e38e7dde01e78ab7296a0c7816"
"R1-e26ce0802ea2d1696c32a7d2","crates/kernel/eliot-platform/src/lib.rs","1606","1606","test-only","typed/ProviderErrorCode::Unavailable","UNKNOWN","UNKNOWN","Unknown","runtime availability state is not proof of missing work and is not conflated with Unsupported","ProviderErrorCode::Unavailable","c2ab3bb304cf79c29ccb89d4853f2d2b2963ea22ab27b0b9d6da7680a7e709e1"
"R1-a842efe413be9ed451ff6485","crates/kernel/eliot-runtime/src/lib.rs","1574","1574","test-only","typed/ProviderErrorCode::Unavailable","UNKNOWN","UNKNOWN","Unknown","runtime availability state is not proof of missing work and is not conflated with Unsupported","ProviderErrorCode::Unavailable","4d8bbf010a5bbd8288f6ce745ee5385fbfa6ded97501ac7c31944e20a2669d0b"
"R1-7585cc3a75a2c91228c88744","crates/kernel/eliot-runtime/src/lib.rs","1577","1577","test-only","typed/RuntimeFailure::Unavailable","UNKNOWN","UNKNOWN","Unknown","runtime availability state is not proof of missing work and is not conflated with Unsupported","RuntimeFailure::Unavailable","4d8bbf010a5bbd8288f6ce745ee5385fbfa6ded97501ac7c31944e20a2669d0b"
"R1-a72693e203f30dd596c4fc84","crates/meta/eliot-runtime-status/src/lib.rs","306","309","production-or-mixed","typed/ComponentState::Unavailable","UNKNOWN","UNKNOWN","Unknown","runtime availability state is not proof of missing work and is not conflated with Unsupported","ComponentState::Unavailable { reason: ""retained Host root identity changed before transaction inspection"" .to_owned(), }","e5d8c44507a839ea0c493900f11bb7d348c38aca05daaa5730056c21a6d9083e"
"R1-79e494c0f9a2b695a70fca06","crates/meta/eliot-runtime-status/src/lib.rs","402","404","production-or-mixed","typed/ComponentState::Unavailable","UNKNOWN","UNKNOWN","Unknown","runtime availability state is not proof of missing work and is not conflated with Unsupported","ComponentState::Unavailable { reason: format!(""transaction parent lease: {e}""), }","e5d8c44507a839ea0c493900f11bb7d348c38aca05daaa5730056c21a6d9083e"
"R1-7bdd3bf14e9a662006cbb178","crates/meta/eliot-runtime-status/src/lib.rs","414","416","production-or-mixed","typed/ComponentState::Unavailable","UNKNOWN","UNKNOWN","Unknown","runtime availability state is not proof of missing work and is not conflated with Unsupported","ComponentState::Unavailable { reason: format!(""transaction parent canonical: {e}""), }","e5d8c44507a839ea0c493900f11bb7d348c38aca05daaa5730056c21a6d9083e"
"R1-d2bc45e6ee36a0f30a197f6d","crates/meta/eliot-runtime-status/src/lib.rs","461","463","production-or-mixed","typed/ComponentState::Unavailable","UNKNOWN","UNKNOWN","Unknown","runtime availability state is not proof of missing work and is not conflated with Unsupported","ComponentState::Unavailable { reason: format!(""transaction store lease: {error}""), }","e5d8c44507a839ea0c493900f11bb7d348c38aca05daaa5730056c21a6d9083e"
"R1-858b1ceb01102c1a03763631","crates/meta/eliot-runtime-status/src/lib.rs","471","473","production-or-mixed","typed/ComponentState::Unavailable","UNKNOWN","UNKNOWN","Unknown","runtime availability state is not proof of missing work and is not conflated with Unsupported","ComponentState::Unavailable { reason: ""transaction store retained identity mismatch"".to_owned(), }","e5d8c44507a839ea0c493900f11bb7d348c38aca05daaa5730056c21a6d9083e"
"R1-1514eac505837ecdbd84d7f7","crates/meta/eliot-runtime-status/src/lib.rs","506","508","production-or-mixed","typed/ComponentState::Unavailable","UNKNOWN","UNKNOWN","Unknown","runtime availability state is not proof of missing work and is not conflated with Unsupported","ComponentState::Unavailable { reason: format!(""transaction store access denied: {e}""), }","e5d8c44507a839ea0c493900f11bb7d348c38aca05daaa5730056c21a6d9083e"
"R1-3a2f53b209b387e992137555","crates/meta/eliot-runtime-status/src/lib.rs","514","516","production-or-mixed","typed/ComponentState::Unavailable","UNKNOWN","UNKNOWN","Unknown","runtime availability state is not proof of missing work and is not conflated with Unsupported","ComponentState::Unavailable { reason: format!(""transaction store open at {}: {e}"", tx_path.display()), }","e5d8c44507a839ea0c493900f11bb7d348c38aca05daaa5730056c21a6d9083e"
"R1-fe08fcd8a7dce25147147402","crates/meta/eliot-runtime-status/src/lib.rs","548","550","production-or-mixed","typed/ComponentState::Unavailable","UNKNOWN","UNKNOWN","Unknown","runtime availability state is not proof of missing work and is not conflated with Unsupported","ComponentState::Unavailable { reason: format!(""transaction access denied: {e}""), }","e5d8c44507a839ea0c493900f11bb7d348c38aca05daaa5730056c21a6d9083e"
"R1-9999fabca20c026c84c7309d","crates/meta/eliot-runtime-status/src/lib.rs","556","558","production-or-mixed","typed/ComponentState::Unavailable","UNKNOWN","UNKNOWN","Unknown","runtime availability state is not proof of missing work and is not conflated with Unsupported","ComponentState::Unavailable { reason: format!(""transaction load: {e}""), }","e5d8c44507a839ea0c493900f11bb7d348c38aca05daaa5730056c21a6d9083e"
"R1-45f4d28b71a50827e4e5c29f","crates/meta/eliot-runtime-status/src/lib.rs","763","765","production-or-mixed","typed/ComponentState::Unavailable","UNKNOWN","UNKNOWN","Unknown","runtime availability state is not proof of missing work and is not conflated with Unsupported","ComponentState::Unavailable { reason: format!(""transaction store open: {e}""), }","e5d8c44507a839ea0c493900f11bb7d348c38aca05daaa5730056c21a6d9083e"
"R1-4ec375c924918a5a7c35cc8f","crates/meta/eliot-runtime-status/src/lib.rs","775","777","production-or-mixed","typed/ComponentState::Unavailable","UNKNOWN","UNKNOWN","Unknown","runtime availability state is not proof of missing work and is not conflated with Unsupported","ComponentState::Unavailable { reason: format!(""transaction load: {e}""), }","e5d8c44507a839ea0c493900f11bb7d348c38aca05daaa5730056c21a6d9083e"
"R1-16f3cb5a26f86906785060fa","crates/meta/eliot-runtime-status/src/lib.rs","3329","3331","production-or-mixed","typed/StatusError::Unavailable","UNKNOWN","UNKNOWN","Unknown","runtime availability state is not proof of missing work and is not conflated with Unsupported","StatusError::Unavailable( ""host-state-root does not exist; status never creates it"".to_owned(), )","e5d8c44507a839ea0c493900f11bb7d348c38aca05daaa5730056c21a6d9083e"
"R1-c9d687f0be6ffa63e24711ff","crates/meta/eliot-runtime-status/src/lib.rs","3341","3343","production-or-mixed","typed/StatusError::Unavailable","UNKNOWN","UNKNOWN","Unknown","runtime availability state is not proof of missing work and is not conflated with Unsupported","StatusError::Unavailable( ""host-state-root does not exist; status never creates it"".to_owned(), )","e5d8c44507a839ea0c493900f11bb7d348c38aca05daaa5730056c21a6d9083e"
"R1-0359cd1892b1bbfcaf2b203f","crates/meta/eliot-runtime-status/src/lib.rs","3452","3454","production-or-mixed","typed/ComponentState::Unavailable","UNKNOWN","UNKNOWN","Unknown","runtime availability state is not proof of missing work and is not conflated with Unsupported","ComponentState::Unavailable { reason: e.to_string(), }","e5d8c44507a839ea0c493900f11bb7d348c38aca05daaa5730056c21a6d9083e"
"R1-d1f03cc1800c286d9db940bd","crates/meta/eliot-runtime-status/src/lib.rs","3752","3755","production-or-mixed","typed/ComponentState::Unavailable","UNKNOWN","UNKNOWN","Unknown","runtime availability state is not proof of missing work and is not conflated with Unsupported","ComponentState::Unavailable { reason: ""retained Host root identity changed before journal inspection"" .to_owned(), }","e5d8c44507a839ea0c493900f11bb7d348c38aca05daaa5730056c21a6d9083e"
"R1-709da483a1f9f2f24190977e","crates/meta/eliot-runtime-status/src/lib.rs","3792","3794","production-or-mixed","typed/ComponentState::Unavailable","UNKNOWN","UNKNOWN","Unknown","runtime availability state is not proof of missing work and is not conflated with Unsupported","ComponentState::Unavailable { reason: format!(""journal lease ACL mismatch: {error}""), }","e5d8c44507a839ea0c493900f11bb7d348c38aca05daaa5730056c21a6d9083e"
"R1-c6a5969d4bb529e929323806","crates/meta/eliot-runtime-status/src/lib.rs","3831","3833","production-or-mixed","typed/ComponentState::Unavailable","UNKNOWN","UNKNOWN","Unknown","runtime availability state is not proof of missing work and is not conflated with Unsupported","ComponentState::Unavailable { reason: format!(""journal lease: {error}""), }","e5d8c44507a839ea0c493900f11bb7d348c38aca05daaa5730056c21a6d9083e"
"R1-55e507398666babf1cf6a5e9","crates/meta/eliot-runtime-status/src/lib.rs","3850","3852","production-or-mixed","typed/ComponentState::Unavailable","UNKNOWN","UNKNOWN","Unknown","runtime availability state is not proof of missing work and is not conflated with Unsupported","ComponentState::Unavailable { reason: ""journal retained identity mismatch"".to_owned(), }","e5d8c44507a839ea0c493900f11bb7d348c38aca05daaa5730056c21a6d9083e"
"R1-d3ca78c8977238f652631ac2","crates/meta/eliot-runtime-status/src/lib.rs","3884","3888","production-or-mixed","typed/ComponentState::Unavailable","UNKNOWN","UNKNOWN","Unknown","runtime availability state is not proof of missing work and is not conflated with Unsupported","ComponentState::Unavailable { reason: format!( ""protected host journal inspection failed without fallback: {error:?}"" ), }","e5d8c44507a839ea0c493900f11bb7d348c38aca05daaa5730056c21a6d9083e"
"R1-c9ad7fd46252aec5d84fc58d","crates/meta/eliot-runtime-status/src/lib.rs","4006","4008","production-or-mixed","typed/ComponentState::Unavailable","UNKNOWN","UNKNOWN","Unknown","runtime availability state is not proof of missing work and is not conflated with Unsupported","ComponentState::Unavailable { reason: ""retained Host root identity changed during projection"".to_owned(), }","e5d8c44507a839ea0c493900f11bb7d348c38aca05daaa5730056c21a6d9083e"
"R1-285d97eed4571fb655463454","crates/modules/eliot-native-worker-core/src/lib.rs","227","230","production-or-mixed","typed/WorkerError::PlanGap","UNKNOWN","UNKNOWN","Unimplemented","PlanGap is a missing-work contract, never Designed","WorkerError::PlanGap { code: PROCESS_EVIDENCE_PLAN_GAP, detail: ""P-03 evidence sink was not injected"", }","a9a50bc0bca08e4ec7aa7c0dcf1a3c447f713e992a966133d5c4f8c6a9c46fab"
"R1-9f8aca1d4809396556706d93","crates/modules/eliot-native-worker-core/src/lib.rs","236","239","production-or-mixed","typed/WorkerError::PlanGap","UNKNOWN","UNKNOWN","Unimplemented","PlanGap is a missing-work contract, never Designed","WorkerError::PlanGap { code: ADMISSION_PROVIDER_PLAN_GAP, detail: ""G-01-facing admission provider was not injected"", }","a9a50bc0bca08e4ec7aa7c0dcf1a3c447f713e992a966133d5c4f8c6a9c46fab"
"R1-11ae446a268b27784e753fd6","crates/modules/eliot-native-worker-core/src/lib.rs","260","263","production-or-mixed","typed/WorkerError::PlanGap","UNKNOWN","UNKNOWN","Unimplemented","PlanGap is a missing-work contract, never Designed","WorkerError::PlanGap { code: PROCESS_PROVIDER_PLAN_GAP, detail: ""P-03 ProcessExecutor was not injected"", }","a9a50bc0bca08e4ec7aa7c0dcf1a3c447f713e992a966133d5c4f8c6a9c46fab"
"R1-b53e15e12a7fb7642a881bcd","crates/modules/eliot-native-worker-core/src/lib.rs","286","289","production-or-mixed","typed/WorkerError::PlanGap","UNKNOWN","UNKNOWN","Unimplemented","PlanGap is a missing-work contract, never Designed","WorkerError::PlanGap { code: PROCESS_PROVIDER_PLAN_GAP, detail: ""P-03 ProcessExecutor is unavailable"", }","a9a50bc0bca08e4ec7aa7c0dcf1a3c447f713e992a966133d5c4f8c6a9c46fab"
"R1-d1095397495a39dad7a4cf9b","crates/modules/eliot-native-worker-core/src/lib.rs","313","316","production-or-mixed","typed/WorkerError::PlanGap","UNKNOWN","UNKNOWN","Unimplemented","PlanGap is a missing-work contract, never Designed","WorkerError::PlanGap { code: PROCESS_EVIDENCE_PLAN_GAP, detail: ""P-03 start produced no observed process evidence"", }","a9a50bc0bca08e4ec7aa7c0dcf1a3c447f713e992a966133d5c4f8c6a9c46fab"
"R1-08ee06ddad9ba2a7a04f6cd7","crates/modules/eliot-native-worker-core/src/lib.rs","322","325","production-or-mixed","typed/WorkerError::PlanGap","UNKNOWN","UNKNOWN","Unimplemented","PlanGap is a missing-work contract, never Designed","WorkerError::PlanGap { code: PROCESS_PROVIDER_PLAN_GAP, detail: ""P-03 ProcessExecutor was not injected"", }","a9a50bc0bca08e4ec7aa7c0dcf1a3c447f713e992a966133d5c4f8c6a9c46fab"
"R1-f575a9b42efe8df3f8237478","crates/modules/eliot-native-worker-core/src/lib.rs","402","405","production-or-mixed","typed/WorkerError::PlanGap","UNKNOWN","UNKNOWN","Unimplemented","PlanGap is a missing-work contract, never Designed","WorkerError::PlanGap { code: ADMISSION_PROVIDER_PLAN_GAP, detail: ""G-01-facing admission provider was not injected"", }","a9a50bc0bca08e4ec7aa7c0dcf1a3c447f713e992a966133d5c4f8c6a9c46fab"
"R1-204dcaf307cefc0a2e8c339a","crates/modules/eliot-native-worker-core/src/lib.rs","422","425","production-or-mixed","typed/WorkerError::PlanGap","UNKNOWN","UNKNOWN","Unimplemented","PlanGap is a missing-work contract, never Designed","WorkerError::PlanGap { code: PROCESS_PROVIDER_PLAN_GAP, detail: ""P-03 ProcessExecutor was not injected"", }","a9a50bc0bca08e4ec7aa7c0dcf1a3c447f713e992a966133d5c4f8c6a9c46fab"
"R1-41c0a8a0250631b2fe21f94c","crates/modules/eliot-native-worker-core/src/lib.rs","440","443","production-or-mixed","typed/WorkerError::PlanGap","UNKNOWN","UNKNOWN","Unimplemented","PlanGap is a missing-work contract, never Designed","WorkerError::PlanGap { code: REPLAY_PROVIDER_PLAN_GAP, detail: ""durable replay provider was not injected"", }","a9a50bc0bca08e4ec7aa7c0dcf1a3c447f713e992a966133d5c4f8c6a9c46fab"
"R1-83338de59be5fc085f83fd14","crates/modules/eliot-native-worker-core/src/lib.rs","474","477","production-or-mixed","typed/WorkerError::PlanGap","UNKNOWN","UNKNOWN","Unimplemented","PlanGap is a missing-work contract, never Designed","WorkerError::PlanGap { code: REPLAY_PROVIDER_PLAN_GAP, detail: ""durable replay provider was not injected"", }","a9a50bc0bca08e4ec7aa7c0dcf1a3c447f713e992a966133d5c4f8c6a9c46fab"
"R1-86e891c67852b4a9733f3a33","crates/modules/eliot-native-worker-core/src/lib.rs","488","491","production-or-mixed","typed/WorkerError::PlanGap","UNKNOWN","UNKNOWN","Unimplemented","PlanGap is a missing-work contract, never Designed","WorkerError::PlanGap { code: REPLAY_PROVIDER_PLAN_GAP, detail: ""durable replay provider was not injected"", }","a9a50bc0bca08e4ec7aa7c0dcf1a3c447f713e992a966133d5c4f8c6a9c46fab"
"R1-ce79ff1d3262817c50b40f06","crates/modules/eliot-native-worker-core/src/lib.rs","510","513","production-or-mixed","typed/WorkerError::PlanGap","UNKNOWN","UNKNOWN","Unimplemented","PlanGap is a missing-work contract, never Designed","WorkerError::PlanGap { code: REPLAY_PROVIDER_PLAN_GAP, detail: ""durable replay provider was not injected"", }","a9a50bc0bca08e4ec7aa7c0dcf1a3c447f713e992a966133d5c4f8c6a9c46fab"
"R1-03d699963fd3d30f6fe3b592","crates/modules/eliot-native-worker-core/src/lib.rs","687","690","production-or-mixed","typed/WorkerError::PlanGap","UNKNOWN","UNKNOWN","Unimplemented","PlanGap is a missing-work contract, never Designed","WorkerError::PlanGap { code: PROCESS_PROVIDER_PLAN_GAP, detail: ""P-03 ProcessExecutor was not injected"", }","a9a50bc0bca08e4ec7aa7c0dcf1a3c447f713e992a966133d5c4f8c6a9c46fab"
"R1-50422a8733f20596068d37f8","crates/modules/eliot-native-worker-core/src/lib.rs","742","745","production-or-mixed","typed/WorkerError::PlanGap","UNKNOWN","UNKNOWN","Unimplemented","PlanGap is a missing-work contract, never Designed","WorkerError::PlanGap { code: PROCESS_PROVIDER_PLAN_GAP, detail: ""P-03 ProcessExecutor was not injected"", }","a9a50bc0bca08e4ec7aa7c0dcf1a3c447f713e992a966133d5c4f8c6a9c46fab"
"R1-9f82032ee919a421b13b3434","crates/modules/eliot-native-worker-core/src/lib.rs","818","821","production-or-mixed","typed/WorkerError::PlanGap","UNKNOWN","UNKNOWN","Unimplemented","PlanGap is a missing-work contract, never Designed","WorkerError::PlanGap { code: CHECKPOINT_PROVIDER_PLAN_GAP, detail: ""durable checkpoint provider was not injected"", }","a9a50bc0bca08e4ec7aa7c0dcf1a3c447f713e992a966133d5c4f8c6a9c46fab"
"R1-5ccbe89328a77dcfb069e849","crates/modules/eliot-native-worker-core/src/lib.rs","884","887","production-or-mixed","typed/WorkerError::PlanGap","UNKNOWN","UNKNOWN","Unimplemented","PlanGap is a missing-work contract, never Designed","WorkerError::PlanGap { code: REPLAY_PROVIDER_PLAN_GAP, detail: ""durable replay provider was not injected"", }","a9a50bc0bca08e4ec7aa7c0dcf1a3c447f713e992a966133d5c4f8c6a9c46fab"
"R1-bd8ff14d68e87f113567a56c","crates/modules/eliot-native-worker-core/src/lib.rs","957","960","production-or-mixed","typed/WorkerError::PlanGap","UNKNOWN","UNKNOWN","Unimplemented","PlanGap is a missing-work contract, never Designed","WorkerError::PlanGap { code: ADMISSION_PROVIDER_PLAN_GAP, detail: ""G-01-facing admission provider was not injected"", }","a9a50bc0bca08e4ec7aa7c0dcf1a3c447f713e992a966133d5c4f8c6a9c46fab"
"R1-45abe2c283def9b7f07d2f21","crates/modules/eliot-native-worker-core/src/lib.rs","1011","1014","production-or-mixed","typed/WorkerError::PlanGap","UNKNOWN","UNKNOWN","Unimplemented","PlanGap is a missing-work contract, never Designed","WorkerError::PlanGap { code: ADMISSION_PROVIDER_PLAN_GAP, detail: ""G-01-facing admission provider was not injected"", }","a9a50bc0bca08e4ec7aa7c0dcf1a3c447f713e992a966133d5c4f8c6a9c46fab"
"R1-c3e8b8ea78f0930658d4e4da","crates/modules/eliot-native-worker-core/src/lib.rs","1128","1131","production-or-mixed","typed/WorkerError::PlanGap","UNKNOWN","UNKNOWN","Unimplemented","PlanGap is a missing-work contract, never Designed","WorkerError::PlanGap { code: REPLAY_PROVIDER_PLAN_GAP, detail: ""durable replay provider was not injected"", }","a9a50bc0bca08e4ec7aa7c0dcf1a3c447f713e992a966133d5c4f8c6a9c46fab"
"R1-0fd36f94a74121dc9009c185","crates/modules/eliot-native-worker-core/src/lib.rs","1200","1203","production-or-mixed","typed/WorkerError::PlanGap","UNKNOWN","UNKNOWN","Unimplemented","PlanGap is a missing-work contract, never Designed","WorkerError::PlanGap { code: PROCESS_PROVIDER_PLAN_GAP, detail: ""P-03 ProcessExecutor was not injected"", }","a9a50bc0bca08e4ec7aa7c0dcf1a3c447f713e992a966133d5c4f8c6a9c46fab"
"R1-501bb4dd7ad52ba4cec1eb92","crates/modules/eliot-native-worker-core/src/lib.rs","1212","1215","production-or-mixed","typed/WorkerError::PlanGap","UNKNOWN","UNKNOWN","Unimplemented","PlanGap is a missing-work contract, never Designed","WorkerError::PlanGap { code: REPLAY_PROVIDER_PLAN_GAP, detail: ""durable replay provider was not injected"", }","a9a50bc0bca08e4ec7aa7c0dcf1a3c447f713e992a966133d5c4f8c6a9c46fab"
"R1-cbe70ebe331e790da7a8bb0d","crates/modules/eliot-wasm-runtime/src/runtime.rs","136","136","production-or-mixed","typed/RuntimeError::PlanGap","UNKNOWN","UNKNOWN","Unimplemented","PlanGap is a missing-work contract, never Designed","RuntimeError::PlanGap","c6309a5dea965eb8ae4c709d4403663418dc45cb13d7de97142e06657bba1e9b"
"R1-557daec7c5275d148950f615","crates/modules/eliot-wasm-runtime/src/runtime.rs","203","203","production-or-mixed","typed/RuntimeError::PlanGap","UNKNOWN","UNKNOWN","Unimplemented","PlanGap is a missing-work contract, never Designed","RuntimeError::PlanGap","c6309a5dea965eb8ae4c709d4403663418dc45cb13d7de97142e06657bba1e9b"
"R1-eb38a15d8e9ff806fef44479","crates/modules/eliot-wasm-runtime/src/runtime.rs","207","207","production-or-mixed","typed/RuntimeError::PlanGap","UNKNOWN","UNKNOWN","Unimplemented","PlanGap is a missing-work contract, never Designed","RuntimeError::PlanGap","c6309a5dea965eb8ae4c709d4403663418dc45cb13d7de97142e06657bba1e9b"
"R1-41d8edb13b748e9c0e35d146","crates/modules/eliot-wasm-runtime/src/runtime.rs","213","213","production-or-mixed","typed/RuntimeError::PlanGap","UNKNOWN","UNKNOWN","Unimplemented","PlanGap is a missing-work contract, never Designed","RuntimeError::PlanGap","c6309a5dea965eb8ae4c709d4403663418dc45cb13d7de97142e06657bba1e9b"
"R1-d83ea8fce2be67dddfdbd7fe","crates/modules/eliot-wasm-runtime/src/runtime.rs","307","307","production-or-mixed","typed/InvocationDisposition::Unavailable","UNKNOWN","UNKNOWN","Unknown","runtime availability state is not proof of missing work and is not conflated with Unsupported","InvocationDisposition::Unavailable","c6309a5dea965eb8ae4c709d4403663418dc45cb13d7de97142e06657bba1e9b"
"R1-3675b064708673cf0b025a3c","crates/modules/eliot-wasm-runtime/src/runtime.rs","308","308","production-or-mixed","typed/RuntimeError::PlanGap","UNKNOWN","UNKNOWN","Unimplemented","PlanGap is a missing-work contract, never Designed","RuntimeError::PlanGap","c6309a5dea965eb8ae4c709d4403663418dc45cb13d7de97142e06657bba1e9b"
"R1-4c58e19476553716b988d906","crates/modules/eliot-wasm-runtime/src/runtime.rs","321","321","production-or-mixed","typed/InvocationDisposition::Unavailable","UNKNOWN","UNKNOWN","Unknown","runtime availability state is not proof of missing work and is not conflated with Unsupported","InvocationDisposition::Unavailable","c6309a5dea965eb8ae4c709d4403663418dc45cb13d7de97142e06657bba1e9b"
"R1-3fbc2f23c623d632a29db8f6","crates/modules/eliot-wasm-runtime/src/tests.rs","881","881","test-only","typed/PortError::Unavailable","UNKNOWN","UNKNOWN","Unknown","runtime availability state is not proof of missing work and is not conflated with Unsupported","PortError::Unavailable","f3bebf1eddca64fa9caac1f902433238fde1f5fa8308aa971e802396ad03f20a"
"R1-57ad1026a596e322bbec9237","crates/modules/eliot-wasm-runtime/src/tests.rs","901","901","test-only","typed/PortError::Unavailable","UNKNOWN","UNKNOWN","Unknown","runtime availability state is not proof of missing work and is not conflated with Unsupported","PortError::Unavailable","f3bebf1eddca64fa9caac1f902433238fde1f5fa8308aa971e802396ad03f20a"
"R1-94c6660b3ede6e37596bbf67","crates/smart/eliot-memory/src/lib.rs","318","318","production-or-mixed","typed/MemoryError::Unavailable","UNKNOWN","UNKNOWN","Unknown","runtime availability state is not proof of missing work and is not conflated with Unsupported","MemoryError::Unavailable","76a211643bab444a6692b461ddf4ce6c62788e10b56073f9b96ff40a34f5131d"
"R1-fe380bdf5518e19d32bf0205","crates/smart/eliot-memory/src/lib.rs","378","378","production-or-mixed","typed/MemoryError::Unavailable","UNKNOWN","UNKNOWN","Unknown","runtime availability state is not proof of missing work and is not conflated with Unsupported","MemoryError::Unavailable","76a211643bab444a6692b461ddf4ce6c62788e10b56073f9b96ff40a34f5131d"
"R1-ef4e89bf2793efc95a797c2a","crates/smart/eliot-memory/src/lib.rs","395","395","production-or-mixed","typed/MemoryError::Unavailable","UNKNOWN","UNKNOWN","Unknown","runtime availability state is not proof of missing work and is not conflated with Unsupported","MemoryError::Unavailable","76a211643bab444a6692b461ddf4ce6c62788e10b56073f9b96ff40a34f5131d"
"R1-933d29ab1a6cfdde00fd15df","crates/smart/eliot-memory/src/lib.rs","435","435","production-or-mixed","typed/MemoryError::Unavailable","UNKNOWN","UNKNOWN","Unknown","runtime availability state is not proof of missing work and is not conflated with Unsupported","MemoryError::Unavailable","76a211643bab444a6692b461ddf4ce6c62788e10b56073f9b96ff40a34f5131d"
"R1-d299eec1656f76370689daa3","crates/smart/eliot-memory/src/lib.rs","474","474","production-or-mixed","typed/MemoryError::Unavailable","UNKNOWN","UNKNOWN","Unknown","runtime availability state is not proof of missing work and is not conflated with Unsupported","MemoryError::Unavailable","76a211643bab444a6692b461ddf4ce6c62788e10b56073f9b96ff40a34f5131d"
"R1-3cf378761d72a55fbcc7b55e","crates/smart/eliot-memory/src/lib.rs","499","499","production-or-mixed","typed/MemoryError::Unavailable","UNKNOWN","UNKNOWN","Unknown","runtime availability state is not proof of missing work and is not conflated with Unsupported","MemoryError::Unavailable","76a211643bab444a6692b461ddf4ce6c62788e10b56073f9b96ff40a34f5131d"
"R1-e1200bc6fd9cc5cc4a7ac671","crates/smart/eliot-memory/src/lib.rs","580","580","production-or-mixed","typed/MemoryError::Unavailable","UNKNOWN","UNKNOWN","Unknown","runtime availability state is not proof of missing work and is not conflated with Unsupported","MemoryError::Unavailable","76a211643bab444a6692b461ddf4ce6c62788e10b56073f9b96ff40a34f5131d"
"R1-5d51b88765695d24007756c6","crates/smart/eliot-memory/src/lib.rs","613","613","production-or-mixed","typed/MemoryError::Unavailable","UNKNOWN","UNKNOWN","Unknown","runtime availability state is not proof of missing work and is not conflated with Unsupported","MemoryError::Unavailable","76a211643bab444a6692b461ddf4ce6c62788e10b56073f9b96ff40a34f5131d"
"R1-aede0d6e8438f0ac870a059b","crates/smart/eliot-system-experience/src/lib.rs","134","134","production-or-mixed","typed/ExperienceError::Unavailable","UNKNOWN","UNKNOWN","Unknown","runtime availability state is not proof of missing work and is not conflated with Unsupported","ExperienceError::Unavailable","e06d3835cd4928173ba73b767afe35ceab63a1957b8db6d4e2d492949d893ddd"
"R1-8101fa2a7297996552a3224e","crates/smart/eliot-system-experience/src/lib.rs","168","168","production-or-mixed","typed/ExperienceError::Unavailable","UNKNOWN","UNKNOWN","Unknown","runtime availability state is not proof of missing work and is not conflated with Unsupported","ExperienceError::Unavailable","e06d3835cd4928173ba73b767afe35ceab63a1957b8db6d4e2d492949d893ddd"
"R1-bd4f09a8e0079e6604bdad8b","crates/smart/eliot-system-experience/src/lib.rs","184","184","production-or-mixed","typed/ExperienceError::Unavailable","UNKNOWN","UNKNOWN","Unknown","runtime availability state is not proof of missing work and is not conflated with Unsupported","ExperienceError::Unavailable","e06d3835cd4928173ba73b767afe35ceab63a1957b8db6d4e2d492949d893ddd"
"R1-697ac050ad8f74b54accd36a","crates/smart/eliot-system-experience/src/lib.rs","217","217","production-or-mixed","typed/ExperienceError::Unavailable","UNKNOWN","UNKNOWN","Unknown","runtime availability state is not proof of missing work and is not conflated with Unsupported","ExperienceError::Unavailable","e06d3835cd4928173ba73b767afe35ceab63a1957b8db6d4e2d492949d893ddd"
"R1-649ca2e1c6383235a181cf7d","crates/smart/eliot-system-experience/src/lib.rs","242","242","production-or-mixed","typed/ExperienceError::Unavailable","UNKNOWN","UNKNOWN","Unknown","runtime availability state is not proof of missing work and is not conflated with Unsupported","ExperienceError::Unavailable","e06d3835cd4928173ba73b767afe35ceab63a1957b8db6d4e2d492949d893ddd"
"R1-a417797235c0694844dac098","crates/smart/eliot-system-experience/src/lib.rs","254","254","production-or-mixed","typed/ExperienceError::Unavailable","UNKNOWN","UNKNOWN","Unknown","runtime availability state is not proof of missing work and is not conflated with Unsupported","ExperienceError::Unavailable","e06d3835cd4928173ba73b767afe35ceab63a1957b8db6d4e2d492949d893ddd"
"R1-288c7da593baf0b2f2b6a5a8","crates/smart/eliot-system-experience/src/lib.rs","299","299","production-or-mixed","typed/ExperienceError::Unavailable","UNKNOWN","UNKNOWN","Unknown","runtime availability state is not proof of missing work and is not conflated with Unsupported","ExperienceError::Unavailable","e06d3835cd4928173ba73b767afe35ceab63a1957b8db6d4e2d492949d893ddd"
"R1-54caaddd29cf8b263afd4ba4","crates/smart/eliot-system-experience/src/lib.rs","315","315","production-or-mixed","typed/ExperienceError::Unavailable","UNKNOWN","UNKNOWN","Unknown","runtime availability state is not proof of missing work and is not conflated with Unsupported","ExperienceError::Unavailable","e06d3835cd4928173ba73b767afe35ceab63a1957b8db6d4e2d492949d893ddd"
"R1-d4c43e59b16e847a8cf0f3b3","crates/storage/eliot-blob/src/lib.rs","520","522","production-or-mixed","typed/BlobError::PlanGap","UNKNOWN","UNKNOWN","Unimplemented","PlanGap is a missing-work contract, never Designed","BlobError::PlanGap( ""P-01/P-02 root containment or permission proof unavailable"".to_owned(), )","867f8cf50d13b7e83ec5e9357dacccd9e5e16b5a03619a7d4fa83eb1d9877240"
"R1-b4e22bac053c4f65a09bd793","crates/storage/eliot-blob/src/lib.rs","561","563","production-or-mixed","typed/BlobError::PlanGap","UNKNOWN","UNKNOWN","Unimplemented","PlanGap is a missing-work contract, never Designed","BlobError::PlanGap( ""durable blob journal CAS revision is stale"".to_owned(), )","867f8cf50d13b7e83ec5e9357dacccd9e5e16b5a03619a7d4fa83eb1d9877240"
"R1-54f811e565fdbc139e28d72f","crates/storage/eliot-blob/src/lib.rs","689","691","production-or-mixed","typed/BlobError::PlanGap","UNKNOWN","UNKNOWN","Unimplemented","PlanGap is a missing-work contract, never Designed","BlobError::PlanGap( ""GC target-observed deletion receipt is required"".to_owned(), )","867f8cf50d13b7e83ec5e9357dacccd9e5e16b5a03619a7d4fa83eb1d9877240"
"R1-c647f7860a045f8673633960","crates/storage/eliot-blob/src/lib.rs","702","704","production-or-mixed","typed/BlobError::PlanGap","UNKNOWN","UNKNOWN","Unimplemented","PlanGap is a missing-work contract, never Designed","BlobError::PlanGap( ""legacy GC deletion seam is not accepted without a target receipt"".to_owned(), )","867f8cf50d13b7e83ec5e9357dacccd9e5e16b5a03619a7d4fa83eb1d9877240"
"R1-1bf46b78457b725f704f26c0","crates/storage/eliot-blob/src/lib.rs","880","882","production-or-mixed","typed/BlobError::PlanGap","UNKNOWN","UNKNOWN","Unimplemented","PlanGap is a missing-work contract, never Designed","BlobError::PlanGap( ""GC tombstone revision is missing"".to_owned(), )","867f8cf50d13b7e83ec5e9357dacccd9e5e16b5a03619a7d4fa83eb1d9877240"
"R1-fead2ea6fe404c52cd9d3d5d","crates/storage/eliot-blob/src/lib.rs","893","895","production-or-mixed","typed/BlobError::PlanGap","UNKNOWN","UNKNOWN","Unimplemented","PlanGap is a missing-work contract, never Designed","BlobError::PlanGap( ""GC tombstone state/receipt mismatch"".to_owned(), )","867f8cf50d13b7e83ec5e9357dacccd9e5e16b5a03619a7d4fa83eb1d9877240"
"R1-fc3a933dd0b2d52bf8d38c87","crates/storage/eliot-blob/src/lib.rs","1345","1347","production-or-mixed","typed/BlobError::PlanGap","UNKNOWN","UNKNOWN","Unimplemented","PlanGap is a missing-work contract, never Designed","BlobError::PlanGap( ""GC tombstone CAS revision is stale"".to_owned(), )","867f8cf50d13b7e83ec5e9357dacccd9e5e16b5a03619a7d4fa83eb1d9877240"
"R1-836d6375850f65299e031775","crates/storage/eliot-blob/src/lib.rs","1520","1520","production-or-mixed","typed/BlobError::PlanGap","UNKNOWN","UNKNOWN","Unimplemented","PlanGap is a missing-work contract, never Designed","BlobError::PlanGap(""GC tombstone revision overflow"".to_owned())","867f8cf50d13b7e83ec5e9357dacccd9e5e16b5a03619a7d4fa83eb1d9877240"
"R1-0bcd9fa31c0095ecd856e037","crates/storage/eliot-blob/src/lib.rs","1543","1543","production-or-mixed","typed/BlobError::PlanGap","UNKNOWN","UNKNOWN","Unimplemented","PlanGap is a missing-work contract, never Designed","BlobError::PlanGap(""GC tombstone revision overflow"".to_owned())","867f8cf50d13b7e83ec5e9357dacccd9e5e16b5a03619a7d4fa83eb1d9877240"
"R1-2ce3928e5ba7e75c7f56529c","crates/storage/eliot-blob/src/lib.rs","1554","1556","production-or-mixed","typed/BlobError::PlanGap","UNKNOWN","UNKNOWN","Unimplemented","PlanGap is a missing-work contract, never Designed","BlobError::PlanGap( ""P-02 rejected a reparse point during GC deletion"".to_owned(), )","867f8cf50d13b7e83ec5e9357dacccd9e5e16b5a03619a7d4fa83eb1d9877240"
"R1-926fe62781b61405e9fdc56a","crates/storage/eliot-blob/src/lib.rs","1599","1601","production-or-mixed","typed/BlobError::PlanGap","UNKNOWN","UNKNOWN","Unimplemented","PlanGap is a missing-work contract, never Designed","BlobError::PlanGap( ""P-02 rejected a reparse point while confirming GC receipt"".to_owned(), )","867f8cf50d13b7e83ec5e9357dacccd9e5e16b5a03619a7d4fa83eb1d9877240"
"R1-a5d69ced37fdac4bb4f8a59d","crates/storage/eliot-blob/src/lib.rs","1611","1611","production-or-mixed","typed/BlobError::PlanGap","UNKNOWN","UNKNOWN","Unimplemented","PlanGap is a missing-work contract, never Designed","BlobError::PlanGap(""GC tombstone revision overflow"".to_owned())","867f8cf50d13b7e83ec5e9357dacccd9e5e16b5a03619a7d4fa83eb1d9877240"
"R1-a7296b4445483278b27f0cfd","crates/storage/eliot-blob/src/lib.rs","1628","1630","production-or-mixed","typed/BlobError::PlanGap","UNKNOWN","UNKNOWN","Unimplemented","PlanGap is a missing-work contract, never Designed","BlobError::PlanGap( ""purged or quarantined blob content cannot be re-admitted"".to_owned(), )","867f8cf50d13b7e83ec5e9357dacccd9e5e16b5a03619a7d4fa83eb1d9877240"
"R1-e899952bfb9c9a99cc933f71","crates/storage/eliot-blob/src/lib.rs","2124","2126","production-or-mixed","typed/BlobError::PlanGap","UNKNOWN","UNKNOWN","Unimplemented","PlanGap is a missing-work contract, never Designed","BlobError::PlanGap( ""GC tombstone identity does not match the exact request"".to_owned(), )","867f8cf50d13b7e83ec5e9357dacccd9e5e16b5a03619a7d4fa83eb1d9877240"
"R1-1877bf331e39094b8aa47b00","crates/storage/eliot-blob/src/lib.rs","2143","2145","production-or-mixed","typed/BlobError::PlanGap","UNKNOWN","UNKNOWN","Unimplemented","PlanGap is a missing-work contract, never Designed","BlobError::PlanGap( ""P-02 rejected a reparse point during GC"".to_owned(), )","867f8cf50d13b7e83ec5e9357dacccd9e5e16b5a03619a7d4fa83eb1d9877240"
"R1-e2be4c97f5148f6585c8c2b0","crates/storage/eliot-blob/src/lib.rs","2155","2157","production-or-mixed","typed/BlobError::PlanGap","UNKNOWN","UNKNOWN","Unimplemented","PlanGap is a missing-work contract, never Designed","BlobError::PlanGap( ""P-02 rejected a metadata reparse point during GC"".to_owned(), )","867f8cf50d13b7e83ec5e9357dacccd9e5e16b5a03619a7d4fa83eb1d9877240"
"R1-d14193f3ccb7e3d9d7a1c477","crates/storage/eliot-blob/src/lib.rs","2469","2472","production-or-mixed","typed/BlobError::PlanGap","UNKNOWN","UNKNOWN","Unimplemented","PlanGap is a missing-work contract, never Designed","BlobError::PlanGap( ""S-04 requires an injected P-01/P-02 durable no-replace and reparse-safe blob platform port"" .to_owned(), )","867f8cf50d13b7e83ec5e9357dacccd9e5e16b5a03619a7d4fa83eb1d9877240"
"R1-25b4124fe534afbf349d80d6","crates/storage/eliot-store-api/src/lib.rs","1836","1836","production-or-mixed","typed/StoreError::Unavailable","UNKNOWN","UNKNOWN","Unknown","runtime availability state is not proof of missing work and is not conflated with Unsupported","StoreError::Unavailable","8a0daefbf5e0e53cbb6f4c5c0d2b450308af5df473b1c96aa2361055a554fead"
"R1-a979828b5328fef0fdf1f178","crates/storage/eliot-store-api/src/lib.rs","1847","1847","production-or-mixed","typed/StoreError::Unavailable","UNKNOWN","UNKNOWN","Unknown","runtime availability state is not proof of missing work and is not conflated with Unsupported","StoreError::Unavailable","8a0daefbf5e0e53cbb6f4c5c0d2b450308af5df473b1c96aa2361055a554fead"
"R1-3ba604121661081fc90aa783","crates/storage/eliot-store-api/src/wire.rs","78","78","production-or-mixed","typed/ReadinessStatus::Unavailable","UNKNOWN","UNKNOWN","Unknown","runtime availability state is not proof of missing work and is not conflated with Unsupported","ReadinessStatus::Unavailable","1990a73a7db03999f09bd8201b766affd69bc15fb731b92776b09ebbc7483e2e"
"R1-28d24355370befa692e0944e","crates/storage/eliot-store-memory/src/lib.rs","388","388","production-or-mixed","typed/StoreError::Unavailable","UNKNOWN","UNKNOWN","Unknown","runtime availability state is not proof of missing work and is not conflated with Unsupported","StoreError::Unavailable","e543db7f007077304b6db18cd22a4fc2182897b893997cfe447bdd7e6940107e"
"R1-dd06678d92fa5a477f05e530","crates/storage/eliot-store-memory/src/lib.rs","410","410","production-or-mixed","typed/StoreError::Unavailable","UNKNOWN","UNKNOWN","Unknown","runtime availability state is not proof of missing work and is not conflated with Unsupported","StoreError::Unavailable","e543db7f007077304b6db18cd22a4fc2182897b893997cfe447bdd7e6940107e"
"R1-3bee2cc037cb027490d7a723","crates/storage/eliot-store-memory/src/lib.rs","417","417","production-or-mixed","typed/StoreError::Unavailable","UNKNOWN","UNKNOWN","Unknown","runtime availability state is not proof of missing work and is not conflated with Unsupported","StoreError::Unavailable","e543db7f007077304b6db18cd22a4fc2182897b893997cfe447bdd7e6940107e"
"R1-50ea5da092734e430265320f","crates/storage/eliot-store-memory/src/lib.rs","420","420","production-or-mixed","typed/StoreError::Unavailable","UNKNOWN","UNKNOWN","Unknown","runtime availability state is not proof of missing work and is not conflated with Unsupported","StoreError::Unavailable","e543db7f007077304b6db18cd22a4fc2182897b893997cfe447bdd7e6940107e"
"R1-6f3b8af3516d14dffda10a52","crates/storage/eliot-store-memory/src/lib.rs","533","533","production-or-mixed","typed/StoreHealthStatus::Unavailable","UNKNOWN","UNKNOWN","Unknown","runtime availability state is not proof of missing work and is not conflated with Unsupported","StoreHealthStatus::Unavailable","e543db7f007077304b6db18cd22a4fc2182897b893997cfe447bdd7e6940107e"
"R1-ce294f3d5da3e8fd903a42e8","crates/storage/eliot-store-memory/src/lib.rs","551","551","production-or-mixed","typed/StoreError::Unavailable","UNKNOWN","UNKNOWN","Unknown","runtime availability state is not proof of missing work and is not conflated with Unsupported","StoreError::Unavailable","e543db7f007077304b6db18cd22a4fc2182897b893997cfe447bdd7e6940107e"
"R1-a9f8dd9ac1b353bd4cd87edb","crates/storage/eliot-store-surreal-adapter/src/apply.rs","802","802","production-or-mixed","typed/ProviderHealth::Unavailable","UNKNOWN","UNKNOWN","Unknown","runtime availability state is not proof of missing work and is not conflated with Unsupported","ProviderHealth::Unavailable","f0a35112afcbe19a89bff87a8a824dc61cf0a4e567ddc01422e9f399aafc6eca"
"R1-0eeb53fc3dab25523918c87a","crates/storage/eliot-store-surreal-adapter/src/apply.rs","1559","1559","production-or-mixed","typed/StoreError::Unavailable","UNKNOWN","UNKNOWN","Unknown","runtime availability state is not proof of missing work and is not conflated with Unsupported","StoreError::Unavailable","f0a35112afcbe19a89bff87a8a824dc61cf0a4e567ddc01422e9f399aafc6eca"
"R1-53004f015e4b16a965a4fec9","crates/storage/eliot-store-surreal-adapter/src/apply.rs","1586","1586","production-or-mixed","typed/StoreError::Unavailable","UNKNOWN","UNKNOWN","Unknown","runtime availability state is not proof of missing work and is not conflated with Unsupported","StoreError::Unavailable","f0a35112afcbe19a89bff87a8a824dc61cf0a4e567ddc01422e9f399aafc6eca"
"R1-5e6bccb1d90b3386c60d5e29","crates/storage/eliot-store-surreal-adapter/src/error.rs","53","53","production-or-mixed","typed/StoreError::Unavailable","UNKNOWN","UNKNOWN","Unknown","runtime availability state is not proof of missing work and is not conflated with Unsupported","StoreError::Unavailable","c4aae59a99ff7e7d24f740cf866c25a40dd17f6c5576391d3946d69604b7b17d"
"R1-22349cf43b3260153197b562","crates/storage/eliot-store-surreal-adapter/src/health.rs","48","48","production-or-mixed","typed/AdapterAvailability::Unavailable","UNKNOWN","UNKNOWN","Unknown","runtime availability state is not proof of missing work and is not conflated with Unsupported","AdapterAvailability::Unavailable","da0fa18fe9a2e0558c7a6b5abd31d8714d1349faa38ea52ab61c7c7d1e555a27"
"R1-c92e462e59ea7b4629b67237","crates/storage/eliot-store-surreal-adapter/src/lib.rs","108","108","production-or-mixed","typed/StoreError::Unavailable","UNKNOWN","UNKNOWN","Unknown","runtime availability state is not proof of missing work and is not conflated with Unsupported","StoreError::Unavailable","702550820a0ac18373d5bca925231eff6242d3d62740e10afeb6d6ea21e7a5be"
"R1-fb66002ee859c3ea9c66489a","crates/storage/eliot-store-surreal-adapter/src/lib.rs","115","115","production-or-mixed","typed/StoreError::Unavailable","UNKNOWN","UNKNOWN","Unknown","runtime availability state is not proof of missing work and is not conflated with Unsupported","StoreError::Unavailable","702550820a0ac18373d5bca925231eff6242d3d62740e10afeb6d6ea21e7a5be"
"R1-8fb2d3dd4fd86fde40a4ec71","crates/surfaces/eliot-agent-bridge-core/src/lib.rs","881","881","production-or-mixed","typed/BridgeError::PlanGap","UNKNOWN","UNKNOWN","Unimplemented","PlanGap is a missing-work contract, never Designed","BridgeError::PlanGap(PlanGap::missing(RequiredProvider::HostActivationPort))","cb0cec76543f712362ee6a99906bb4c9e00e1ef7690e96f7f26fca4b512ab28d"
"R1-6f357c456d83478aa1b8a6ad","crates/surfaces/eliot-agent-bridge-core/src/lib.rs","1204","1204","production-or-mixed","typed/BridgeError::PlanGap","UNKNOWN","UNKNOWN","Unimplemented","PlanGap is a missing-work contract, never Designed","BridgeError::PlanGap(gap)","cb0cec76543f712362ee6a99906bb4c9e00e1ef7690e96f7f26fca4b512ab28d"
"R1-2456d5dbe5b68fc6969dc16d","crates/surfaces/eliot-agent-bridge-core/src/lib.rs","1214","1216","production-or-mixed","typed/BridgeError::PlanGap","UNKNOWN","UNKNOWN","Unimplemented","PlanGap is a missing-work contract, never Designed","BridgeError::PlanGap(PlanGap::missing( RequiredProvider::McpForwardingPort, ))","cb0cec76543f712362ee6a99906bb4c9e00e1ef7690e96f7f26fca4b512ab28d"
"R1-091e818da03d8484d7f822dc","crates/surfaces/eliot-agent-bridge-core/src/lib.rs","1230","1230","production-or-mixed","typed/BridgeError::PlanGap","UNKNOWN","UNKNOWN","Unimplemented","PlanGap is a missing-work contract, never Designed","BridgeError::PlanGap(PlanGap::missing(RequiredProvider::McpForwardingPort))","cb0cec76543f712362ee6a99906bb4c9e00e1ef7690e96f7f26fca4b512ab28d"
"R1-7559527875647bcfdc1ff9cc","crates/surfaces/eliot-cli/src/lib.rs","1085","1088","production-or-mixed","typed/CommandAvailability::PlanGap","UNKNOWN","A-06","Unimplemented","PlanGap is a missing-work contract, never Designed","CommandAvailability::PlanGap { missing_work_id: ""A-06"", dependency: ""no admitted Kernel/Governor provider is injected"", }","2ca6627eb222a9f261c7c8dcc40037e1ab72008e25cded8b66f65ba83b98f88f"
"R1-e58571b44cace82273ec616a","crates/surfaces/eliot-cli/src/lib.rs","1099","1102","production-or-mixed","typed/CommandAvailability::PlanGap","UNKNOWN","UNKNOWN","Unimplemented","PlanGap is a missing-work contract, never Designed","CommandAvailability::PlanGap { missing_work_id: ""A-08"", dependency: ""no admitted Kernel/Governor provider is injected"", }","2ca6627eb222a9f261c7c8dcc40037e1ab72008e25cded8b66f65ba83b98f88f"
"R1-a9c26fed3f037f5102de49f0","crates/surfaces/eliot-cli/src/lib.rs","1113","1116","production-or-mixed","typed/CommandAvailability::PlanGap","UNKNOWN","UNKNOWN","Unimplemented","PlanGap is a missing-work contract, never Designed","CommandAvailability::PlanGap { missing_work_id: ""A-08"", dependency: ""no admitted Kernel/Governor provider is injected"", }","2ca6627eb222a9f261c7c8dcc40037e1ab72008e25cded8b66f65ba83b98f88f"
"R1-bb72bc866faabcf9d81f07f7","crates/surfaces/eliot-cli/src/lib.rs","1127","1130","production-or-mixed","typed/CommandAvailability::PlanGap","UNKNOWN","A-06","Unimplemented","PlanGap is a missing-work contract, never Designed","CommandAvailability::PlanGap { missing_work_id: ""A-06"", dependency: ""no admitted Kernel/Governor provider is injected"", }","2ca6627eb222a9f261c7c8dcc40037e1ab72008e25cded8b66f65ba83b98f88f"
"R1-a70c77d961cbcfd6b9f55479","crates/surfaces/eliot-cli/src/lib.rs","1141","1144","production-or-mixed","typed/CommandAvailability::PlanGap","UNKNOWN","A-06","Unimplemented","PlanGap is a missing-work contract, never Designed","CommandAvailability::PlanGap { missing_work_id: ""A-06"", dependency: ""no admitted Kernel/Governor provider is injected"", }","2ca6627eb222a9f261c7c8dcc40037e1ab72008e25cded8b66f65ba83b98f88f"
"R1-16a6d3103b5e08bab4a9dd0c","crates/surfaces/eliot-cli/src/lib.rs","1155","1158","production-or-mixed","typed/CommandAvailability::PlanGap","UNKNOWN","A-06","Unimplemented","PlanGap is a missing-work contract, never Designed","CommandAvailability::PlanGap { missing_work_id: ""A-06"", dependency: ""no admitted Kernel/Governor provider is injected"", }","2ca6627eb222a9f261c7c8dcc40037e1ab72008e25cded8b66f65ba83b98f88f"
"R1-1c4a3847a7932657393e830a","crates/surfaces/eliot-cli/src/lib.rs","1169","1172","production-or-mixed","typed/CommandAvailability::PlanGap","UNKNOWN","A-06","Unimplemented","PlanGap is a missing-work contract, never Designed","CommandAvailability::PlanGap { missing_work_id: ""A-06"", dependency: ""no admitted Kernel/Governor provider is injected"", }","2ca6627eb222a9f261c7c8dcc40037e1ab72008e25cded8b66f65ba83b98f88f"
"R1-fa9eeebcadeae4ae59903298","crates/surfaces/eliot-cli/src/lib.rs","1183","1186","production-or-mixed","typed/CommandAvailability::PlanGap","UNKNOWN","A-06","Unimplemented","PlanGap is a missing-work contract, never Designed","CommandAvailability::PlanGap { missing_work_id: ""A-06"", dependency: ""no admitted Kernel/Governor provider is injected"", }","2ca6627eb222a9f261c7c8dcc40037e1ab72008e25cded8b66f65ba83b98f88f"
"R1-f826f4c95a589247c1f04462","crates/surfaces/eliot-cli/src/lib.rs","1197","1200","production-or-mixed","typed/CommandAvailability::PlanGap","UNKNOWN","A-06","Unimplemented","PlanGap is a missing-work contract, never Designed","CommandAvailability::PlanGap { missing_work_id: ""A-06"", dependency: ""no admitted Kernel/Governor provider is injected"", }","2ca6627eb222a9f261c7c8dcc40037e1ab72008e25cded8b66f65ba83b98f88f"
"R1-efae2d0680e9227c07eb59dd","crates/surfaces/eliot-cli/src/lib.rs","1211","1214","production-or-mixed","typed/CommandAvailability::PlanGap","UNKNOWN","A-06","Unimplemented","PlanGap is a missing-work contract, never Designed","CommandAvailability::PlanGap { missing_work_id: ""A-06"", dependency: ""no admitted Kernel/Governor provider is injected"", }","2ca6627eb222a9f261c7c8dcc40037e1ab72008e25cded8b66f65ba83b98f88f"
"R1-b4e4eebcced3f20ea9e853ef","crates/surfaces/eliot-cli/src/lib.rs","1225","1228","production-or-mixed","typed/CommandAvailability::PlanGap","UNKNOWN","A-06","Unimplemented","PlanGap is a missing-work contract, never Designed","CommandAvailability::PlanGap { missing_work_id: ""A-06"", dependency: ""no admitted Kernel/Governor provider is injected"", }","2ca6627eb222a9f261c7c8dcc40037e1ab72008e25cded8b66f65ba83b98f88f"
"R1-00e31d3a746144bda770d758","crates/surfaces/eliot-cli/src/lib.rs","1239","1242","production-or-mixed","typed/CommandAvailability::PlanGap","UNKNOWN","A-06","Unimplemented","PlanGap is a missing-work contract, never Designed","CommandAvailability::PlanGap { missing_work_id: ""A-06"", dependency: ""no admitted Kernel/Governor provider is injected"", }","2ca6627eb222a9f261c7c8dcc40037e1ab72008e25cded8b66f65ba83b98f88f"
"R1-1e6ea7ba450e1ae695c11826","crates/surfaces/eliot-cli/src/lib.rs","1253","1256","production-or-mixed","typed/CommandAvailability::PlanGap","UNKNOWN","A-06","Unimplemented","PlanGap is a missing-work contract, never Designed","CommandAvailability::PlanGap { missing_work_id: ""A-06"", dependency: ""no admitted Kernel/Governor provider is injected"", }","2ca6627eb222a9f261c7c8dcc40037e1ab72008e25cded8b66f65ba83b98f88f"
"R1-d992644f413ddf271afe02c1","crates/surfaces/eliot-cli/src/lib.rs","1267","1270","production-or-mixed","typed/CommandAvailability::PlanGap","UNKNOWN","A-06","Unimplemented","PlanGap is a missing-work contract, never Designed","CommandAvailability::PlanGap { missing_work_id: ""A-06"", dependency: ""no admitted Kernel/Governor provider is injected"", }","2ca6627eb222a9f261c7c8dcc40037e1ab72008e25cded8b66f65ba83b98f88f"
"R1-5def6de2b24cf1049dc4ec39","crates/surfaces/eliot-cli/src/lib.rs","1281","1284","production-or-mixed","typed/CommandAvailability::PlanGap","UNKNOWN","A-06","Unimplemented","PlanGap is a missing-work contract, never Designed","CommandAvailability::PlanGap { missing_work_id: ""A-06"", dependency: ""no admitted Kernel/Governor provider is injected"", }","2ca6627eb222a9f261c7c8dcc40037e1ab72008e25cded8b66f65ba83b98f88f"
"R1-88be4fff5bf417456446a214","crates/surfaces/eliot-cli/src/lib.rs","1295","1298","production-or-mixed","typed/CommandAvailability::PlanGap","UNKNOWN","A-06","Unimplemented","PlanGap is a missing-work contract, never Designed","CommandAvailability::PlanGap { missing_work_id: ""A-06"", dependency: ""no admitted Kernel/Governor provider is injected"", }","2ca6627eb222a9f261c7c8dcc40037e1ab72008e25cded8b66f65ba83b98f88f"
"R1-1211d7b2bf658e10c45cf700","crates/surfaces/eliot-cli/src/lib.rs","1309","1312","production-or-mixed","typed/CommandAvailability::PlanGap","UNKNOWN","A-06","Unimplemented","PlanGap is a missing-work contract, never Designed","CommandAvailability::PlanGap { missing_work_id: ""A-06"", dependency: ""no admitted Kernel/Governor provider is injected"", }","2ca6627eb222a9f261c7c8dcc40037e1ab72008e25cded8b66f65ba83b98f88f"
"R1-c005b758d6461a12f0b7bb6d","crates/surfaces/eliot-cli/src/lib.rs","1323","1326","production-or-mixed","typed/CommandAvailability::PlanGap","UNKNOWN","A-06","Unimplemented","PlanGap is a missing-work contract, never Designed","CommandAvailability::PlanGap { missing_work_id: ""A-06"", dependency: ""no admitted Kernel/Governor provider is injected"", }","2ca6627eb222a9f261c7c8dcc40037e1ab72008e25cded8b66f65ba83b98f88f"
"R1-c381e05d919c0276e55169c7","crates/surfaces/eliot-cli/src/lib.rs","1337","1340","production-or-mixed","typed/CommandAvailability::PlanGap","UNKNOWN","A-06","Unimplemented","PlanGap is a missing-work contract, never Designed","CommandAvailability::PlanGap { missing_work_id: ""A-06"", dependency: ""no admitted Kernel/Governor provider is injected"", }","2ca6627eb222a9f261c7c8dcc40037e1ab72008e25cded8b66f65ba83b98f88f"
"R1-a89b4e3a5a36d1b3b8f570d5","crates/surfaces/eliot-cli/src/lib.rs","1351","1354","production-or-mixed","typed/CommandAvailability::PlanGap","UNKNOWN","A-06","Unimplemented","PlanGap is a missing-work contract, never Designed","CommandAvailability::PlanGap { missing_work_id: ""A-06"", dependency: ""no admitted Kernel/Governor provider is injected"", }","2ca6627eb222a9f261c7c8dcc40037e1ab72008e25cded8b66f65ba83b98f88f"
"R1-3374c62d8824902056f9af8b","crates/surfaces/eliot-cli/src/lib.rs","1365","1368","production-or-mixed","typed/CommandAvailability::PlanGap","UNKNOWN","A-06","Unimplemented","PlanGap is a missing-work contract, never Designed","CommandAvailability::PlanGap { missing_work_id: ""A-06"", dependency: ""no admitted Kernel/Governor provider is injected"", }","2ca6627eb222a9f261c7c8dcc40037e1ab72008e25cded8b66f65ba83b98f88f"
"R1-efb0491ac8fc237c033d9bed","crates/surfaces/eliot-cli/src/lib.rs","1379","1382","production-or-mixed","typed/CommandAvailability::PlanGap","UNKNOWN","A-06","Unimplemented","PlanGap is a missing-work contract, never Designed","CommandAvailability::PlanGap { missing_work_id: ""A-06"", dependency: ""no admitted Kernel/Governor provider is injected"", }","2ca6627eb222a9f261c7c8dcc40037e1ab72008e25cded8b66f65ba83b98f88f"
"R1-fbcb123197ec0325d7c6df5d","crates/surfaces/eliot-cli/src/lib.rs","1393","1396","production-or-mixed","typed/CommandAvailability::PlanGap","UNKNOWN","A-06","Unimplemented","PlanGap is a missing-work contract, never Designed","CommandAvailability::PlanGap { missing_work_id: ""A-06"", dependency: ""no admitted Kernel/Governor provider is injected"", }","2ca6627eb222a9f261c7c8dcc40037e1ab72008e25cded8b66f65ba83b98f88f"
"R1-ecae36741a95c218c92b0a2a","crates/surfaces/eliot-cli/src/lib.rs","1542","1546","production-or-mixed","typed/CommandResult::Unimplemented","UNKNOWN","UNKNOWN","Unimplemented","explicit missing-work marker","CommandResult::Unimplemented { architecture_anchor: architecture_anchor.to_owned(), work_item_id: work_item_id.to_owned(), detail: detail.to_owned(), }","2ca6627eb222a9f261c7c8dcc40037e1ab72008e25cded8b66f65ba83b98f88f"
"R1-74392f248cb5efcba07bb340","crates/surfaces/eliot-cli/src/lib.rs","2092","2096","test-only","typed/CommandAvailability::Unimplemented","A0.8","W0-01","Unimplemented","explicit missing-work marker","CommandAvailability::Unimplemented { architecture_anchor: ""A0.8"", work_item_id: ""W0-01"", detail: ""implementation is intentionally bounded to a later work item"", }","2ca6627eb222a9f261c7c8dcc40037e1ab72008e25cded8b66f65ba83b98f88f"
"R1-d206c0b23b1a9919fbce2a94","crates/surfaces/eliot-cli/src/lib.rs","2097","2101","test-only","typed/CommandResult::Unimplemented","A0.8","W0-01","Unimplemented","explicit missing-work marker","CommandResult::Unimplemented { architecture_anchor: ""A0.8"".to_owned(), work_item_id: ""W0-01"".to_owned(), detail: ""implementation is intentionally bounded to a later work item"".to_owned(), }","2ca6627eb222a9f261c7c8dcc40037e1ab72008e25cded8b66f65ba83b98f88f"
"R1-f7affed6c43f74fc04d97195","crates/surfaces/eliot-cli/src/lib.rs","2105","2109","test-only","typed/CommandResult::Unimplemented","A0.9","W0-01","Unimplemented","explicit missing-work marker","CommandResult::Unimplemented { architecture_anchor: ""A0.9"".to_owned(), work_item_id: ""W0-01"".to_owned(), detail: ""implementation is intentionally bounded to a later work item"".to_owned(), }","2ca6627eb222a9f261c7c8dcc40037e1ab72008e25cded8b66f65ba83b98f88f"
"R1-39bc60effc9693a66c881fd7","crates/surfaces/eliot-cli/src/lib.rs","2110","2114","test-only","typed/CommandResult::Unimplemented","A0.8","W0-02","Unimplemented","explicit missing-work marker","CommandResult::Unimplemented { architecture_anchor: ""A0.8"".to_owned(), work_item_id: ""W0-02"".to_owned(), detail: ""implementation is intentionally bounded to a later work item"".to_owned(), }","2ca6627eb222a9f261c7c8dcc40037e1ab72008e25cded8b66f65ba83b98f88f"
"R1-4dfe05151151d1f491c8c17d","crates/surfaces/eliot-cli/src/lib.rs","2115","2119","test-only","typed/CommandResult::Unimplemented","A0.8","W0-01","Unimplemented","explicit missing-work marker","CommandResult::Unimplemented { architecture_anchor: ""A0.8"".to_owned(), work_item_id: ""W0-01"".to_owned(), detail: ""different detail"".to_owned(), }","2ca6627eb222a9f261c7c8dcc40037e1ab72008e25cded8b66f65ba83b98f88f"
"R1-798b614eac88d322344d1350","crates/surfaces/eliot-cli/src/lib.rs","2167","2171","test-only","typed/CommandResult::Unimplemented","A0.8","W0-01","Unimplemented","explicit missing-work marker","CommandResult::Unimplemented { architecture_anchor: ""A0.8"".to_owned(), work_item_id: ""W0-01"".to_owned(), detail: ""typed oracle fixture"".to_owned(), }","2ca6627eb222a9f261c7c8dcc40037e1ab72008e25cded8b66f65ba83b98f88f"
"R1-8fcdc34729bdf2947e2eaa34","crates/surfaces/eliot-cli/tests/cli_contract.rs","263","267","test-only","typed/CommandResult::Unimplemented","A0.8","W0-01","Unimplemented","explicit missing-work marker","CommandResult::Unimplemented { architecture_anchor: ""A0.8"".to_owned(), work_item_id: ""W0-01"".to_owned(), detail: ""implementation is intentionally bounded to a later work item"".to_owned(), }","31d89b874cee3a627e85759a81ab63641aa7719cee9cadd8b330205b7a35a8c7"
"R1-fd943b70025d189ae3ba5af0","crates/surfaces/eliot-cli/tests/cli_contract.rs","290","295","test-only","typed/CommandResult::Unavailable","UNKNOWN","W0-01","Unknown","runtime availability state is not proof of missing work and is not conflated with Unsupported","CommandResult::Unavailable { reason: UnavailableReason::PlanGap { missing_work_id: ""W0-01"".to_owned(), dependency: ""eliot-cli"".to_owned(), }, }","31d89b874cee3a627e85759a81ab63641aa7719cee9cadd8b330205b7a35a8c7"
"R1-45956ac3619c1b2cb1f3346a","crates/surfaces/eliot-cli/tests/cli_contract.rs","291","294","test-only","typed/UnavailableReason::PlanGap","UNKNOWN","W0-01","Unimplemented","PlanGap is a missing-work contract, never Designed","UnavailableReason::PlanGap { missing_work_id: ""W0-01"".to_owned(), dependency: ""eliot-cli"".to_owned(), }","31d89b874cee3a627e85759a81ab63641aa7719cee9cadd8b330205b7a35a8c7"
"R1-8e1361923f2448cbba5c5ef0","crates/surfaces/eliot-controlboard/src/lib.rs","619","621","production-or-mixed","typed/ControlBoardError::PlanGap","UNKNOWN","UNKNOWN","Unimplemented","PlanGap is a missing-work contract, never Designed","ControlBoardError::PlanGap( RequiredProvider::G11ReviewProjection, )","57d4a536bfe13be1cfafc3cbadd38a32b258bf2b42690d597f311a56e62d50c0"
"R1-87ec16972ad130343ea528fd","crates/surfaces/eliot-controlboard/src/lib.rs","656","659","production-or-mixed","typed/ControlBoardError::PlanGap","UNKNOWN","UNKNOWN","Unimplemented","PlanGap is a missing-work contract, never Designed","ControlBoardError::PlanGap(match expected_provider { ProjectionProvider::G11 => RequiredProvider::G11ReviewProjection, ProjectionProvider::I12 => RequiredProvider::I12ReportProjection, })","57d4a536bfe13be1cfafc3cbadd38a32b258bf2b42690d597f311a56e62d50c0"
"R1-60e476dee3ad8a246ca5ee6e","crates/surfaces/eliot-controlboard/src/lib.rs","669","669","production-or-mixed","typed/ControlBoardError::PlanGap","UNKNOWN","UNKNOWN","Unimplemented","PlanGap is a missing-work contract, never Designed","ControlBoardError::PlanGap(provider)","57d4a536bfe13be1cfafc3cbadd38a32b258bf2b42690d597f311a56e62d50c0"
"R1-328712042da5f50d889ec819","crates/surfaces/eliot-controlboard/src/lib.rs","1028","1028","production-or-mixed","typed/ControlBoardError::PlanGap","UNKNOWN","UNKNOWN","Unimplemented","PlanGap is a missing-work contract, never Designed","ControlBoardError::PlanGap(RequiredProvider::AccessResolver)","57d4a536bfe13be1cfafc3cbadd38a32b258bf2b42690d597f311a56e62d50c0"
"R1-89e216e61e29dc70a8e7d71b","crates/surfaces/eliot-controlboard/src/lib.rs","1044","1044","production-or-mixed","typed/ControlBoardError::PlanGap","UNKNOWN","UNKNOWN","Unimplemented","PlanGap is a missing-work contract, never Designed","ControlBoardError::PlanGap(RequiredProvider::CanonicalState)","57d4a536bfe13be1cfafc3cbadd38a32b258bf2b42690d597f311a56e62d50c0"
"R1-4afbc4996df04b0c105ad3a1","crates/surfaces/eliot-controlboard/src/lib.rs","1092","1094","production-or-mixed","typed/ControlBoardError::PlanGap","UNKNOWN","UNKNOWN","Unimplemented","PlanGap is a missing-work contract, never Designed","ControlBoardError::PlanGap( RequiredProvider::OperatorCommand, )","57d4a536bfe13be1cfafc3cbadd38a32b258bf2b42690d597f311a56e62d50c0"
"R1-a7d21efee71ba1fd5755ad50","crates/surfaces/eliot-mcp/src/core.rs","578","581","production-or-mixed","typed/PortFailure::PlanGap","UNKNOWN","UNKNOWN","Unimplemented","PlanGap is a missing-work contract, never Designed","PortFailure::PlanGap { missing_capability: ""active-session-binding-resolver"".to_owned(), reason: ""no admitted Kernel/Governor provider is injected"".to_owned(), }","c246354317f79f2b200f66d0f97d746c0c6f37df312802afd231031e223a1f08"
"R1-93ec2f78357c0f8454ee8d2d","crates/surfaces/eliot-mcp/src/core.rs","585","588","production-or-mixed","typed/PortFailure::PlanGap","UNKNOWN","UNKNOWN","Unimplemented","PlanGap is a missing-work contract, never Designed","PortFailure::PlanGap { missing_capability: request.request.tool.canonical_name().to_owned(), reason: ""no admitted Kernel/Governor provider is injected"".to_owned(), }","c246354317f79f2b200f66d0f97d746c0c6f37df312802afd231031e223a1f08"
"R1-9da339e02a8519c5042f0404","crates/surfaces/eliot-mcp/tests/contract.rs","678","681","test-only","typed/PortFailure::Unsupported","UNKNOWN","UNKNOWN","Designed","intentional unsupported platform/profile or capability refusal; evidence=context","PortFailure::Unsupported { capability: ""test-fixture"".to_owned(), reason: error.to_string(), }","a761258b10d84fc402913f007f96f868d86b3789763117eb08dcad33618898a3"
"R1-6c5b6794dcfdc40dabed84fd","crates/surfaces/eliot-mcp/tests/contract.rs","683","686","test-only","typed/PortFailure::Unsupported","UNKNOWN","UNKNOWN","Designed","intentional unsupported platform/profile or capability refusal; evidence=context","PortFailure::Unsupported { capability: ""test-fixture"".to_owned(), reason: error.to_string(), }","a761258b10d84fc402913f007f96f868d86b3789763117eb08dcad33618898a3"
"R1-2eb808af71a56a0ad1a0a9fc","crates/surfaces/eliot-mcp/tests/contract.rs","702","705","test-only","typed/PortFailure::Unsupported","UNKNOWN","UNKNOWN","Designed","intentional unsupported platform/profile or capability refusal; evidence=context","PortFailure::Unsupported { capability: ""test-fixture"".to_owned(), reason: error.to_string(), }","a761258b10d84fc402913f007f96f868d86b3789763117eb08dcad33618898a3"
"R1-11a771236746110b47a631fb","crates/surfaces/eliot-mcp/tests/contract.rs","715","718","test-only","typed/PortFailure::Unsupported","UNKNOWN","UNKNOWN","Designed","intentional unsupported platform/profile or capability refusal; evidence=context","PortFailure::Unsupported { capability: ""test-fixture"".to_owned(), reason: error.to_string(), }","a761258b10d84fc402913f007f96f868d86b3789763117eb08dcad33618898a3"
"R1-2010b1f5542b08f0db42e307","crates/surfaces/eliot-mcp/tests/contract.rs","784","787","test-only","typed/PortFailure::Unsupported","UNKNOWN","UNKNOWN","Designed","intentional unsupported platform/profile or capability refusal; evidence=context","PortFailure::Unsupported { capability: ""test-fixture"".to_owned(), reason: error.to_string(), }","a761258b10d84fc402913f007f96f868d86b3789763117eb08dcad33618898a3"
"R1-1d6161765702439f44ab7103","crates/surfaces/eliot-notify-core/src/lib.rs","782","785","production-or-mixed","typed/NotifyError::PlanGap","UNKNOWN","UNKNOWN","Unimplemented","PlanGap is a missing-work contract, never Designed","NotifyError::PlanGap { provider: ProviderId::G08Problem, reason: ""G-08 verification port is missing"", }","81caf9ad6b8cff9e52314cbc076525c329b322c9baa319864fc8b04a12627ac0"
"R1-b069b0912fe24aa000bfca5b","crates/surfaces/eliot-notify-core/src/lib.rs","834","837","production-or-mixed","typed/NotifyError::PlanGap","UNKNOWN","UNKNOWN","Unimplemented","PlanGap is a missing-work contract, never Designed","NotifyError::PlanGap { provider: ProviderId::WatchdogSignature, reason: ""Watchdog signature verification port is missing"", }","81caf9ad6b8cff9e52314cbc076525c329b322c9baa319864fc8b04a12627ac0"
"R1-4ac72b7917a622a61130d883","crates/surfaces/eliot-notify-core/src/lib.rs","891","894","production-or-mixed","typed/NotifyError::PlanGap","UNKNOWN","UNKNOWN","Unimplemented","PlanGap is a missing-work contract, never Designed","NotifyError::PlanGap { provider: ProviderId::A08Admission, reason: ""A-08 admission verification port is missing"", }","81caf9ad6b8cff9e52314cbc076525c329b322c9baa319864fc8b04a12627ac0"
"R1-884d15fdb2ac76f1b1811850","crates/surfaces/eliot-notify-core/src/lib.rs","930","933","production-or-mixed","typed/NotifyError::PlanGap","UNKNOWN","UNKNOWN","Unimplemented","PlanGap is a missing-work contract, never Designed","NotifyError::PlanGap { provider: ProviderId::OneShotLedger, reason: ""durable one-shot ledger port is missing"", }","81caf9ad6b8cff9e52314cbc076525c329b322c9baa319864fc8b04a12627ac0"
"R1-8ea51010113345316dcafaac","crates/surfaces/eliot-notify-core/src/lib.rs","955","958","production-or-mixed","typed/NotifyError::PlanGap","UNKNOWN","UNKNOWN","Unimplemented","PlanGap is a missing-work contract, never Designed","NotifyError::PlanGap { provider: ProviderId::OneShotLedger, reason: ""durable one-shot ledger is unavailable"", }","81caf9ad6b8cff9e52314cbc076525c329b322c9baa319864fc8b04a12627ac0"
"R1-0e1c047cd97227315fb62d23","crates/surfaces/eliot-notify-core/src/lib.rs","995","998","production-or-mixed","typed/NotifyError::PlanGap","UNKNOWN","UNKNOWN","Unimplemented","PlanGap is a missing-work contract, never Designed","NotifyError::PlanGap { provider: ProviderId::DeliveryReceipt, reason: ""delivery receipt verification port is missing"", }","81caf9ad6b8cff9e52314cbc076525c329b322c9baa319864fc8b04a12627ac0"
"R1-7166a69d4f0f1fc670faf955","crates/surfaces/eliot-notify-core/src/lib.rs","1848","1848","test-only","typed/LedgerReserveOutcome::Unavailable","UNKNOWN","UNKNOWN","Unknown","runtime availability state is not proof of missing work and is not conflated with Unsupported","LedgerReserveOutcome::Unavailable","81caf9ad6b8cff9e52314cbc076525c329b322c9baa319864fc8b04a12627ac0"
"R1-4fefe3065786ed56b045670d","crates/surfaces/eliot-notify-core/src/lib.rs","1857","1857","test-only","typed/LedgerCommitOutcome::Unavailable","UNKNOWN","UNKNOWN","Unknown","runtime availability state is not proof of missing work and is not conflated with Unsupported","LedgerCommitOutcome::Unavailable","81caf9ad6b8cff9e52314cbc076525c329b322c9baa319864fc8b04a12627ac0"
"R1-88a99f36500639bb74ee4478","crates/surfaces/eliot-notify-core/src/lib.rs","2246","2246","test-only","typed/ProviderErrorCode::Unavailable","UNKNOWN","UNKNOWN","Unknown","runtime availability state is not proof of missing work and is not conflated with Unsupported","ProviderErrorCode::Unavailable","81caf9ad6b8cff9e52314cbc076525c329b322c9baa319864fc8b04a12627ac0"
"R1-d3afc3553f6e7df9905af8c4","crates/surfaces/eliot-skills/src/contract.rs","1431","1434","production-or-mixed","typed/OmissionReason::PlanGap","UNKNOWN","UNKNOWN","Unimplemented","PlanGap is a missing-work contract, never Designed","OmissionReason::PlanGap { code, reason: reason.to_owned(), }","a94e154c99cafe0280622e51cab87ea4cecbdbfe59e5c4a814eb25c3a87417ff"
"R1-f6f7f7efc547e41955c5447c","crates/surfaces/eliot-skills/src/contract.rs","2024","2027","production-or-mixed","typed/SkillContractError::PlanGap","UNKNOWN","UNKNOWN","Unimplemented","PlanGap is a missing-work contract, never Designed","SkillContractError::PlanGap { code: UnavailableCode::ProviderUnavailable, reason: ""sealed readiness verifier provider is not injected"".to_owned(), }","a94e154c99cafe0280622e51cab87ea4cecbdbfe59e5c4a814eb25c3a87417ff"
"R1-d35f07a5507374fcfaa26d18","crates/surfaces/eliot-skills/src/contract.rs","2036","2039","production-or-mixed","typed/SkillContractError::PlanGap","UNKNOWN","UNKNOWN","Unimplemented","PlanGap is a missing-work contract, never Designed","SkillContractError::PlanGap { code: UnavailableCode::G16Unavailable, reason: ""sealed G-16 verifier provider is not injected"".to_owned(), }","a94e154c99cafe0280622e51cab87ea4cecbdbfe59e5c4a814eb25c3a87417ff"
"R1-8565e4d4e5ae84439b7844f3","crates/surfaces/eliot-skills/src/contract.rs","2457","2461","test-only","typed/Availability::Unavailable","UNKNOWN","UNKNOWN","Unknown","runtime availability state is not proof of missing work and is not conflated with Unsupported","Availability::Unavailable { field: AvailabilityField::Provider, code: UnavailableCode::A06Unavailable, reason: ""wrong typed code"".to_owned(), }","a94e154c99cafe0280622e51cab87ea4cecbdbfe59e5c4a814eb25c3a87417ff"
"R1-09bae0b3217664fb01026e73","crates/surfaces/eliot-skills/src/contract.rs","2859","2863","test-only","typed/Availability::Unavailable","UNKNOWN","UNKNOWN","Unknown","runtime availability state is not proof of missing work and is not conflated with Unsupported","Availability::Unavailable { field: AvailabilityField::HostCapability, code: UnavailableCode::HostCapabilityUnavailable, reason: ""conflicting duplicate"".to_owned(), }","a94e154c99cafe0280622e51cab87ea4cecbdbfe59e5c4a814eb25c3a87417ff"
"R1-2a3e2a3215147d63daefb467","crates/surfaces/eliot-user-broker-core/src/lib.rs","662","662","production-or-mixed","typed/BrokerError::PlanGap","UNKNOWN","UNKNOWN","Unimplemented","PlanGap is a missing-work contract, never Designed","BrokerError::PlanGap(RequiredProvider::DurableRegistration)","ed859f886d5487659942b4ce1c29aa833a9ff05e7705bdff8f5a47bbe3ba8a03"
"R1-e8c061113a7424c39e109ac8","crates/surfaces/eliot-user-broker-core/src/lib.rs","665","665","production-or-mixed","typed/BrokerError::PlanGap","UNKNOWN","UNKNOWN","Unimplemented","PlanGap is a missing-work contract, never Designed","BrokerError::PlanGap(RequiredProvider::DurableRegistration)","ed859f886d5487659942b4ce1c29aa833a9ff05e7705bdff8f5a47bbe3ba8a03"
"R1-f0ed98c5a218c562ea6cf566","crates/surfaces/eliot-user-broker-core/src/lib.rs","739","739","production-or-mixed","typed/BrokerError::PlanGap","UNKNOWN","UNKNOWN","Unimplemented","PlanGap is a missing-work contract, never Designed","BrokerError::PlanGap(RequiredProvider::G01Authority)","ed859f886d5487659942b4ce1c29aa833a9ff05e7705bdff8f5a47bbe3ba8a03"
"R1-c35e8206817e1b18359adb48","crates/surfaces/eliot-user-broker-core/src/lib.rs","765","765","production-or-mixed","typed/BrokerError::PlanGap","UNKNOWN","UNKNOWN","Unimplemented","PlanGap is a missing-work contract, never Designed","BrokerError::PlanGap(RequiredProvider::G01Authority)","ed859f886d5487659942b4ce1c29aa833a9ff05e7705bdff8f5a47bbe3ba8a03"
"R1-c8655b45bf062119f24e3964","crates/surfaces/eliot-user-broker-core/src/lib.rs","781","781","production-or-mixed","typed/BrokerError::PlanGap","UNKNOWN","UNKNOWN","Unimplemented","PlanGap is a missing-work contract, never Designed","BrokerError::PlanGap(RequiredProvider::G01Authority)","ed859f886d5487659942b4ce1c29aa833a9ff05e7705bdff8f5a47bbe3ba8a03"
"R1-d50011a3ae08c8430e22df7b","crates/surfaces/eliot-user-broker-core/src/lib.rs","820","820","production-or-mixed","typed/BrokerError::PlanGap","UNKNOWN","UNKNOWN","Unimplemented","PlanGap is a missing-work contract, never Designed","BrokerError::PlanGap(RequiredProvider::G01Authority)","ed859f886d5487659942b4ce1c29aa833a9ff05e7705bdff8f5a47bbe3ba8a03"
"R1-639076020bf847b3ec23f97c","crates/surfaces/eliot-user-broker-core/src/lib.rs","833","833","production-or-mixed","typed/BrokerError::PlanGap","UNKNOWN","UNKNOWN","Unimplemented","PlanGap is a missing-work contract, never Designed","BrokerError::PlanGap(RequiredProvider::P03Process)","ed859f886d5487659942b4ce1c29aa833a9ff05e7705bdff8f5a47bbe3ba8a03"
"R1-a466edb3582d6c1d80ceb821","crates/surfaces/eliot-user-broker-core/src/lib.rs","860","860","production-or-mixed","typed/BrokerError::PlanGap","UNKNOWN","UNKNOWN","Unimplemented","PlanGap is a missing-work contract, never Designed","BrokerError::PlanGap(RequiredProvider::P03Process)","ed859f886d5487659942b4ce1c29aa833a9ff05e7705bdff8f5a47bbe3ba8a03"
"R1-325e0bf188360cdd94e6186d","crates/surfaces/eliot-user-broker-core/src/lib.rs","896","896","production-or-mixed","typed/BrokerError::PlanGap","UNKNOWN","UNKNOWN","Unimplemented","PlanGap is a missing-work contract, never Designed","BrokerError::PlanGap(RequiredProvider::P03Process)","ed859f886d5487659942b4ce1c29aa833a9ff05e7705bdff8f5a47bbe3ba8a03"
"R1-8d10dfa44f6409ad3a627e80","crates/surfaces/eliot-user-broker-core/src/lib.rs","941","941","production-or-mixed","typed/BrokerError::PlanGap","UNKNOWN","UNKNOWN","Unimplemented","PlanGap is a missing-work contract, never Designed","BrokerError::PlanGap(RequiredProvider::P03Process)","ed859f886d5487659942b4ce1c29aa833a9ff05e7705bdff8f5a47bbe3ba8a03"
"R1-ef2d18182c7335fe31738faf","crates/surfaces/eliot-user-broker-core/src/lib.rs","971","971","production-or-mixed","typed/BrokerError::PlanGap","UNKNOWN","UNKNOWN","Unimplemented","PlanGap is a missing-work contract, never Designed","BrokerError::PlanGap(RequiredProvider::P03Process)","ed859f886d5487659942b4ce1c29aa833a9ff05e7705bdff8f5a47bbe3ba8a03"
"R1-e607ed06cdcf4acaf0c81a02","crates/surfaces/eliot-user-broker-core/src/lib.rs","1049","1049","production-or-mixed","typed/BrokerError::PlanGap","UNKNOWN","UNKNOWN","Unimplemented","PlanGap is a missing-work contract, never Designed","BrokerError::PlanGap(RequiredProvider::G01Authority)","ed859f886d5487659942b4ce1c29aa833a9ff05e7705bdff8f5a47bbe3ba8a03"
"R1-52481341a90abe41e4e6aedf","crates/surfaces/eliot-user-broker-core/src/lib.rs","1073","1073","production-or-mixed","typed/BrokerError::PlanGap","UNKNOWN","UNKNOWN","Unimplemented","PlanGap is a missing-work contract, never Designed","BrokerError::PlanGap(RequiredProvider::G01Authority)","ed859f886d5487659942b4ce1c29aa833a9ff05e7705bdff8f5a47bbe3ba8a03"
"R1-ead661c2ffe7319723ceac30","crates/surfaces/eliot-user-broker-core/src/lib.rs","1079","1079","production-or-mixed","typed/BrokerError::PlanGap","UNKNOWN","UNKNOWN","Unimplemented","PlanGap is a missing-work contract, never Designed","BrokerError::PlanGap(RequiredProvider::G01Authority)","ed859f886d5487659942b4ce1c29aa833a9ff05e7705bdff8f5a47bbe3ba8a03"
"R1-eaf652ce96bc82f6943e40b4","crates/surfaces/eliot-user-broker-core/src/lib.rs","1092","1092","production-or-mixed","typed/BrokerError::PlanGap","UNKNOWN","UNKNOWN","Unimplemented","PlanGap is a missing-work contract, never Designed","BrokerError::PlanGap(RequiredProvider::G01Authority)","ed859f886d5487659942b4ce1c29aa833a9ff05e7705bdff8f5a47bbe3ba8a03"
"R1-3c3d57714f8aae2e5ddd1365","crates/surfaces/eliot-user-broker-core/src/lib.rs","1099","1099","production-or-mixed","typed/BrokerError::PlanGap","UNKNOWN","UNKNOWN","Unimplemented","PlanGap is a missing-work contract, never Designed","BrokerError::PlanGap(RequiredProvider::G01Authority)","ed859f886d5487659942b4ce1c29aa833a9ff05e7705bdff8f5a47bbe3ba8a03"
"R1-dfdb6384f06a88b0a5ea3521","crates/surfaces/eliot-user-broker-core/src/lib.rs","1112","1112","production-or-mixed","typed/BrokerError::PlanGap","UNKNOWN","UNKNOWN","Unimplemented","PlanGap is a missing-work contract, never Designed","BrokerError::PlanGap(RequiredProvider::G01Authority)","ed859f886d5487659942b4ce1c29aa833a9ff05e7705bdff8f5a47bbe3ba8a03"
"R1-2c9ba6df67e10c95d4935f01","crates/surfaces/eliot-user-broker-core/src/lib.rs","1157","1157","production-or-mixed","typed/BrokerError::PlanGap","UNKNOWN","UNKNOWN","Unimplemented","PlanGap is a missing-work contract, never Designed","BrokerError::PlanGap(RequiredProvider::DurableRegistration)","ed859f886d5487659942b4ce1c29aa833a9ff05e7705bdff8f5a47bbe3ba8a03"
"R1-309aa34f1247488a13815913","workspace/tools/eliot-campaign-executor/src/lib.rs","1151","1151","production-or-mixed","typed/OpenCodeRouteState::Unavailable","UNKNOWN","UNKNOWN","Unknown","runtime availability state is not proof of missing work and is not conflated with Unsupported","OpenCodeRouteState::Unavailable { reason }","16f3f8fe45146647de84427ad14975af6869bfc37f4dbf9fd3a0a1b2c1c3ce23"
"R1-52fae8a5697330c5eacee639","workspace/tools/eliot-campaign-executor/tests/d02_coordination.rs","119","119","test-only","typed/PeerDeliveryState::Unavailable","UNKNOWN","UNKNOWN","Unknown","runtime availability state is not proof of missing work and is not conflated with Unsupported","PeerDeliveryState::Unavailable","4343c3d5c894ef620a4eee7291600009993a43d52ce3c919d60ba5a865f19182"
