order	wave	issue	state	manager	items	write_paths	depends_on	completion	base_sha	conflicting_prs	dispatch_gate
1	1	3980	READY	M-LEGACY	Existing repair 1-5; preserve retained legacy isolation	"[""crates/eliot-types/src/config.rs"",""crates/eliot-types/src/error.rs"",""crates/eliot-store/src/surreal_server.rs"",""crates/eliot-store/src/surreal_rpc.rs""]"	[]	One full-grammar local endpoint validator is called before loader/supervisor/RPC effects; typed diagnostics do not echo rejected secrets; reserved-store isolation is unchanged.	b7e9e334569639a6290baeacf82bf44941def506	[]	CLAIM_AFTER_PREFLIGHT
2	1	2691	READY	M-STORE	W5; W7; A6 source obligations; preserve prior fixes	"[""crates/storage/eliot-store-surreal-adapter/src/backup_snapshot.rs"",""crates/storage/eliot-store-surreal-adapter/src/lib.rs"",""bins/eliot-store-surreal/src/lib.rs"",""bins/eliot-store-surreal/src/main.rs"",""bins/eliot-store-surreal/src/diagnostics.rs""]"	[]	The supervised S-03 lifetime drives bounded snapshot expiry while idle and exposes owner-accounted budgets; all exits stop/join the driver without erasing retained evidence.	b7e9e334569639a6290baeacf82bf44941def506	[3869]	CLAIM_AFTER_PREFLIGHT
3	1	2643	READY	M-OPERATOR	Current get_context identity-guard residual; preserve prior wire/recovery fixes	"[""apps/Eliot.Operator/Protocol/UserAutomationContracts.cs"",""apps/Eliot.Operator/Services/GovernorPipeClient.cs""]"	[]	Fresh closed get_context retains its nonce and can reach transport; every business/current-recovery request still binds its exact operation key and original fence.	b7e9e334569639a6290baeacf82bf44941def506	[]	CLAIM_AFTER_PREFLIGHT
4	1	2701	READY	M-TOOLS	Audit 5908785311 items 1-7; preserve 9	"[""scripts/audit-serde-boundary-closure.py"",""scripts/serde_boundary_inventory.py""]"	[]	Current #929 result is strictly validated with one check(Path) call; malformed counts/IDs/digests/ceiling/rows refuse; valid unknown and needs-repair findings survive.	b7e9e334569639a6290baeacf82bf44941def506	[]	CLAIM_AFTER_PREFLIGHT
5	1	63	READY		Re-pin ISSUE_63_GOLDEN_CHAIN_DIGEST in crates/governor/eliot-canonical/src/lib.rs to the digest the shared function returns for golden_chain_envelope; re-pin the identical constant in crates/storage/eliot-store-memory/src/lib.rs so both literals stay byte-equal; repair the governor byte-identity oracle shared_request_hash_is_byte_identical_to_the_envelope_hash; correct the two now-false doc comments claiming the view is field-identical to the Governor envelope	"[""crates/governor/eliot-canonical/src/lib.rs"", ""crates/storage/eliot-store-memory/src/lib.rs"", ""crates/storage/eliot-store-api/src/request_hash.rs""]"	[]	cargo test --locked -p eliot-canonical --lib and cargo test --locked -p eliot-store-memory --lib both pass with one identical cross-crate digest literal for golden_chain_envelope and no assertion comparing the shared view hash to the bare envelope JSON.	cac8ef382e46855c75f99fc615583cda18482111	[]	CLAIM_AFTER_PREFLIGHT
6	1	74	READY		bind a registration generation inside the #[cfg(test)] fixture issuer() so the eight red acceptance cases reach their assertions; deferred: scalar authority-field migration belongs to #64 (OPEN), #74 must only not duplicate the type	"[""bins/eliot-user-broker/src/operation_identity.rs""]"	[]	cargo test --locked -p eliot-user-broker --no-fail-fast exits 0 with zero failures, so the eight identity-sequence cases run to completion instead of panicking at .expect(...).	cac8ef382e46855c75f99fc615583cda18482111	[]	CLAIM_AFTER_PREFLIGHT
7	1	88	READY		retain the original renewal transition identity so a replay can rebuild the original transition instead of reconstructing it from the current head; build ExactReplay from that retained decision with no new transition; separate replay-of-a-committed-renewal from a genuine no-successor decision; keep both validators strict	"[""crates/foundation/eliot-runtime-contracts/src/supervision_lease.rs"", ""bins/eliot-kernel/src/daemon_supervision.rs"", ""bins/eliot-kernel/src/supervision_lease_authority.rs"", ""bins/eliot-kernel/src/lib.rs"", ""crates/foundation/eliot-contracts/tests/data/shipped_serde_boundaries.toml""]"	[]	After a 7->8 renewal an unchanged retransmitted request returns a coherent original 7->8 ExactReplay whose decision and receipt both pass their own validate, with zero additional ORS revision or live-receipt publication effects; changed bytes still report IDENTITY_CONFLICT.	cac8ef382e46855c75f99fc615583cda18482111	[3812,3811,4490,2369,3869,4599]	CLAIM_AFTER_PREFLIGHT
8	1	203	READY		replace the absolute epoch-ms literals at tests/activation.rs:251,433,815,881 with wall-clock-relative values mirroring agent_bridge.rs::claim_agent_activation_ticket; repair the no-result-deadline leg at :1151-1160 which gets SessionFenced before the deadline branch; add the missing wrong-ticket/wrong-digest/wrong-StateFence fixtures; run the activation fixtures on Windows	"[""bins/eliot-kernel/src/tests/activation.rs""]"	[]	cargo test -p eliot-kernel --lib tests::activation on Windows is green for all twelve cases including activation_host_request_resolves_canonical_v2_envelope_result, and the added wrong-ticket/digest/fence cases each show refusal with no Session authority.	cac8ef382e46855c75f99fc615583cda18482111	[]	CLAIM_AFTER_PREFLIGHT
9	1	216	READY		repair the stale index-based records[0] assertion in the determinism proof; repair the same stale positional assumption in the legacy-flat import proof; pin the ordering/identity-coverage invariant so an unrelated record insertion cannot silently break the proof again	"[""crates/foundation/eliot-bootstrap/src/lib.rs""]"	[]	cargo test --locked -p eliot-bootstrap reports test result ok with zero failures, with snapshot_is_deterministic_and_sorted and legacy_flat_import_is_partial_unknown_never_complete both passing under the source-derived record-order invariant.	cac8ef382e46855c75f99fc615583cda18482111	[5021]	CLAIM_AFTER_PREFLIGHT
10	1	261	READY		repair DIS-LEA-ACTIVATION-SURFACE by raising the recorded HarnessActivationReceiptCandidate fields list from 15 to the measured 33 and correcting the row's own count prose; repair DIS-CTX-VIEW-EXECUTION-POLICY by adding execution and policy_sha256 to ActiveUnderstandingView (9 to 11); replace the three dangling I5.22 doc references with I05-22; correct the copied 15-vs-32 number in cognitive-wave-01.toml to 15-vs-33; repin FREEZE_ID/REQUIRED_FREEZE_DIGEST and CONSUMED_FREEZE_ID/CONSUMED_FREEZE_DIGEST plus the CC-W9-REV12-HANDOFF digest and byte length in the same work unit; mark both disagreement rows repaired without deleting them	"[""crates/smart/cognitive-rev12-contract-schema-freeze.toml"", ""crates/smart/cognitive-contract-challenges.toml"", ""crates/smart/eliot-dreamer-memory-revision/src/lib.rs"", ""crates/smart/eliot-memory-quality/src/lib.rs"", ""crates/smart/cognitive-wave-01.toml""]"	[]	On main the freeze declares a new freeze_id, its two named frozen_type fields lists match the current structs exactly (33 and 11 fields) with both disagreement rows still present and marked repaired, no reference names a non-existent doc path, scripts/read_freeze_digest.py passes, and verify_freeze_binding() called from eliot-dreamer-memory-revision/src/lib.rs:630 returns Ok against the new bytes.	cac8ef382e46855c75f99fc615583cda18482111	[5021]	CLAIM_AFTER_PREFLIGHT
11	1	458	READY		bind the empty-batch cursor/high-water fixture; bind the wrong-predecessor fixture; bind the wrong generation/epoch fixture; bind the payload-mutation fixture; bind the forged-acknowledgement fixture; bind the restart-preserves-cursor fixture; add WORK_UNIT_CASE: 458/n markers to every new and touched test case	"[""bins/eliot-watchdog/tests/export_through_admission_advances_once.rs"", ""bins/eliot-watchdog/tests/store_unavailable_leaves_cursor_replayable.rs"", ""bins/eliot-watchdog/tests/spool_backup.rs""]"	[]	Every fixture named in the issue Required fixtures list is asserted by its own named #[test] carrying a WORK_UNIT_CASE: 458/n marker, and cargo test --locked -p eliot-watchdog-core -p eliot-watchdog --all-targets reports a green test result line for each.	cac8ef382e46855c75f99fc615583cda18482111	[3049]	CLAIM_AFTER_PREFLIGHT
12	1	485	READY		exact-replay idempotence fixture (Committed then canonically identical replacement returns Replayed with no revision bump and a byte-identical retained document); two-writers-against-one-predecessor conflict fixture; isolated stale-digest fixture; scope and policy-ID immutability fixtures; fail-closed fixtures for corrupt, oversized, unknown envelope version, relative path and symlink/reparse store path; interrupted-publication fixture proving the last valid version survives an aborted commit	"[""crates/kernel/eliot-host-state/src/model_preferences.rs""]"	[]	cargo test --locked -p eliot-host-state passes with in-crate fixtures proving exact replay, two-writer conflict, isolated stale digest, scope/policy-ID immutability, corrupt/oversized/legacy/path refusals and interrupted-publication survival, with zero change to any non-test production line in the crate.	cac8ef382e46855c75f99fc615583cda18482111	[2369,4599]	CLAIM_AFTER_PREFLIGHT
13	1	638	READY		generate real guest-side typed component exports for the accepted context-admission world (admit plus describe) instead of the legacy guest#run byte shim | convert the WIT record shapes to and from the native admission input/result exhaustively, with no JSON value, no Other variant and no whole-payload bridge | build the real wasm32-wasip2 artifact | inspect the REAL built artifact imports and exports through the existing import check and list helpers | run the typed corpus natively and through the real Host and compare every field plus the native semantic digest | make case 11 a real capsule execution rather than a PlanGap assertion | make case 12 record the real artifact hash, size, world, ABI and toolchain identity	"[""crates/smart/eliot-context-compiler-wasm/Cargo.toml"", ""crates/smart/eliot-context-compiler-wasm/src/export.rs"", ""crates/smart/eliot-context-compiler-wasm/src/lib.rs"", ""crates/smart/eliot-context-compiler-wasm/src/conversion.rs"", ""crates/smart/eliot-context-compiler-wasm/src/descriptor.rs"", ""crates/smart/eliot-context-compiler-wasm/tests/proof.rs""]"	[]	A wasm32-wasip2 build emits a component whose real imports pass the forbidden-capability check with zero violations and whose admit export, executed through the real host typed-domain path, returns field-for-field and semantic-digest-equal results to native admission over the full typed corpus in all 13 cases.	cac8ef382e46855c75f99fc615583cda18482111	[]	CLAIM_AFTER_PREFLIGHT
14	1	673	READY		case 673/53 unknown/multiple owner conflict; case 673/58 complete analysis remains unresolved without external receipt; case 673/59 partial/abstention/stale/blocked/rejected stay distinct; run the declared scoped package verification over the crate	"[""crates/smart/eliot-dreamer-conflict-analysis/src/lib.rs""]"	[]	The crate carries exactly 68 WORK_UNIT_CASE: 673/n markers, one per n in 1..68, and cargo test --manifest-path crates/smart/eliot-dreamer-conflict-analysis/Cargo.toml --all-targets reports those three tests as actually passed rather than asserted by reading fixtures.	cac8ef382e46855c75f99fc615583cda18482111	[]	CLAIM_AFTER_PREFLIGHT
15	1	708	READY		add cases 1..20 each with a WORK_UNIT_CASE: 708/n marker and one substantive test; create the NEW frozen fixture corpus crates/eliot-types/tests/data/appendix-p-defaults/; add one raw positive and one raw negative wire fixture per changed real field or type; build the case-15/16 source oracle over all 175 serde-default sites in the nine files with field-exact exceptions; expand the lifecycle.rs wildcard bucket into field-exact rows; record the case-20 downstream impact/owner map	"[""crates/eliot-types/tests/appendix_p_no_silent_defaults.rs"", ""crates/eliot-types/tests/data/appendix-p-defaults/""]"	[]	crates/eliot-types/tests/appendix_p_no_silent_defaults.rs carries exactly 20 WORK_UNIT_CASE: 708/1..20 markers above 20 substantive tests that all pass under cargo test --locked -p eliot-types --test appendix_p_no_silent_defaults, every changed real field has a named raw positive/negative fixture, and the case-15/16 oracle fails closed on any of the 175 nine-file default sites lacking a field-exact exception.	cac8ef382e46855c75f99fc615583cda18482111	[]	CLAIM_AFTER_PREFLIGHT
16	1	758	READY		add six real typed component fixtures under NEW bins/eliot-wasm-host/tests/data/typed-components exporting eliot:current/<iface>@0.1.0 with describe plus the world domain func | drive execute_domain_experimental and execute_capsule_domain_experimental once per world (no caller on main) | add the 26 WORK_UNIT_CASE: 758 tests covering governed denial, arbitrary/relative path denial, the six-world run, proof versus governed modes, check_cache_identity, forbidden imports, fuel/epoch/resource bounds, guest-error-versus-trap, output and ceiling escalation, cache identity, failure isolation and redaction | add CLI governed-lane denial tests for arbitrary and relative artifact paths | freeze the local-experimental CLI on an exact checked-in fixture path | carry the projected shared receipt outward instead of discarding it	"[""bins/eliot-wasm-host/tests/typed_execution.rs"", ""bins/eliot-wasm-host/tests/data/typed-components"", ""bins/eliot-wasm-host/src/main.rs"", ""bins/eliot-wasm-host/src/cli_contract.rs"", ""bins/eliot-wasm-host/src/typed_execution.rs"", ""bins/eliot-wasm-host/src/receipt_bridge.rs""]"	[]	tests/typed_execution.rs carries exactly one substantive real-engine test per WORK_UNIT_CASE: 758/1..26, one per world executed through execute_domain_experimental and execute_capsule_domain_experimental against checked-in fixtures, and the local-experimental CLI runs one of those fixture paths to a NON_GOVERNED_EXPERIMENTAL receipt.	cac8ef382e46855c75f99fc615583cda18482111	[4599]	CLAIM_AFTER_PREFLIGHT
17	1	764	READY		write the 17 remaining substantive Python cases (1-2, 5-15, 17-20) in scripts/tests/test_wasm_component_lane.py; wire cache_identity(), make_receipt() and bind_observations() into scripts/wasm_component_lane.py::main so --receipt-out emits a RECEIPT_SCHEMA receipt; add the cache hit/miss gate that main() currently lacks (new code); feed shared/native/unrelated/dependents evidence into the --select branch instead of empty collections	"[""scripts/wasm_component_lane.py"", ""scripts/tests/test_wasm_component_lane.py"", ""scripts/testdata/wasm-component-lane/registry.json""]"	[]	python -m unittest scripts.tests.test_wasm_component_lane -v reports 21/21 discovered #764 cases with markers 764/1..20 present (764/16 and 764/21 explicitly deferred), python scripts/wasm_component_lane.py --self-test passes, and just wasm-build then just wasm-test for eliot-context-compiler-wasm each emit a RECEIPT_SCHEMA receipt binding source/manifest/world/ABI/toolchain/target plus the real artifact path, size and SHA-256.	cac8ef382e46855c75f99fc615583cda18482111	[]	CLAIM_AFTER_PREFLIGHT
18	1	789	READY		republish the frozen span/digest allocation against the delivered tree (93 of 107 spans and all 107 digests currently stale) | normalize markers 13..42 to the registry's anchored WORK_UNIT_CASE grammar and write the 30 missing substantive test bodies for cases 13..42, then re-point markers 1..12 from the superseded credential enumeration onto the body's cases 1..12 | add the deterministic barrier/model-sequence and contained-subprocess harness that arms FaultBoundary for cases 34/35 and asserts unresolved_handle_cleanup_count | convert deferred_families_not_implemented_this_wave from five bare strings into structured MigrationRequired records naming family plus destination owner	"[""crates/eliot-windows-ipc/tests/data/unsafe_family_cases.json"", ""crates/eliot-windows-ipc/tests/unsafe_family_boundaries.rs"", ""crates/eliot-windows-ipc/src/lib.rs""]"	[]	On the accepted base all 107 inventory rows resolve to a span containing unsafe whose sha256 matches the recorded digest, and scripts/work_unit_gate/case_binding.py::reconcile_case_bindings reports a bound test for each of cases 1..42 in the test file.	cac8ef382e46855c75f99fc615583cda18482111	[]	CLAIM_AFTER_PREFLIGHT
19	1	791	READY		add one retained private connection-usability/in-progress state to windows_transport::Inner and to NamedPipeServer, validated after frame/limits and marked before the first awaited I/O, cleared only after a complete known-boundary transfer; gate every subsequent send/receive on that state and refuse with an existing typed transport failure; preserve DeliveryOutcome::UnknownOutcome for the originally possibly-delivered operation; cover cancellation by explicit cancel and by dropping the send/receive future mid-IO; add a minimal fault regression at the existing 791/9..12 bindings	"[""crates/kernel/eliot-ipc/src/lib.rs"", ""crates/kernel/eliot-ipc/tests/unsafe_family_boundaries.rs"", ""crates/kernel/eliot-ipc/tests/data/unsafe_family_cases.json""]"	[]	On a transport whose frame I/O ended in cancellation, timeout or EOF, the next send_frame/send_frame_with_cancel/receive_frame on that same endpoint returns the chosen existing typed TransportError instead of appending to a lost frame boundary, while a fully completed transfer leaves the same transport reusable and a pre-I/O encode validation failure leaves an untouched stream usable.	cac8ef382e46855c75f99fc615583cda18482111	[]	CLAIM_AFTER_PREFLIGHT
20	1	830	READY		nine-package admitted-status flip in the nine package-local Cargo.toml (prototype false, workspace_admission admitted via #830) | same flip of status and agent_task.workspace_admission in the nine package-local module.toml | NEW scripts/tests/test_wave_admission_c1.py with the declared 36-case matrix, one WORK_UNIT_CASE: 830 marker per method | NEW scripts/testdata/work-unit-gate/wave-c1/ fixtures: admission.json, baseline.json, candidate.json, integration/package-only and integration/membership-required descriptors for all nine, receipts.json, writer-lane/sole-root-writer.json and competing-root-writer.json | freeze and record that root Cargo.toml, root Cargo.lock and both generated indexes need no change | execute the nine membership-required descriptors through the work_unit_gate public CLI and record the before/after proof table	"[""crates/smart/eliot-cue-normalizer/Cargo.toml"", ""crates/smart/eliot-cue-normalizer/module.toml"", ""crates/smart/eliot-cue-binding/Cargo.toml"", ""crates/smart/eliot-cue-binding/module.toml"", ""crates/smart/eliot-cue-index/Cargo.toml"", ""crates/smart/eliot-cue-index/module.toml"", ""crates/smart/eliot-cue-activation/Cargo.toml"", ""crates/smart/eliot-cue-activation/module.toml"", ""crates/smart/eliot-context-candidates/Cargo.toml"", ""crates/smart/eliot-context-candidates/module.toml"", ""crates/smart/eliot-context-admission/Cargo.toml"", ""crates/smart/eliot-context-admission/module.toml"", ""crates/smart/eliot-context-assembly/Cargo.toml"", ""crates/smart/eliot-context-assembly/module.toml"", ""crates/smart/eliot-reactive-context-plan/Cargo.toml"", ""crates/smart/eliot-reactive-context-plan/module.toml"", ""crates/smart/eliot-context-measurement/Cargo.toml"", ""crates/smart/eliot-context-measurement/module.toml"", ""scripts/tests/test_wave_admission_c1.py"", ""scripts/testdata/work-unit-gate/wave-c1/""]"	[]	On a single root-owned merge all nine packages read admitted status in both Cargo.toml and module.toml, the root manifest/lock/generated indexes are byte-unchanged, and python -m unittest scripts.tests.test_wave_admission_c1 -v executes exactly 36 bound cases green with no Rust source/test byte changed anywhere in the diff.	cac8ef382e46855c75f99fc615583cda18482111	[2369,4495,2500,2453]	CLAIM_AFTER_PREFLIGHT
21	1	839	READY		case 839/1 reconcile-leg ordered marker: the literal query.validate() is absent from reconcile_agent_activation_result because the source is query then .validate() on separate lines, so assert_ordered aborts before any assertion | case 839/28: three markers for the non-observation activation_projection functions are absent from lib.rs, whose production sites migrated to the *_with_observation forms | cases 28 and 30: the production/test split literal never matches activation_projection.rs because the test module is mod projection_tests, so those reachability assertions silently scan test code | delete the three cfg(test)-only wrappers in activation_projection.rs and repoint their inline call sites at the observation forms | record executed-pass evidence for the named target	"[""bins/eliotd/tests/activation_resolution_dispatch.rs"", ""bins/eliotd/src/activation_projection.rs""]"	[]	cargo test --locked -p eliotd --test activation_resolution_dispatch runs green with cases 839/1 and 839/28 reaching (not aborting before) their product assertions against the current source, and no cfg(test)-only duplicate of a name the issue requires to be production-reachable remains.	cac8ef382e46855c75f99fc615583cda18482111	[]	CLAIM_AFTER_PREFLIGHT
22	1	844	READY		Cases 1..23 - bind one actual Rust test each with a WORK_UNIT_CASE: 844 marker immediately above attributes in the tests module of crates/kernel/eliot-ors/src/tests.rs (23 distinct test functions, no function claiming two cases); cases 2,3,4,5,6,7,8,9,10,11,13,14 need NEW narrowly named process_evidence schema/fixture regression tests because no assertion on main covers them; case 1 needs retained evidence that the raw old fixture fails the decoder; cases 24..27 - create scripts/tests/test_ors_process_evidence_acceptance.py with exactly four unittest.TestCase methods marked 844/24..27 using cb.parse_python_markers plus dr.parse_rust_exact plus dr.assert_no_workspace_wide and one fixed allow-listed cargo argv, plus negative source/run fixtures	"[""crates/kernel/eliot-ors/src/tests.rs"", ""scripts/tests/test_ors_process_evidence_acceptance.py""]"	[]	All 27 cases bind 1:1 to 27 distinct discovered-and-executed passing tests (23 Rust plus 4 Python) carrying WORK_UNIT_CASE: 844/1..27, the three original ORS scenarios keep every existing assertion, and the origin/main..HEAD diff is exactly crates/kernel/eliot-ors/src/tests.rs plus the new wrapper with zero production changes.	cac8ef382e46855c75f99fc615583cda18482111	[]	CLAIM_AFTER_PREFLIGHT
23	1	846	READY		Rewrite agent_bridge_fixture so an unavailable protected ProgramData root is an explicit distinguishable outcome and never a silent pass; remove every else-return-Ok gate and every security_fixture_unavailable arm from the 11 named tests; make cleanup_agent_bridge_fixture identity-bounded and make a failed or unknown cleanup non-passing; keep both injected post-create fault subcases separately asserted; add narrowly related cleanup-failure regression tests; add NEW scripts/tests/test_windows_staging_acceptance.py with exactly 40 WORK_UNIT_CASE: 846/1..40 cases; add NEW scripts/testdata/windows-staging/invalid_evidence.json with finite inert negative fixtures; record the current-Windows failure/environment/subcase reconciliation as evidence	"[""crates/kernel/eliot-platform-windows/src/package_staging.rs"", ""scripts/tests/test_windows_staging_acceptance.py"", ""scripts/testdata/windows-staging/invalid_evidence.json""]"	[]	On real Windows all 11 named staging functions plus both injected post-create subcases execute and assert their substantive identity/hash/path/wire/cleanup invariants with no assertion-free Ok path, and python -m unittest scripts.tests.test_windows_staging_acceptance -v reports 40 executed bound checks whose only diff is the three in-scope paths.	cac8ef382e46855c75f99fc615583cda18482111	[]	CLAIM_AFTER_PREFLIGHT
24	1	864	READY		Make an unrecordable publication obligation unreleasable so stage_locked journal reload plus finish_journal plus settle_publication equality shortcut can no longer promote the operation on re-entry (C18 and C20, one defect); stop settle_publication from settling a publication whose phase the journal has not yet recorded as durable by byte equality alone, resolving it by owner verdict or by explicitly re-establishing that destination durability boundary under the same operation identity via the existing BlobPlatformPort::replace_durable while keeping fenced_publication_error as the terminal unresolved answer; add the deterministic install-then-fail-durability fixture seam and extend the existing 864/18 and 864/20 tests across payload, metadata and commit phases; stop fabricating BlobCapacityEffect::DurabilityUnconfirmed inside case 18	"[""crates/storage/eliot-blob/src/lib.rs"", ""crates/storage/eliot-blob/tests/storage_exhausted.rs""]"	[]	With the platform installing a final path and then failing its durability boundary with StorageFull while the journal replace also fails, replaying the same operation after space is freed returns a typed unresolved capacity/unknown outcome and never a BlobReadyReceipt, until a real same-identity durable re-establishment of that boundary succeeds.	cac8ef382e46855c75f99fc615583cda18482111	[]	CLAIM_AFTER_PREFLIGHT
25	1	868	READY		freeze the eight legacy fields' exact producer expressions, meanings, consumers and supported wire fixture plus each A-15 dimension into an explicit mapping/evidence/unknown disposition table | isolate the legacy eight-Boolean DTO behind one named legacy boundary mirroring the #832 LegacyContextCueKind/decode_legacy_cue_kind shape | add a checked legacy-to-current conversion onto QualityDimensionState that never manufactures a Passed from true and keeps new-only or ambiguous dimensions explicitly unknown | add the 24 WORK_UNIT_CASE: 868 tests with tests/data/packet_quality_legacy.json and tests/data/packet_quality_current.json wire fixtures | assert the closed A-15 twelve-dimension identity and order with no duplicate production enum, list or scalar score | preserve candidate/admitted/rendered membership, recipe/measurement and privacy/effect state byte-for-byte | add the bounded guard case verifying the exact dependency-preparation link	"[""crates/smart/eliot-context/src/lib.rs"", ""crates/smart/eliot-context/tests/packet_quality.rs"", ""crates/smart/eliot-context/tests/data/packet_quality_legacy.json"", ""crates/smart/eliot-context/tests/data/packet_quality_current.json""]"	[]	The donor crate no longer carries a current eight-Boolean quality owner, exactly one checked conversion onto eliot_context_contracts::QualityDimension/QualityDimensionState exists, the old payload decodes only through the named legacy boundary, and cargo test --locked -p eliot-context --test packet_quality executes all 24 registered cases passing while the other eliot-context targets, clippy -D warnings and git diff --check stay green.	cac8ef382e46855c75f99fc615583cda18482111	[]	CLAIM_AFTER_PREFLIGHT
26	1	870	READY		repair the shadowed and NameError test file into 16 independently executable cases; add cases 1,2,3 and 5..16 bound to WORK_UNIT_CASE 870/1..16 (13 markers absent); drop the out-of-denominator 870/17 and 870/18 markers; add negative target fixtures (missing, duplicate, unsupported, unowned, reordered) under scripts/testdata/wasm-toolchain/; attach real clean-runner compile evidence for case 15	"[""scripts/tests/test_verify_wasm_toolchain.py"", ""scripts/testdata/wasm-toolchain/valid.toml"", ""rust-toolchain.toml"", ""scripts/verify-wasm-toolchain.py""]"	[]	python -m unittest scripts.tests.test_verify_wasm_toolchain -v runs exactly 16 independently passing tests, each preceded by its own WORK_UNIT_CASE: 870 marker for 1..16 with no shadowed names and no NameError, and python scripts/verify-wasm-toolchain.py --root . still reports DECLARATION_ONLY/PASS against the unchanged rust-toolchain.toml.	cac8ef382e46855c75f99fc615583cda18482111	[]	CLAIM_AFTER_PREFLIGHT
27	1	885	READY		in _classify, demote preallocation, policy-like field names and removal-method presence to discovery evidence so they cannot alone yield hard/configured or none-required | attribute evidence to the exact owner/field and growth path so _callsites_for/_partition_removal establish the receiver relationship and keep ambiguous evidence explicitly unresolved | emit a positive bounded classification only where the selected implementation actually establishes the guard/eviction/cleanup obligation | keep such rows inside unresolved_count and FINDINGS_REMAIN_BLOCKING while leaving coverage independent | bump RULE_REVISION from 885.1 and regenerate only the owned TOML through the tool | strengthen the three now-inaccurate positive fixtures and add bounded new fixtures for the audit's three negative distinctions | update cases 885/11-885/13 and keep all 30 cases one-to-one | confirm and add the WORK_UNIT_CASE: 885 markers the accepted runner requires	"[""scripts/long_lived_collection_inventory.py"", ""scripts/tests/test_long_lived_collection_inventory.py"", ""scripts/testdata/long-lived-collections/hard_bounded.rs"", ""scripts/testdata/long-lived-collections/versioned_policy_bounded.rs"", ""scripts/testdata/long-lived-collections/lifecycle_removal.rs"", "".github/work-units/long-lived-collection-inventory.toml""]"	[]	sync then check pass on a bumped revision, all 30 cases pass, and the four audit distinctions are observable in the regenerated artifact - preallocation, a policy-like name or removal-method presence alone never yields bound_status hard/configured or repair none-required, while coverage stays COMPLETE and safety stays FINDINGS_REMAIN_BLOCKING.	cac8ef382e46855c75f99fc615583cda18482111	[]	CLAIM_AFTER_PREFLIGHT
28	1	889	READY		fix the stale EventLogDelivery::RegisteredSourceAccepted assertion at host_diagnostics_contract.rs:325-328 to accept the truthful OsAcceptedRegistrationUnknown arm the platform receipt actually proves | add the missing primary tests for cases 2, 6, 7, 8, 9, 10, 11, 12, 14, 20 and 21 in that same file, bound to the already-public facade API | extend tests/data/host_diagnostics_cases.json so it no longer declares the 22-case matrix deferred, and drop the equivalent deferral claim from the test-file header	"[""bins/eliot-host/tests/host_diagnostics_contract.rs"", ""bins/eliot-host/tests/data/host_diagnostics_cases.json""]"	[]	cargo test --locked -p eliot-host --test host_diagnostics_contract passes on Windows with all 22 WORK_UNIT_CASE: 889 markers (1..22) each bound to a discovered, executed, passing test, and the Event Log wrapper assertion no longer demands a registered-source profile the platform receipt cannot prove.	cac8ef382e46855c75f99fc615583cda18482111	[]	CLAIM_AFTER_PREFLIGHT
29	1	891	READY		"22-case acceptance matrix: one // WORK_UNIT_CASE: 891/<case> test per declared case 1..22 in bins/eliot-host/tests/host_lifecycle_diagnostics.rs binding source -> discovery -> executed pass against the real instrumented path; case 1 must read fixture[""boundary_table""] and compare it against the parsed HOST_LIFECYCLE_BOUNDARY_TABLE (121 rows / 118 emitting / 3 propagated, exact name order, three propagated_exclusions) instead of only re-asserting source-side uniqueness; A22 must prove the four allowed_diff properties from the real production call path instead of the unconsumed self-assertion; case 11 binds to execute_cutover -> activate_cutover_contour -> cutover_generation_contour -> cutover_with_rollback; case 15 binds to lib.rs::host_lifecycle_observe_identity and asserts the named-missing ceilings the in-source audit declares; case 14 asserts the four reconcile.terminal disarms plus single-terminal nesting"	"[""bins/eliot-host/src/lib.rs"", ""bins/eliot-host/tests/host_lifecycle_diagnostics.rs"", ""bins/eliot-host/tests/data/host_lifecycle_diagnostics.json""]"	[]	22/22 WORK_UNIT_CASE: 891/<case> tests execute and pass against the real instrumented path with the fixture consumed rather than duplicated; the case-1 test compares fixture boundary_table against HOST_LIFECYCLE_BOUNDARY_TABLE in source (121 rows / 118 emitting / 3 propagated, names in exact order); the case-22 test proves no duplicate evaluation, no lifecycle change, no new visibility and no unowned edit from the real call path; scoped gate green with zero NEW clippy findings	cac8ef382e46855c75f99fc615583cda18482111	[3869,2369]	CLAIM_AFTER_PREFLIGHT
30	1	895	READY		5 items: non-terminal degraded observation for a metrics-install refusal; honest typed install outcome from install_kernel_diagnostics and sink_status; converge on one process-global subscriber owner (drop the facade's private try_init); bounded stderr receipt detail in main.rs::write_error; executed contract cases for the touched 895/2,895/3,895/4 markers plus fixture extension	"[""bins/eliot-kernel/src/main.rs"", ""bins/eliot-kernel/src/kernel_diagnostics.rs"", ""bins/eliot-kernel/tests/kernel_diagnostics_contract.rs"", ""bins/eliot-kernel/tests/data/kernel_diagnostics_contract.json""]"	[]	Exactly one kernel.terminal_error record per failed launch with exit_error as its only emitter; a refused or foreign metrics install yields a typed non-terminal degraded event and startup continues; install_kernel_diagnostics reports the real install result; one global subscriber owner with no discarded try_init; each touched case has an executed WORK_UNIT_CASE:895/n test and the scoped gate passes on Windows	cac8ef382e46855c75f99fc615583cda18482111	[4490,3811,3812,3869]	CLAIM_AFTER_PREFLIGHT
31	1	901	READY		30 WORK_UNIT_CASE:901/1..30 acceptance tests plus one fixture pinning the five-module boundary inventory (file, function, stage, fixed detail prefix, covering case); no production change	"[""bins/eliot-kernel/tests/kernel_process_supervision_diagnostics.rs"", ""bins/eliot-kernel/tests/data/kernel_process_supervision_diagnostics.json""]"	[]	30 tests exist with WORK_UNIT_CASE:901/1..30, each executing a real instrumented callsite through an existing public caller; case 1 denominator equals the five named modules; case 30 diff touches no production behavior; all canary/redaction cases pass; scoped gate green with zero new clippy/rustfmt findings versus b7e9e334569639a6290baeacf82bf44941def506	cac8ef382e46855c75f99fc615583cda18482111	[]	CLAIM_AFTER_PREFLIGHT
32	1	903	READY		30 WORK_UNIT_CASE:903/1..30 tests over the six already-instrumented modules plus a frozen 30-row boundary map in the fixture, with private inline #[cfg(test)] proofs placed in the six modules where needed	"[""bins/eliot-kernel/tests/kernel_generation_control_diagnostics.rs"", ""bins/eliot-kernel/tests/data/kernel_generation_control_diagnostics.json"", ""bins/eliot-kernel/src/control_plane.rs"", ""bins/eliot-kernel/src/daemon_runtime.rs"", ""bins/eliot-kernel/src/generation_control.rs"", ""bins/eliot-kernel/src/generation_recovery.rs"", ""bins/eliot-kernel/src/health_view.rs"", ""bins/eliot-kernel/src/runtime_identity.rs""]"	[]	All 30 markers present in order 1..=30 with one substantive test each; fixture freezes 30 boundary rows naming source/span, operation/phase, owner evidence, terminal emitter or propagated caller and the real test; production event/terminal/reserve/health/state/error results byte-identical (diagnostic-only diff); zero new clippy or rustfmt findings; all five verification commands green	cac8ef382e46855c75f99fc615583cda18482111	[]	CLAIM_AFTER_PREFLIGHT
33	1	905	READY		8 implementation steps (closed Cargo-message schema; target-root/lease/identity binding for compiler artifacts; bounded streaming drain with one deadline; metadata/target/artifact denominators folded into aggregate_sha256; complete gated on tracked_tree_clean plus resolved rustc_version; module-graph source ownership instead of rglob; four completeness axes; refreshed 905/1 oracle and regenerated fixture)	"[""scripts/integration/ignored_test_inventory.py"", ""scripts/tests/test_ignored_test_inventory.py"", ""scripts/testdata/integration/ignored-test-inventory/sample_inventory.json""]"	[]	28/28 unit tests green including case 905/1 with the regenerated fixture; header carries metadata/target/artifact denominators and four completeness axes folded into aggregate_sha256; no path can continue over unclassified Cargo output or execute an out-of-root executable; source ownership derives from the module graph; complete cannot be true under a dirty tree or unknown rustc; SCHEMA stays v1 so the read-only workflow consumer keeps passing	cac8ef382e46855c75f99fc615583cda18482111	[4599]	CLAIM_AFTER_PREFLIGHT
34	1	907	READY		10 items: remove -HarnessProbe and -InjectFailureAfterSecretSetup from public -Run and delete the synthesis branch; private test-only fault seam plus a negative over former probe values; a distinct exact-test execution stage with a closed versioned runner-receipt validator; prebuilt binary/source/toolchain receipt admitted before allocation/Start; per-group immutable provider bindings selected by providerClass; typed TimedOut/ProcessCrashed/UnsupportedExternalCredential/Cancelled derivation; load-bearing evidenceComplete for run-level Complete; one admitted clock for every timestamp; row targetClass/fixed recipe threaded into New-HarnessRunProviderTable; rerun of the 40-case matrix	"[""scripts/run-isolated-tests.ps1"", ""scripts/integration/IntegrationHarness.Core.psm1"", ""scripts/integration/IntegrationHarness.Model.psm1"", ""scripts/integration/powershell_case_bridge.py"", ""scripts/tests/IntegrationHarness.Core.Tests.ps1"", ""scripts/tests/test_integration_harness_core.py"", ""scripts/testdata/integration/harness-core/""]"	[]	Public -Run has no probe or fake-pass input; reset to contained exact execution to terminal runner receipt to evidence collection are distinct stages; provider evidence alone cannot mark Passed; a prebuilt receipt is required before Start; multi-provider selection dispatches each group to its own closed binding; missing provider or target is typed InfrastructureBlocked; every terminal taxonomy member is derived from a typed observation on the normal path; duplicate/missing/mismatched/foreign receipts prevent completion; redaction failure preserves dispositions and cleanup but blocks run-level Complete; one injected clock owns all deadlines; cases 1-40 execute and reconcile	cac8ef382e46855c75f99fc615583cda18482111	[]	CLAIM_AFTER_PREFLIGHT
35	1	930	READY		16 WORK_UNIT_CASE:930/<n> acceptance tests plus one adversarial raw-byte fixture file; five-file allocation table including all 38 ids.rs id_type! expansions; no source decoder changes	"[""crates/eliot-types/tests/serde_t01_core.rs"", ""crates/eliot-types/tests/data/serde_t01_core.json""]"	[]	16 WORK_UNIT_CASE:930/<case> tests exist and are observed passing on main; every applicable type has a named raw-byte fixture or an explicit row-level reason; valid-byte/digest evidence unchanged	cac8ef382e46855c75f99fc615583cda18482111	[]	CLAIM_AFTER_PREFLIGHT
36	1	931	READY		6 items: validation-bearing DescendantsAtRootExit decode (both variants); constructive exclusion of decoded-but-invalid; nested descendant evidence validated inside ProcessReapReceipt's own decoder; fail-closed proves_complete_reap; same optional-protected-field class applied to OperationRuntimeCheckpoint/RuntimeOperationDetail; test-phase raw-byte fixtures	"[""crates/eliot-types/src/runtime_supervision.rs"", ""crates/eliot-types/tests/serde_t02_runtime.rs"", ""crates/eliot-types/tests/data/serde_t02_runtime.json""]"	[]	"A ProcessReapReceipt carrying root_pid=0, a zero/duplicate/unsorted descendant PID, or an empty/oversized image_path/image_sha256/detail is refused by the decoder reached from ProviderInvocationJournal::load, and proves_complete_reap() returns false for any invalid, partial or failed capture; Some("") refused on OperationRuntimeCheckpoint optional protected identifiers; a positive valid receipt still decodes byte-identically and the other four T02 files are unchanged"	cac8ef382e46855c75f99fc615583cda18482111	[]	CLAIM_AFTER_PREFLIGHT
37	1	932	READY		16 WORK_UNIT_CASE:932/n cases plus raw-JSON-as-string fixtures, covering three-file allocation and unchanged digests, unknown top-level and nested refusal, duplicate protected keys, wrong/unknown tags, missing/empty protected identity, unsupported schema_version, declared legacy migration, no Value/flatten/custom erasure, exception invalidation, panic-free bounded input, rejection before trusted output, and unchanged scope/policy/dependencies/visibility	"[""crates/eliot-types/tests/serde_t03_host.rs"", ""crates/eliot-types/tests/data/serde_t03_host_config.json""]"	[]	Both new files exist; 16 markers present; every case asserts a named required result; no production file, manifest, lock, script or inventory artifact modified; fmt/clippy/test/git diff --check clean; the branch diff touches only the two new test paths	cac8ef382e46855c75f99fc615583cda18482111	[]	CLAIM_AFTER_PREFLIGHT
38	1	933	READY		16 WORK_UNIT_CASE:933/<n> acceptance tests plus one raw-byte fixture file for the T04 slice (54 inventory types); no production source change	"[""crates/eliot-types/tests/serde_t04_agent.rs"", ""crates/eliot-types/tests/data/serde_t04_agent_mcp.json""]"	[]	serde_t04_agent.rs and serde_t04_agent_mcp.json exist on main; all 16 WORK_UNIT_CASE:933/<n> markers executed green; duplicate keys survive the fixture container and are refused; the four production files stay byte-identical to b7e9e33	cac8ef382e46855c75f99fc615583cda18482111	[]	CLAIM_AFTER_PREFLIGHT
39	1	934	READY		16 WORK_UNIT_CASE:934/n cases plus raw-byte fixtures with duplicate-key JSON held as Rust string literals: pinned current bytes/hashes/replay identity; unknown outer and nested envelope refusal; duplicate control/identity/cursor keys and unknown or mismatched frame kinds refused at from_ndjson_line; unsupported frame_version unable to default; model_observation absent-key refusal with explicit null still decoding and full round-trip; the 8 compatibility aliases keeping their wire names and the opaque Value payload staying inert; rejection before any trusted Self with an Error payload never becoming terminal evidence; unchanged launch/bounds validators, visibility and dependencies	"[""crates/eliot-types/tests/serde_t05_antigravity.rs"", ""crates/eliot-types/tests/data/serde_t05_antigravity.json""]"	[]	All 16 markers exist and execute green against the merged decoders with zero product-source diff; every applicable type has a named positive and negative fixture; current bytes/fingerprints/replay identity proven unchanged; the model_observation absent-key case fails while explicit null decodes; duplicate/unknown keys reject at raw decode; the opaque frame payload proven inert; the 16 source/discovery/executed-pass bindings recorded; residual R-934-W3 recorded not closed	cac8ef382e46855c75f99fc615583cda18482111	[]	CLAIM_AFTER_PREFLIGHT
40	1	935	READY		8 items: owner validators on the four cognitive-run records; the equivalent on ProjectUnderstandingModel; apply the cognitive-run validator at mcp_stdio/cognition.rs::cognitive_record_by_revision; apply it in verification.rs::dispatch_agent_candidate_submit before admission comparison; apply it in cognitive_disposition.rs::require_raw_verifiers; apply the project-understanding validator in task_handlers.rs (latest_task_packet plus the two from_value decodes); update inventory rows only if sync output changes; record the row/version/exception delta in the issue	"[""crates/eliot-types/src/cognitive_run.rs"", ""crates/eliot-types/src/project_understanding.rs"", ""crates/eliot-app/src/mcp_stdio/cognition.rs"", ""crates/eliot-app/src/mcp_stdio/verification.rs"", ""crates/eliot-engine/src/cognitive_disposition.rs"", ""crates/eliot-app/src/mcp_stdio/task_handlers.rs""]"	[]	An unsupported or misselected schema_version on any of the four cognitive-run records or on ProjectUnderstandingModel is rejected by production code before it can authorize candidate submission, terminal progression, shared-gate/disposition logic, tool evidence or packet admission; valid stored v2/v1 records and their digests still decode byte-identically; no behavior outside the decode boundary changes	cac8ef382e46855c75f99fc615583cda18482111	[]	CLAIM_AFTER_PREFLIGHT
41	1	936	READY		7 items: typed corruption-vs-absence ledger loader returning default only when no candidate file exists; full ledger relation validator (exact schema version, nonempty bounded identities, unique campaign/reservation ids and per-campaign idempotency keys, every reservation bound to one budget, counters recomputed, state/evidence consistency); identity/schema checks moved into deserialization or an unavoidable validated constructor; confirm the already-closed dispositions; record (do not change) the two calibration defaults and the absence-to-clearance promotion with its fix site; leave calibration_runtime read_or_default and the container default untouched; the 16-case serde_t07_delegation target plus raw-byte engine cases	"[""crates/eliot-engine/src/delegation.rs"", ""crates/eliot-types/src/delegation.rs"", ""crates/eliot-engine/tests/provider_budget_integrity.rs"", ""crates/eliot-types/tests/serde_t07_delegation.rs"", ""crates/eliot-types/tests/data/serde_t07_delegation.json""]"	[]	No file-present-but-undecodable case can yield an empty or valid ledger; every ledger counter is derived from reservations; the identity and schema fields are validated on the decode path before trusted output; supported bytes, digests, legacy read, alias and absence semantics unchanged; all 16 WORK_UNIT_CASE:936 bindings execute against raw-byte fixtures with duplicates surviving; the serde_t07_delegation target exists on main	cac8ef382e46855c75f99fc615583cda18482111	[]	CLAIM_AFTER_PREFLIGHT
42	1	938	READY		9 items: remove serde(default) from BackupManifest::{surreal_source_endpoint,surreal_source_storage_ref,blob_payload_root}; remove it from RestorePlan::{target_endpoint,target_storage_ref,exact_action_hash} and RestoreReceipt::exact_action_hash; disposition IncidentRecord::campaign_integrity against I5.16; disposition the 4 remaining replay.rs defaults; 16 WORK_UNIT_CASE:938/n cases; the raw-byte fixture set; record the MCP ingress repair owner; record the rollback_isolated consumer repair allocation; report row deltas to #929 as issue text only	"[""crates/eliot-types/src/safety.rs"", ""crates/eliot-types/tests/serde_t09_semantic.rs"", ""crates/eliot-types/tests/data/serde_t09_memory_safety.json""]"	[]	All 8 safety defaults removed or explicitly dispositioned; 16 WORK_UNIT_CASE:938/n cases present with named raw-byte fixtures per applicable type; cargo test --locked -p eliot-types --test serde_t09_semantic passes; no other slice's bytes, digests, replay identity, dependencies or visibility changed; #938 carries the named ingress repair owner and the bounded rollback_isolated repair issue	cac8ef382e46855c75f99fc615583cda18482111	[]	CLAIM_AFTER_PREFLIGHT
43	1	939	READY		16 WORK_UNIT_CASE:939/n cases spanning all four owned type files: nested EvalCaseResult/EvalBaseline rejection through the real decode path; outer and nested unknown-field cases for skill/lifecycle/metrics; duplicate-key cases stored as strings; missing/empty protected identity and unsupported-version cases; Value/map/alias/default non-promotion; bounded malformed panic-free and canary cases; the source-binding invalidation case; the fixture-location decision and issue-text publication	"[""crates/eliot-types/tests/serde_t10_skill.rs"", ""crates/eliot-types/tests/serde_t10_skill_eval.json""]"	[]	All 16 cases present with raw-byte named fixtures; every applicable record has a positive and a negative fixture or a reviewed inapplicability reason; EvalCaseResult and EvalBaseline nested rejection proven via real decode; accepted bytes/digests unchanged; cargo test --locked -p eliot-types --test serde_t10_skill green	cac8ef382e46855c75f99fc615583cda18482111	[]	CLAIM_AFTER_PREFLIGHT
44	1	941	READY		16 WORK_UNIT_CASE:941/n acceptance cases grouped 1-2, 3-4, 5-6, 7-8, 9-10, 11-12, 13-14, 15-16, with named raw-byte fixtures and duplicate-key cases parsed from raw JSON strings rather than from_value	"[""crates/eliot-types/tests/serde_t12_ul_rest.rs""]"	[]	serde_t12_ul_rest.rs exists on main with 16 passing tests each carrying WORK_UNIT_CASE:941/n and the issue's required result; per-type raw-byte fixtures present; zero-candidate rows evidenced by reviewed row text rather than ignored tests; no production byte, digest or domain-behaviour change	cac8ef382e46855c75f99fc615583cda18482111	[]	CLAIM_AFTER_PREFLIGHT
45	1	942	READY		9 required items: owner-issued admitted-binding receipt consumed by the adapter with the identity-unavailable outcome instead of _unknown_all; collision-resistant binding digest over owner/component/PID/creation/image/generation with exact plan membership; canonical plan digest on every record and result with same-id-different-content rejection and a wire version bump; exact slot-to-phase-to-workload validation; retained-handle exit check before counter publication; sink-acknowledged emission with a confirmed prefix and out-of-band truncation plus a terminal byte reserve; exact accepted/gap/lifecycle/terminal/missing/failed counts reconciling to the denominator; closed reason vocabulary with raw exception text moved off the portable record; read-only behaviour preserved. Plus the 16-case test module and frozen fixtures.	"[""scripts/integration/soak_samples.py"", ""scripts/tests/test_soak_samples.py"", ""scripts/testdata/integration/soak-samples/""]"	[]	All 9 items implemented; foreign PID/creation/image/generation rejected against the committed plan; slot-to-phase-to-workload substitution rejected; an exited process yields one lifecycle disposition and no zero-valued samples; a short write cannot produce a complete-looking footer or inflate the valid prefix; expected reconciles to accepted samples plus gaps plus missing obligations; portable records reject non-registry detail text; 16 WORK_UNIT_CASE:942/N markers present; py_compile green for both modules	cac8ef382e46855c75f99fc615583cda18482111	[]	CLAIM_AFTER_PREFLIGHT
46	1	949	READY		6 items: add the provenance.transaction_id comparison returning FinalizeEvidenceMismatch; realign case 3's pinned error; realign case 11's pinned error; fix FakeTarget::apply_count to match the applies keys; clear JournalFaults.all_cas on case 21's retry leg; do not touch the Kernel cutover guard or add a second restore engine	"[""crates/storage/eliot-backup/src/lib.rs"", ""crates/storage/eliot-backup/tests/restore_transaction.rs""]"	[]	Case 20's foreign-transaction mutation returns Err(FinalizeEvidenceMismatch); cases 3, 8, 9, 11, 12 and 21 pass as written or with an explicitly re-pinned taxonomy that still refuses before any target call; all 24 markers execute and pass with no test removed or ignored; the negative mutations each still fail their own test; the diff changes only the two owned files	cac8ef382e46855c75f99fc615583cda18482111	[]	CLAIM_AFTER_PREFLIGHT
47	1	950	READY		6 items: validate_continuation validates both pages and refuses a foreign cursor.handle_digest and a changed prior next_cursor; one canonical SnapshotPage digest bound to self.predecessor_digest; remove the success default from IsolatedRestorePort::reconcile_operation; poll every inherited default future in the masking test; negative+positive cases on 950/3 and reconciliation cases on 950/11-12; keep all 18 markers substantive	"[""crates/storage/eliot-store-api/src/backup_io.rs"", ""crates/storage/eliot-store-api/tests/backup_io_contract.rs"", ""crates/storage/eliot-store-api/src/lib.rs""]"	[]	validate_continuation rejects a foreign cursor.handle_digest, a changed predecessor_digest, a changed prior next_cursor and a non-validate()-clean page while an exact continuation returns Ok; the inherited IsolatedRestorePort defaults are polled and all four refuse; reconcile_same_operation still returns ReplayIdentity/IdentityConflict as a pure helper; 18/18 950/n cases pass; clippy -D warnings and fmt clean	cac8ef382e46855c75f99fc615583cda18482111	[3811,3812]	CLAIM_AFTER_PREFLIGHT
48	1	953	READY		20 WORK_UNIT_CASE:953/1..20 cases plus frozen fixtures, with case 19 a real temporary-redb capture-reopen-quarantine/reconcile run using the in-crate temp_db pattern (no tempfile dev-dependency may be added) and case 20 a source/API guard; honest known-zero and exhausted-axis coverage and a census case over a production-materialized store	"[""crates/kernel/eliot-ors/tests/backup_snapshot.rs"", ""crates/kernel/eliot-ors/tests/data/backup-snapshot/""]"	[]	All 20 executed cases green with a real path::symbol owner citation each, no #[ignore] and no empty/count-only substitute; a real temporary-redb crash-point fixture proves case 19; case 20's source guard passes; the census case proves a production-materialized store exports without MigrationRequired; a subset/empty/foreign/duplicated outcome roster cannot yield Satisfied; zero clippy/rustfmt findings under --all-targets -D warnings	cac8ef382e46855c75f99fc615583cda18482111	[3869]	CLAIM_AFTER_PREFLIGHT
49	1	959	READY		6 items: return the verified publication operation identity as receipt_identity and never a suspended string; add a separate typed CaptureReport field for the suspended count/coverage derived from the observed frontier; correct the receipt_identity doc comment keeping None on the verify-only and cancelled paths; collapse request_from_ports to one suspended-state source rejecting disagreement before constructing CaptureRequest; update cases 959/6, /11, /12 to assert the operation identity plus the new count field; coordinate the new field with #2569 and #2862 and treat historical suspended:N values as unqualified	"[""bins/eliot-kernel/src/backup_capture.rs"", ""bins/eliot-kernel/src/backup_capture_ports.rs"", ""bins/eliot-kernel/tests/backup_capture.rs""]"	[]	receipt_identity equals Some(report.operation_id) with and without suspended entries; the new report field equals the ORS pending-operation frontier length and the capture still reports Complete/FullRecovery; exactly one producer of that suspended value; all 20 markers executed and passing with the four scoped commands green and no new clippy/rustfmt violations	cac8ef382e46855c75f99fc615583cda18482111	[]	CLAIM_AFTER_PREFLIGHT
50	1	963	READY		18 WORK_UNIT_CASE:963/1..18 cases split across the CLI suite (parsers, respond, catalogued_ceiling, BackupUnknownOutcome, human rendering) and the Kernel suite (real KernelComposition plus dispatch_frame through dispatch_backup_frame), with case 13 asserting today's real typed answers (plan_gap/BACKUP_CREATE_MISSING_OWNER, blocked plan_gap, refused restore-destination-not-admitted) and frozen fixtures with paths declared before coding	"[""crates/surfaces/eliot-cli/tests/backup.rs"", ""bins/eliot-kernel/tests/backup_dispatch.rs"", ""crates/surfaces/eliot-cli/tests/data/backup/""]"	[]	All 18 cases execute and pass with exact source/discovery/executed-pass identities across the two registered suites, no skipped/empty/zero-selected pass and no duplicate markers; case 17 proves backup.restore-test reaches backup_restore_with_ors_journal exactly once through the real dispatch chain; independent command/effect/authority/compatibility review plus the exact method/field/receipt map; #963 remains open for the separate-process family acceptance	cac8ef382e46855c75f99fc615583cda18482111	[4845,3869]	CLAIM_AFTER_PREFLIGHT
51	1	970	READY		12 WORK_UNIT_CASE:970/1..12 cases validating real manifest/lock state; frozen denominator/edge-symbols/lock-delta/malformed fixtures under scripts/testdata/work-unit-gate/learning-link/ with a self-digest recomputed by case 1	"[""scripts/tests/test_learning_contract_link.py"", ""scripts/testdata/work-unit-gate/learning-link/""]"	[]	12 executed-pass bindings each backed by real manifest/lock reads; all five verification commands green against unchanged Rust source; frozen fixture set present; an exact dependency/lock receipt attached and consumed by #819; zero diff in crates/meta/eliot-improvement/Cargo.toml, root Cargo.toml and root Cargo.lock	cac8ef382e46855c75f99fc615583cda18482111	[4599,4495,2369]	CLAIM_AFTER_PREFLIGHT
52	1	974	READY		6 items: remove the eliot-artifact edge and its 11-line PREPARATION comment; drop eliot-artifact from the eliot-kernel block in Cargo.lock; re-freeze denominator.json (digests, byte_identical_since_base, shifted line anchors, recomputed digest); refresh lock-delta.json prose; extend case 2 to reject any kernel-manifest dependency outside the frozen admitted edge set; route (do not fix) the stale watchdog_spool/backup.rs claim	"[""bins/eliot-kernel/Cargo.toml"", ""Cargo.lock"", ""scripts/testdata/work-unit-gate/backup-link/denominator.json"", ""scripts/testdata/work-unit-gate/backup-link/lock-delta.json"", ""scripts/tests/test_backup_dependency_link.py""]"	[]	All 14 cases green on a clean checkout of the turn's base; test_01 passes with re-measured digests; test_02 rejects any kernel dependency outside the frozen set; no eliot_artifact product consumer remains and the lock no longer lists it; the 10 pre-existing admitted lines are unchanged; the #962 eliot-host-service edge is added or explicitly deferred to its own turn	cac8ef382e46855c75f99fc615583cda18482111	[2369,4599,4495]	CLAIM_AFTER_PREFLIGHT
53	1	978	READY		5 items: replace the two false *-ready labels with launch/liveness labels leaving Kernel readiness only in DurableKernelActivationDriver::active; make the #978 leaf guard phase-only so lib.rs host-start-failed is the single terminal; replace the static-literal helpers with bounded structured correlation via host_diagnostics::bound_field; rewrite cases 3-10 and 13 as executions through existing seams; re-freeze the fixture and report the resolved single-terminal ruling for #985	"[""bins/eliot-host/src/host_job_launch.rs"", ""bins/eliot-host/src/host_launch_options.rs"", ""bins/eliot-host/src/launch_artifact_lease.rs"", ""bins/eliot-host/src/launch_descriptor_validation.rs"", ""bins/eliot-host/src/scm_launch.rs"", ""bins/eliot-host/src/store_kernel_launch_sequence.rs"", ""bins/eliot-host/src/kernel_activation_driver.rs"", ""bins/eliot-host/src/kernel_front_door_client.rs"", ""bins/eliot-host/tests/host_launch_diagnostics.rs"", ""bins/eliot-host/tests/data/host_launch_diagnostics.json""]"	[]	All 14 cases still bound to actual instrumented production paths with no hand-constructed expected records; no *-ready label outside DurableKernelActivationDriver::active; exactly one terminal record per failed launch; every phase record carries bounded identities traceable to an already-held handle; no secret/path/argv/nonce canary; scoped fmt/clippy/test green on a current read-receipt base	cac8ef382e46855c75f99fc615583cda18482111	[3869,2369]	CLAIM_AFTER_PREFLIGHT
54	1	979	READY		8 items: one closed typed Host Watchdog observation vocabulary with explicit missing slots emitted through bound_field plus the re-exported info! at HOST_DIAGNOSTICS_TARGET; the already-held installation/publication/ORS-receipt/lease/generation/fence/service/process-start/image/SCM/deadline identities on every phase; replay classification delayed past exact retained readback and current-ORS re-read; live_supervision_obligation split into a closed disposition; PortOutcome retained as start-attempt evidence with readback as the sole Running authority; one operation identity spanning publication commit and retirement cleanup; the four dead event-log wrappers replaced; watchdog_start_timing.rs kept non-boundary	"[""bins/eliot-host/src/watchdog_publication.rs"", ""bins/eliot-host/src/watchdog_publication/observation.rs"", ""bins/eliot-host/src/watchdog_service_start.rs"", ""bins/eliot-host/src/watchdog_service_start/inspection.rs"", ""bins/eliot-host/src/watchdog_start_timing.rs"", ""bins/eliot-host/tests/host_watchdog_diagnostics.rs"", ""bins/eliot-host/tests/data/host_watchdog_diagnostics.json""]"	[]	All seven defects closed on the five in-scope files; every watchdog.publication/start/inspection record is a typed field set with explicit missing slots; AlreadyExists never appears as replay before exact readback plus current-ORS comparison; absent/foreign/stale/expired/terminal/active remain distinct; the SCM start disposition is retained without a second start; one designated terminal per failed operation stays with #891/#893; the stale no-op wrappers are gone; no secret/lease/nonce/raw-path canary; scoped fmt/lib/clippy/diff clean	cac8ef382e46855c75f99fc615583cda18482111	[]	CLAIM_AFTER_PREFLIGHT
55	1	980	READY		8 items: closed typed boundary/reason vocabulary with a frozen owner/caller/terminal map local to the six files; already-available nonsecret identity on every observation via the PhaseBObservation k=v format; a distinct current-authority vocabulary for phase_b_validate_authority; split decode_marker/decode_envelope into closed typed reason discriminants keeping Err(()) and constant-time compare; full rollback contours in phase_b_restore_or_remove plus the missing cleanup observations in phase_b_remove_rollback_backup; replace the six dead event-log wrappers; expand the test file from 2 to the declared 12 marker-bound cases through real production callers; preserve one outer terminal per failed operation and identical return/count/cleanup behaviour	"[""bins/eliot-host/src/host_composition_validation.rs"", ""bins/eliot-host/src/phase_b_projection.rs"", ""bins/eliot-host/src/phase_b_previous_authority.rs"", ""bins/eliot-host/src/phase_b_previous_projection.rs"", ""bins/eliot-host/src/phase_b_materialization/rollback_backup.rs"", ""bins/eliot-host/src/credential_control/codec.rs"", ""bins/eliot-host/tests/host_projection_diagnostics.rs"", ""bins/eliot-host/tests/data/host_projection_diagnostics.json""]"	[]	All six files emit only closed typed labels; every observation carries the identity the helper already holds; zero previous-authority labels originate from phase_b_validate_authority; codec reasons distinct with Err(()) and constant-time compare unchanged; both rollback contours cover requested/verified/unknown/failed/cleanup; no dead event-log call and no stale #984 comment in the six files; exactly 12 marker-bound cases each forcing the real production path; one outer terminal per failed operation with byte-identical behaviour under sink on/off/failure	cac8ef382e46855c75f99fc615583cda18482111	[]	CLAIM_AFTER_PREFLIGHT
56	1	981	READY		9 items: carry already-owned nonsecret identities through all nine files via a narrow typed observation on host_diagnostics::bound_field with unavailable identities explicit; branch append_reconciled/append_reconciled_readiness on AppendDisposition; split reconcile_unknown_outcome into Committed/NotCommitted/StillUnknown without changing the caller's fail-closed policy; record exact pending-transaction cardinality and disposition on epoch reopen and distinguish Clear from Unresolved; project ReadinessFailureKind and contour/lease identity so expired, foreign/moved, incomplete proof and no-prior-lease stay distinct; thread the restart publication disposition through the cleanup tail so one replay emits one truthful terminal phase; typed Absent observations distinct from unreadable/malformed/mismatched/validated; replace the eight dead event-log calls and drop the stale comments; replace the 6 tests with the declared 16 marker-bound cases forcing the nine production paths	"[""bins/eliot-host/src/host_epoch_reopen.rs"", ""bins/eliot-host/src/journal_append.rs"", ""bins/eliot-host/src/journal_append/readiness_append.rs"", ""bins/eliot-host/src/readiness_gate.rs"", ""bins/eliot-host/src/readiness_gate/contract.rs"", ""bins/eliot-host/src/runtime_restart_state.rs"", ""bins/eliot-host/src/runtime_restart_state/pending_codec.rs"", ""bins/eliot-host/src/store_recovery_evidence.rs"", ""bins/eliot-host/src/store_recovery_fence.rs"", ""bins/eliot-host/tests/host_journal_diagnostics.rs"", ""bins/eliot-host/tests/data/host_journal_diagnostics.json""]"	[]	All nine files emit identity-bearing, disposition-exact records with no protected payload bytes and no owner-semantics change; the test file carries WORK_UNIT_CASE:981/1..981/16 with each terminal boundary exercised through the actual instrumented path rather than by emitting facade records directly; every applicable helper covered; all five scoped checks pass on the touched diff	cac8ef382e46855c75f99fc615583cda18482111	[3869]	CLAIM_AFTER_PREFLIGHT
57	1	984	READY		14 WORK_UNIT_CASE:984/n cases: surface/local-only proof, id/severity mapping, byte+UTF-16 bounds and one-over, NUL/protected-marker refusal before FFI, source-level encode_wide_nul/buffer-lifetime/u16::try_from proofs, registration failure without a receipt, ReportFailed code-only Display, exactly-once deregistration, platform gating and UnsupportedPlatform, unknown availability, no timeout/delivery guarantee, case-13 write/readback, unsafe/scope/diff review	"[""crates/kernel/eliot-platform-windows/tests/event_log.rs"", ""crates/kernel/eliot-platform-windows/src/event_log.rs"", ""crates/kernel/eliot-platform-windows/tests/data/event-log/admitted-profile.json""]"	[]	14 marker-bound cases pass under cargo test --locked -p eliot-platform-windows --test event_log; frozen fixture still matches the port; no production port symbol changed; case 13 proven against an approved isolated registered test source or explicitly reported as incomplete live support, never as a skipped success	cac8ef382e46855c75f99fc615583cda18482111	[]	CLAIM_AFTER_PREFLIGHT
58	1	989	READY		4 items: rebase erasure_template_ordering's destructive-step probe onto the scrub pair; realign the erasure_execution_tests assertions from DELETE counts to scrub-statement counts; keep erasure_body_template and the TX_ERASURE_* constants byte-identical; re-run the five commands and confirm all 20 markers and the fixture stay unmodified	"[""crates/storage/eliot-store-surreal-adapter/src/apply.rs""]"	[]	cargo test --locked -p eliot-store-surreal-adapter --lib is green; the erasure ordering guard still fails closed when any of the three sections is absent; the rendered-template assertions match the scrub pair instead of DELETE counts; all 20 markers, the fixture JSON and every production symbol quoted are byte-unchanged; fmt/clippy/git diff --check clean; the diff touches only src/apply.rs	cac8ef382e46855c75f99fc615583cda18482111	[3811,3812]	CLAIM_AFTER_PREFLIGHT
59	1	1067	READY		4 items: rebind the three runtime_health.rs constants to the accepted receipt values or generate them at build time; add an inline cfg(test) guard reading docs/normative-pair.toml by include_str comparing all three as one atomic identity; extend that guard to enumerate every production current-pair consumer (bootstrap capture, runtime-compiler comparison, runtime_health, frame_dispatch, generation_recovery, runtime_health_status, kernel_admission_client); owner-side text update of the acceptance examples	"[""crates/kernel/eliot-kernel-core/src/module/runtime_health.rs""]"	[]	The three compiled constants equal the accepted receipt values; the guard test fails closed on any single-field disagreement and enumerates all seven production current-pair consumers; no consumer crate or bin needed an edit; the receipt and all normative documents are unchanged; cargo test -p eliot-kernel-core proves validate accepts the receipt-stamped carrier and rejects the previously compiled pair	cac8ef382e46855c75f99fc615583cda18482111	[5021,2369]	CLAIM_AFTER_PREFLIGHT
60	1	1112	READY		4 binding-mismatch tests (foreign attempt_id incl. cancelled, same-attempt changed retained binding, own-binding positive path, terminal=None UnknownOutcome path) plus the AGENTS.md and Cargo.toml description correction	"[""crates/agent/eliot-agent-claude/src/execution.rs"", ""crates/agent/eliot-agent-claude/AGENTS.md"", ""crates/agent/eliot-agent-claude/Cargo.toml""]"	[]	git grep for the binding-mismatch phrase matches tests as well as production; a terminal from attempt A under attempt B fails with BindingMismatch incl. cancelled=true; a same-attempt/changed-binding terminal fails; the own-binding terminal still passes with unchanged evidence refs; terminal=None still yields UnknownOutcome with reason; AGENTS.md and Cargo.toml no longer describe the package as a skeleton	cac8ef382e46855c75f99fc615583cda18482111	[2369]	CLAIM_AFTER_PREFLIGHT
61	1	1133	READY		7 items: stub-Runner tests calling build_inventory on a temp tree covering workspace_denominator completeness and the fail-closed INCOMPLETE_DENOMINATOR raise; _dependency_edges kind/target separation and the rule that a bare dependency edge never yields PRODUCTION_CONSTRUCTED; the four unreachable dispositions plus expiry/unclassified AdmissionDefect.UNCLASSIFIED; check_admission_decisions path::symbol proof gate, I2.23 twelve-field shape and orphan-record defect; reconciliation_map one-owner-per-gap and bounded issue spec; determinism equal-input byte-identical output; the issue Verification block run twice with a recorded identical aggregate_sha256	"[""scripts/tests/test_crate_reachability_inventory.py"", ""scripts/crate_reachability_inventory.py""]"	[]	All four classification entry points have deterministic passing tests; the Verification block runs clean; two consecutive runs on unchanged source produce identical aggregate_sha256 and byte-identical semantic rows; malformed or incomplete input yields exit 2 with a nonzero reason code, never an empty clean inventory; no generated report committed	cac8ef382e46855c75f99fc615583cda18482111	[]	CLAIM_AFTER_PREFLIGHT
62	1	1138	READY		6 items: owner-backed remove-canary CLI surface replacing the UNSUPPORTED arm; one versioned CanaryRemovalPlanEnvelope so unmodified plan stdout round-trips into apply; stop treating Retain rows as terminally Resolved and re-read the whole denominator through real owners; replace the synthetic store/registry evidence handles with a generation-scoped owner API/readback or mark the row Unsupported; persist an owner-issued terminal receipt/tombstone binding operation id, generation, predecessor and resulting revision/content digest and prove the effect by identity; the six package/CLI tests	"[""crates/kernel/eliot-installation/src/canary_removal.rs"", ""crates/kernel/eliot-installation/src/lib.rs"", ""crates/kernel/eliot-installation/src/redb_state.rs"", ""crates/kernel/eliot-installation/src/tests.rs"", ""bins/eliot/src/canary_removal_entry.rs"", ""bins/eliot/src/main.rs"", ""bins/eliot/tests/system_snapshot.rs""]"	[]	All six item-6 tests green; eliot installation remove-canary reaches the owner and never prints UNSUPPORTED; unmodified plan stdout is accepted by apply; retained/Store/Blob drift between plan and final readback blocks Completed with a typed partial/unknown disposition keeping the original removal id; crash after the registry commit followed by an unrelated mutation recovers the same operation without a second destructive mutation	cac8ef382e46855c75f99fc615583cda18482111	[2369]	CLAIM_AFTER_PREFLIGHT
63	1	1140	READY		7 items: require a non-empty Testd dispatch profile for LiveTestdProfile; give cargo/dotnet/rustc/rustfmt/scip a real admitted dispatch profile plus worker arm or reclassify the row honestly; repoint the eliot-diagnostic proof entrypoint at the verified nextest_completed_item edge; derive the family denominator from cargo metadata reverse deps and source call sites; replace the frozen review-date expiry comparison with an owner-issued clock (clock source must be confirmed before edit since ready() carries no clock); move the verifier's two cfg(test) process probes into an external harness; the three falsifiability tests	"[""crates/instrument/eliot-instrument-runner/src/package_disposition.rs"", ""crates/instrument/eliot-instrument-runner/src/testd_profile_dispatch.rs"", ""crates/instrument/eliot-instrument-runner/src/testd_registry.rs"", ""crates/instrument/eliot-instrument-runner/src/registry.rs"", ""crates/instrument/eliot-instrument-runner/src/lib.rs"", ""crates/instrument/eliot-instrument-runner/tests/provider_registry_conformance.rs"", ""crates/instrument/eliot-instrument-runner/tests/provider_registry_construction_audit.rs"", ""crates/instrument/eliot-testd-core/src/lib.rs"", ""bins/eliot-testd/src/lib.rs"", ""bins/eliot-testd/src/worker.rs"", ""crates/instrument/eliot-verifier/src/lib.rs""]"	[]	Every one of the 17 rows resolves to a machine-checkable fact (cargo-metadata reverse consumer plus source call site, non-empty Testd dispatch profile with a real worker arm or an honest non-Testd route, a proof entrypoint that is a resolved production symbol, and an owner-clock expiry); deleting any live package's production API call while keeping its Cargo edge and ledger row makes ProviderRegistry::ready fail	cac8ef382e46855c75f99fc615583cda18482111	[2369]	CLAIM_AFTER_PREFLIGHT
64	1	1142	READY		4 items: reconcile the stale 1860 disposition claim in scripts/migration_inventory_1860.py and docs/migration/1860-dispositions.md to the verified live consumer; remove the dead eliot-influence manifest edge in eliot-kernel-core or add the real call it claims; add the missing expiry coordinate through BoundedRevocationRequest/BoundedRevocationOutcome, the grants.rs producer, revocation_history.rs validation and the durable RecordedRevocation row; bump REVOCATION_HISTORY_PAYLOAD_VERSION on every side if a required field is added, per that file's own contract; extend the existing authority_revocation tests with expiry replay/idempotency cases without inventing new fixture shapes	"[""crates/security/eliot-influence/src/lib.rs"", ""crates/security/eliot-influence/tests/authority_revocation.rs"", ""crates/governor/eliot-authority/src/grants.rs"", ""crates/governor/eliot-authority/src/revocation_history.rs"", ""crates/governor/eliot-governor/src/owner_closure_provider.rs"", ""crates/kernel/eliot-kernel-service/src/owner_history.rs"", ""crates/storage/eliot-store-api/src/revocation_history.rs"", ""crates/kernel/eliot-kernel-core/Cargo.toml"", ""scripts/migration_inventory_1860.py"", ""docs/migration/1860-dispositions.md""]"	[]	eliot-kernel-core no longer claims a consumer it does not have; the registry and dispositions state a disposition matching the verified live consumer while still recording eliot-erasure as retired by #1142; a declared expiry is bound on request, receipt, authority evidence wrapper and durable RecordedRevocation and enforced during dependent-projection validation and replay; exact replay is idempotent and changed target/scope/policy/key under one operation identity conflicts; fmt/check/test/clippy green for the touched packages	cac8ef382e46855c75f99fc615583cda18482111	[3058,2369]	CLAIM_AFTER_PREFLIGHT
65	1	1144	READY		4 items: one issuer in experience_runtime dispatching both range operations through ReadService::bound_query using the Store's own read-name constants and request builders; the requested max_records strictly below MAX_EXPERIENCE_PAGE_RECORDS or cursor-paged at every call site; an executed in-test proof that a truncated range is refused as Partial (distinct from Unknown and from a successful empty result) plus a bounded-page Current case; keep prove_page_state_fence first on every consumed page	"[""bins/eliotd/src/experience_runtime.rs"", ""crates/governor/eliot-read/tests/read_owner_proof.rs""]"	[]	ReadOutcome::Partial has at least one non-test construction path from a production-callable entry; a truncated page is provably refused as Partial rather than Unknown or successful-empty; the requested bound is provably below the Store ceiling (or cursor-paged) at every call site; no new clippy or fmt findings versus b7e9e334569639a6290baeacf82bf44941def506	cac8ef382e46855c75f99fc615583cda18482111	[4495,3766,2369]	CLAIM_AFTER_PREFLIGHT
66	1	1146	READY		5 items: FakeClock monotonicity split with a typed ClockError and a separately named backward-time fixture; TempRoot run-owned isolated parent with collision-resistant atomic acquisition, tracked children and a fallible cleanup/retained-residue outcome; finite bounds on FakeStore and Failpoints; module.toml prose refresh bound to the old TempRoot shape; helper-to-consumer-to-disposition table published as an issue comment	"[""crates/foundation/eliot-test-support/src/lib.rs"", ""crates/foundation/eliot-test-support/module.toml""]"	[]	FakeClock::advance cannot move time backwards and its doc matches its contract; a separately named backward-time fixture exists; TempRoot roots come from a run-owned isolated parent with collision-resistant atomic acquisition, track exactly their created children and expose a fallible cleanup/retained-residue outcome; FakeStore and Failpoints have explicit finite bounds; module.toml no longer describes the superseded TempRoot shape; the disposition table is posted on the issue; scoped fmt/clippy/test plus the architecture-boundary audit pass with no new findings	cac8ef382e46855c75f99fc615583cda18482111	[3869]	CLAIM_AFTER_PREFLIGHT
67	1	1147	READY		5 items: closed versioned pattern families in [retired_references] over the configured repository-wide scan roots; make retired_reference_findings execute those families and report path/line/token plus canonical-replacement guidance from the handle index; classify usage context instead of banning identifiers with exact bounded exceptions; extend the self-tests with unlisted production files, a historical authority narrative, an unresolved dotted legacy handle and one bounded exception; keep the known-file ledger as replacement tokens only, not as the enforcement denominator	"[""scripts/doc_code_conformance_core.py"", ""config/doc-code-conformance.toml""]"	[]	A new unlisted production file containing the stale provenance narrative fails with path, line, token and replacement guidance; the canonical A8.1 comment form passes; codebase_memory_mcp and the bounded historical fixture stay accepted only via explicit exceptions; docs_shards, docs_router, doc-code conformance and runtime hygiene checks pass	cac8ef382e46855c75f99fc615583cda18482111	[5021,4999,4688]	CLAIM_AFTER_PREFLIGHT
68	1	1193	READY		2 one-file documentation corrections: remove the row-27 campaign-executor debt sentence from T2-S15 and reconcile the ledger header count with the 27 rows actually listed while keeping the deliberate 27 numbering gap so the pinned-file anchors stay stable	"[""workstreams/core-daemons/T2.md""]"	[]	T2.md contains no reference to a row 27 campaign-executor debt item, its header count equals the enumerated rows, and git grep for eliot-campaign-executor still matches only the retirement record's retired_path line; git diff --check clean; no cargo needed since no Rust changes	cac8ef382e46855c75f99fc615583cda18482111	[3579]	CLAIM_AFTER_PREFLIGHT
69	1	1219	READY		5 items: two scripts/verify.ps1 $allGates rows plus the verifier path variable across Quick/Review/MergeCompile; matching Justfile recipes joined into quick:; delete the .eliot-governor fallback in hook_runtime_root in favour of the LOCALAPPDATA resolution the function already performs; add bins/eliot-agent-bridge to BIN_ROOTS with the docstring bullet; confirm the crate-level GovernorConfig handoff stays outside the scan families	"[""scripts/verify.ps1"", ""Justfile"", ""scripts/verify-legacy-config-retirement.py"", ""bins/eliot-agent-bridge/src/hook_intake.rs""]"	[]	git grep for verify-legacy-config-retirement returns at least one hit under scripts/verify.ps1, Justfile or ci.yml and verify.ps1 -List names both gates; git grep for .eliot-governor under bins/eliot-agent-bridge is empty and the bin appears in BIN_ROOTS; the verifier prints PASS (findings=0) at the widened families; both cited acceptance sentences have a named enforcing owner	cac8ef382e46855c75f99fc615583cda18482111	[2956]	CLAIM_AFTER_PREFLIGHT
70	1	1227	READY		6 prose corrections to docs/release/WINDOWS_X64_RELEASE.md: the release-surface paragraph to the 13 staged signing roles; the Claude front door paragraph (the bridge now has a signing role); the Rust materializer and live-signing paragraphs to the REQUIRED_ROLES count; the staging/clean-tree paragraph to the real untracked-rejected, no-local-.cargo, --frozen --locked --offline policy; the RELEASE.json paragraph to runtime-materializer-eleven-plus-cli-pe-roles; the single aggregator test entrypoint while keeping the live certificate gate named separately	"[""docs/release/WINDOWS_X64_RELEASE.md""]"	[]	git grep over docs finds no six-plus-cli-pe-roles string, no nine-role phrase, no six PE Authenticode claim, no exactly-six-roles claim, no outside-signing-scope claim and no two-script invocation; each replacement count is traceable to a named main symbol; the run-tests line still names trusted-cli-live-signing-tests.ps1 as a separate manual gate; no behavioural change and no unproven status claim	cac8ef382e46855c75f99fc615583cda18482111	[2956]	CLAIM_AFTER_PREFLIGHT
71	1	1911	READY		Bind impact to the declared operation inside validate_envelope/check_resources_and_impact so a presenter-supplied tool_profile free-text field cannot downgrade an external-adapter operation below Material and skip the A10.3 action-model requirement; call record_effect from the production contour with the serde_json::Value observations returned by submit_registration/submit_claim/submit_reconcile/start_claimed and bind it to the envelope's verifier or its explicit unknown: marker; call finish_for_verdict from the production contour so an ordinary serve emits a finish word instead of exit 0 and an unmet verifier cannot report success; repair the crate's own fixture WorkScope disagreement (drive_carriers emits scope-1911, the claim fixture carries scope-1) so the lawful-admission and stale-fence proofs are green; add only the smallest proof named under acceptance	"[""bins/eliot-native-worker/src/governed_action.rs"", ""bins/eliot-native-worker/src/main.rs"", ""bins/eliot-native-worker/src/lib.rs""]"	[]	A Material external adapter operation without a valid authority-bound envelope is refused before the adapter runs with reason/preserved state/retry/required authority/allowed next action, and a valid envelope yields a recorded effect linked to its State Fence and verifier with an unmet verifier mapping to FAILED_VERIFICATION or DEGRADED_NO_PROOF rather than exit 0.	cac8ef382e46855c75f99fc615583cda18482111	[]	CLAIM_AFTER_PREFLIGHT
72	1	1939	READY		Bind the live RouteBehaviorFingerprint into DryRunBinding.route_fingerprint (currently hard-coded None on both arms) so a preview cannot be read as current without its route; keep every other dry-run behaviour unchanged	"[""bins/eliot-agent-bridge/src/main.rs"", ""bins/eliot-agent-bridge/src/lib.rs""]"	[]	Every dry-run response carries the active route fingerprint (or an explicit absent marker that cannot be mistaken for current), and the existing owner-preview/unsupported dispositions still leave target state and the external-effect ledger unchanged.	cac8ef382e46855c75f99fc615583cda18482111	[2369,3869,4599]	CLAIM_AFTER_PREFLIGHT
73	1	1956	READY		On the live request-loop result path build the existing ConformanceRecord and ShadowComparatorOutcome for the admitted registered conformance component and carry them on the retained WasmHostResultFrame so the activation observation contains the comparison and the comparator outcome is persisted; make conformance_record/shadow_comparator_for_record reachable from that path without creating a second comparator, semantic core or promotion owner	"[""bins/eliot-wasm-host/src/request_loop.rs"", ""bins/eliot-wasm-host/src/dispatch_drive.rs""]"	[]	One live SHADOW delivery of the registered conformance component emits a retained result frame carrying both the four-leg conformance comparison (ConformanceRecord::holds()) and the serialized seven-family ShadowComparatorOutcome, with no second conformance or comparator owner in the tree.	cac8ef382e46855c75f99fc615583cda18482111	[4599]	CLAIM_AFTER_PREFLIGHT
74	1	1964	READY		"Withhold `installed` when the admitted expectation evidences no static surface at all - an expectation with empty expected_file_hashes, empty expected_registrations and empty expected_hook_events must never report installed: true / INSTALLED_NOT_LIVE with installation: null; add the minimal package-local unit test in the existing mod tests covering the {""profile"":""demo""} + {} case and the receipt-with-contract-key-stripped case"	"[""bins/eliot-doctor/src/integration.rs""]"	[]	verify_profile on an expectation that names no target, registration or hook event returns installed: false and never INSTALLED_NOT_LIVE with installation: null, proven by a new test in bins/eliot-doctor/src/integration.rs::tests.	cac8ef382e46855c75f99fc615583cda18482111	[3869]	CLAIM_AFTER_PREFLIGHT
75	1	2380	READY		One Governor production transition ingress driving ScopeTransition::drive for expand/contract/merge/split/move and committing through the existing canonical commit path (no second ledger); wire resume_interrupted so an interrupted saga resumes as a new revision on the visible partial; expose observe_transition/TransitionObservation through the existing GovernorObservationReconciliation path instead of a new surface; make assess_material_readiness/evaluate_material_request withhold material effects while readiness_reevaluation_required is set or a record still stands as StagedCandidateRecord candidate; refuse old-generation task actions via the existing guard receipt after a committed generation change	"[""crates/governor/eliot-governor/src/composition.rs"", ""crates/governor/eliot-workscope/src/readiness.rs""]"	[]	A committed ScopeTransitionReceipt is produced by a Governor-reachable transition entry on all five kinds, a task bound to the old generation is refused until post-commit MATCHED revalidation, and a record standing as a candidate admits no material effect.	cac8ef382e46855c75f99fc615583cda18482111	[]	CLAIM_AFTER_PREFLIGHT
76	1	2560	READY		Add one operational readiness transition owner in daemon_runtime.rs deciding unchanged / core-admissible / core-withheld / generation-or-session-replaced; on core-admissible with no producer run the existing exact-generation idempotent report_ready once and construct exactly one SupervisionProgressProducer from its Kernel-authored bundle; on core-withheld or changed session/generation retire the producer and stop readiness-dependent dispatch while keeping health, shutdown and policy-allowed inspection observable; bind OwnerSessionBinding to the exact generation/epoch/State Fence it proves instead of returning retained_matches_owner_generation == true unconditionally; wire real owner revision/revocation events into reevaluate_capability/retire_generation_scoped_bindings or delete the dead lifecycle APIs; refresh the whole operation dependency set (Skill must reevaluate both SkillToolSource and SkillToolBasis and return a bounded multi-slot delta; Notification fetch success and failure must both produce an adopted delta; Dreamer and AgentFabric need their real owner/demand paths); feed the same projection into every dependent dispatch gate, not only Skill; republish changed readiness/degradation through the existing ready_message/stdout and Kernel-facing seams from the snapshot dispatch used	"[""bins/eliotd/src/daemon_runtime.rs"", ""bins/eliotd/src/startup_capability_bindings.rs"", ""bins/eliotd/src/startup_readiness.rs""]"	[]	A generation moving admitted->core-withheld retires the producer and stops readiness-dependent flights, a generation recovering from withheld obtains daemon_ready without restart, and a recovered or revoked optional slot changes availability in stdout, diagnostics and dispatch alike.	cac8ef382e46855c75f99fc615583cda18482111	[2369]	CLAIM_AFTER_PREFLIGHT
77	1	2568	READY		"Make sync_file open the already-written staged body through a writable handle before sync_all, matching the restore_claimed_envelope pattern in the same file, so stage_file_atomic no longer fails with InvalidMaterial(""delivery-io"") on Windows and publish_wasm_dispatch_bundle can stage, expose and register the delivery set that the wasm-host ordinary request loop requires instead of answering NoDeliverySet"	"[""crates/kernel/eliot-kernel-service/src/wasm_dispatch.rs""]"	[]	publish_wasm_dispatch_bundle returns a staged and exposed delivery set on Windows for an owner-admitted claim, so an admitted ordinary request obtains real dispatch material and the demand-started WASM host no longer answers NoDeliverySet.	cac8ef382e46855c75f99fc615583cda18482111	[2369]	CLAIM_AFTER_PREFLIGHT
78	1	2612	READY		1) Rewrite the present-tense sentence at docs/DEPENDENCY_POLICY.md:168-170 from ten to the current nine non-member manifests, or replace the literal count with a source-derived formulation naming scripts/verify-standalone-crates.py / workstreams/security/standalone-crate-dispositions.toml as the current denominator owner ;; 2) Keep both scripts/testdata/work-unit-gate/**/Cargo.toml fixtures explicitly outside the production denominator by naming the discovery rule; do not inflate the count to eleven and do not add fixture rows ;; 3) Re-grep for other current-ten assertions tied to this denominator; leave dated migration snapshots historical if already labeled as snapshots ;; 4) Preserve root	"[""docs/DEPENDENCY_POLICY.md""]"	[]	The canonical dependency policy's present-tense non-member denominator equals the source-derived nine recorded in workstreams/security/standalone-crate-dispositions.toml, delivered as a one-paragraph prose-only diff to docs/DEPENDENCY_POLICY.md.	cac8ef382e46855c75f99fc615583cda18482111	[]	CLAIM_AFTER_PREFLIGHT
79	1	2614	READY		1 accept one bounded resolver input (locked cargo metadata bytes plus root target, host/target triples, feature selection, resolver/toolchain, source identity) and bind ::_profile_descriptor to it, defaulting to the existing source_only_incomplete when absent ;; 2 keep the source-wide declaration inventory labelled source-wide/source-possible, never selected runtime evidence ;; 3 thread an explicit compilation-unit context through traversal so a proc-macro normal edge enters a host/tooling closure and a build unit's own build dependencies stay visible there ;; 4 make every traversal, count and witness resolution-aware: unresolved/degraded/ambiguous/external edges yield typed incomplete evide	"[""scripts/audit-architecture-boundaries.py""]"	[]	On scripts/audit-architecture-boundaries.py alone, every runtime-root dependency finding is either bound to an explicit resolver/metadata identity or explicitly labelled source-possible-incomplete, is traversed under the correct compilation-unit context and gated on edge resolution, and carries frontier-complete witness counts, with no change to unrelated audit rules, severities or exit dispositions.	cac8ef382e46855c75f99fc615583cda18482111	[]	CLAIM_AFTER_PREFLIGHT
80	1	2626	READY		1) Add one Host-side pre-commit owner-census revalidation beside ::rearm_cancelled_drain that re-reads the shared census and compares it with the durable attempt binding ;; 2) Call it in HostIdleDrainSupervisor::evaluate at the CommitDue decision instead of trusting self.last_census ;; 3) A busy/stale/unavailable census or a binding mismatch returns IdleDrainTick::DrainBlocked with a bounded reason and never produces CommitDue or a DrainCommit ;; 4) Treat the legacy bare `idle` binding accepted by ::rearm_census_binding_from as uncorrelatable and fail closed instead of skipping the comparison ;; 5) Focused fixture: an attempt whose owner census changes between window open and commit refuses	"[""bins/eliot-host/src/main.rs"", ""bins/eliot-host/src/activation_lifecycle.rs""]"	[]	cargo clippy --locked -p eliot-host -p eliot-host-state --lib --bins -- -D warnings clean for the Windows target and git diff --check clean, with the commit-boundary revalidation present in main.rs::HostIdleDrainSupervisor::evaluate and the durable-binding comparison in activation_lifecycle.rs.	cac8ef382e46855c75f99fc615583cda18482111	[]	CLAIM_AFTER_PREFLIGHT
81	1	2651	READY		1) Add closure-independent durable owner-event watermark fields to intent.rs::GovernorIntentRuleState (last_admission_generation, last_admission_ordinal, terminal event kind ObservationAccepted/RecoveryAccepted) that ::close_episode never clears ;; 2) Compare BOTH the observation and the recovery against that watermark before any mutation and refuse any event whose sequence is <= the watermark whole, including when episode_phase is Closed, replacing ::open_or_continue_episode's unconditional reopen ;; 3) Advance the watermark atomically in the same redb write transaction as the episode advancement/closure and the optional threshold append (::observe_governor_unavailability and ::observe_gove	"[""bins/eliot-watchdog/src/watchdog_spool/intent.rs"", ""bins/eliot-watchdog/src/watchdog_spool.rs"", ""bins/eliot-watchdog/src/lib.rs""]"	[]	Watchdog admission events are ordered by a durable owner-issued watermark that episode closure cannot erase, so no stale observation or recovery can reopen or silently close an episode out of owner order and no closed-episode replay can mint a second threshold intent, with the pre-watermark row dispositioned explicitly rather than invented.	cac8ef382e46855c75f99fc615583cda18482111	[3049]	CLAIM_AFTER_PREFLIGHT
82	1	2653	READY		1. exact replay under pressure: build one stream to >= 128 resolved members (each intent followed by its matching RedbRecoveryStore::append_restore_journal_result so the prefix is eligible), then replay the OLDEST retained intent with byte-identical operation and payload; assert the receipt's sequence and record_digest equal the FIRST receipt, replayed is true, and load_restore_journal_stream length plus the oldest row are unchanged. Under the pre-545532e7 order this call pruned its own row and returned an IntegrityProblem consumed-slot refusal, so this is the regression proof for the issue's second consequence ;; 2. refusals under pressure mutate nothing: at pressure, assert three refusals	"[""crates/kernel/eliot-ors/tests/restore_journal.rs""]"	[]	The append-triggered retention branch at restore_journal.rs:953-973 and every refusal schedule the issue names are exercised by a passing proof, so the issue's Acceptance paragraph is demonstrated on main instead of asserted in a comment.	cac8ef382e46855c75f99fc615583cda18482111	[4845,4490,3869,3024,2369,5021]	CLAIM_AFTER_PREFLIGHT
83	1	2666	READY		1 ;; split exposure into at least two closed stages (CarrierPublication, CanonicalApply), each its own NotSubmitted/MayHaveSubmitted/ResponseObserved/OwnerVerified track instead of the merged RestoreEffectState scalar ;; 2 ;; mark MayHaveSubmitted immediately before each specific write stage's first transport poll, not in a shared scalar, and make note_durable_result_verified non-monotone across stages so an earlier stage's verification cannot absorb a later stage's uncertainty ;; 3 ;; after a successful carrier response, do a bounded exact readback of every carrier row of this operation via read_archive_member (:2644) and fix CarrierPublication::OwnerVerified only on full identity+content m	"[""crates/storage/eliot-store-surreal-adapter/src/backup_restore.rs""]"	[]	Stage-separated carrier-publication and canonical-apply exposure with exact carrier settlement make the issue's drop-after-carrier counter-example converge in-process without a blind second write.	cac8ef382e46855c75f99fc615583cda18482111	[3869]	CLAIM_AFTER_PREFLIGHT
84	1	2702	READY		1) add #[cfg(test)] mod tests to crates/governor/eliot-maintenance/src/improvement_pipeline.rs holding one valid joined fixture (proposal, experiment, activation evidence, rollback contract, candidate view, admission evidence, policy) that reaches CanaryAdmitted ;; 2) single-field substitution cases per relation: candidate_id, campaign_id, closure_id, closure_digest, operation_ref, idempotency_key, experiment_id, unrelated evaluator, unrelated run_ref, content_revision_ref, widened scope/budget/deadline, wrong rollback_owner_id, and one uncovered required invalidation target ;; 3) explicit A/B counterexample: proposal A joined to an otherwise-valid group B refuses and never returns CanaryAdm	"[""crates/governor/eliot-maintenance/src/improvement_pipeline.rs"", ""bins/eliotd/src/improvement_candidate_route.rs""]"	[]	Both run_improvement_candidate_pipeline and route_improvement_candidate have a connected behavioral proof over one valid fixture plus the focused substitutions and the explicit A/B counterexample, and cargo test -p eliot-maintenance is green on b7e9e33 plus this change.	cac8ef382e46855c75f99fc615583cda18482111	[]	CLAIM_AFTER_PREFLIGHT
85	1	2763	READY		1. add a durable per-source revision for the unknown-commit family (META counter plus a RecoveryInventorySource member, revision_for and snapshot-digest coverage) and bump it inside the same transaction as stage_unknown_commit and resolve_unknown_commit ;; 2. add a bounded paged UNKNOWN_COMMIT_RECOVERY reader with cursor, limit, complete and next_cursor, validating the snapshot in-read and bounded by the existing MAX_RECOVERY_PAGE, mapping RecoverySnapshotMoved, limit exhaustion and decode failure to CheckedPauseObservation::Unavailable without ever collecting an unbounded Vec ;; 3. replace PauseLedgerBinding::of_owner's ors:{:p} plus mirror-local AtomicU64 with the owner-issued revision and	"[""crates/kernel/eliot-ors/src/model.rs"", ""crates/kernel/eliot-ors/src/store.rs"", ""crates/kernel/eliot-kernel-service/src/commit_recovery.rs"", ""crates/kernel/eliot-kernel-service/src/store_gateway.rs""]"	[]	Every mutating Dreamer send is gated by an owner-issued durable unknown-commit revision read under bounded complete coverage, rechecked at the send boundary, with no unbounded scan left on the path.	cac8ef382e46855c75f99fc615583cda18482111	[3869,4490]	CLAIM_AFTER_PREFLIGHT
86	1	2876	READY		1. stale path: open daemon.pid once as a retirable identity carrier BEFORE the dead-owner decision, read the bytes from that handle and retain its FileIdentity, so the decision object and the disposed object are the same object ;; 2. carry that identity into retirement (or compare a retirable identity against the retained one after a bounded transition) so a vanished, replaced, or differently-identified object returns SingleInstanceRefusal::ReplacementDetected even when the decimal bytes match, replacing the bare byte compare ;; 3. stop deriving the authoritative PID snapshot from a bare pathname read - SingleInstanceObservations/read_file_evidence stays caller observation while the lifecycl	"[""crates/eliot-engine/src/runtime.rs""]"	[]	main carries cross-phase FileIdentity binding for daemon.pid in both the stale-recovery and acquisition legs, and the refuting comment's counterexample (validation reads object A, an actor installs object B with identical bytes, retirement opens and deletes B) is impossible by construction.	cac8ef382e46855c75f99fc615583cda18482111	[]	CLAIM_AFTER_PREFLIGHT
87	1	2893	READY		1) foreign-scope proof: issue an evaluation under a scope digest different from the frozen_scope_digest handed to derive, assert Unproven with 'bounded to frozen scope snapshot X, not to Y' (foreign_evaluation_scope, the case comment 5847326429 named uncovered) ;; 2) missing-acquired-handle proof: a closing member recorded with handle None, assert the reason carries member=missing_acquired_handle (INCOMPATIBLE_MISSING_HANDLE; SourceDisposition::closes_member is Observed-only, so the None-handle members at tests/evidence_portfolio.rs:755-761 never reach the join) ;; 3) substituted-record proof: the map holds a record whose handle differs from the accounting handle, assert member=record_handle	"[""crates/research/eliot-researcher/tests/evidence_portfolio.rs""]"	[]	The four unexercised absence join arms and the issuer's held-commitment refusals are proven by named assertions in the package fixture, with no change to any production source file.	cac8ef382e46855c75f99fc615583cda18482111	[3869]	CLAIM_AFTER_PREFLIGHT
88	1	2894	READY		"1) W9 - add `RecordReferenceSurface::RawSourceDerivation` beside `SpanAnchor` in crates/research/eliot-researcher/src/source_admissibility.rs::RecordReferenceSurface, its `wire_name` arm (""raw_source_derivation""), and push one `PresentedReference` from `record_references` when `record.transformed_from` is `Some`; route it through the identity arm of `admits_record_reference` (`manifest.allows`) so a record cannot claim derivation from a source this run never admitted ;; 2) W10 - add the eleven named cases from issue item 10 against `classify_locator`: admitted/unadmitted `https://`; `urn:`/`mailto:`/`data:`/`file:`; `ws://`/`tcp://`; accepted canonical internal URIs; `snapshot::src-a` and ma"	"[""crates/research/eliot-research-exchange/tests/evidence_exchange.rs"", ""crates/research/eliot-researcher/src/source_admissibility.rs""]"	[]	W9, W10 and W11 land as committed code in exactly two existing files with the checks above green, after which #2894's Work and Acceptance clauses are satisfied against a classifier that needs no further change.	cac8ef382e46855c75f99fc615583cda18482111	[3869]	CLAIM_AFTER_PREFLIGHT
89	1	2965	READY		"1. Replace the whole-value set-membership test in ::_is_placeholder_prose with a meaning-based rule that refuses a descriptive value whose entire informational content is an evasion token plus filler or slot references (""see receipts for details"", ""TBD pending review"", ""placeholder text pending review"", ""the <topic> is recorded above"") while still accepting prose that merely discusses placeholders, defects or Rust generics (""Implement typed fallback response"", ""Handle Vec<T> in the response conversion"", ""Reject placeholder evidence in metadata"") ;; 2. Keep exactly one validator: no second predicate, no blanket text exemption, and ::_is_placeholder stays strict by type for identities, commits"	"[""scripts/work_unit_gate/doc_read_evidence.py""]"	[]	W6, A7 and AUD-C1 satisfied by an executed module-level counterexample plus two new green acceptance cases, with the other 13 work items and 13 acceptance bullets of #2965 unchanged.	cac8ef382e46855c75f99fc615583cda18482111	[4999, 4110]	CLAIM_AFTER_PREFLIGHT
90	1	2967	READY		1 Add one immutable owner-issued capture identity carrying capture/replay identity, created_at_ms, expires_at_ms, source/fence, the frozen operational identity, the identity of every declared family and the canonical request/schema version - as a new OrsBackupCaptureIdentity or by extending OrsOperationalSnapshotIdentity, the two branches the owner's audit names explicitly ;; 2 Stamp that window ONCE at capture open (::open_backup_operational_history / ::open_backup_family are the only producers) and delete the per-call super::current_unix_ms() in ::export_page_in ;; 3 Fold the capture identity ONCE into the existing single ::OrsBackupPage::expected_page_digest material covering all three ax	"[""crates/kernel/eliot-ors/src/store/backup_snapshot.rs"", ""crates/kernel/eliot-ors/src/backup_snapshot.rs"", ""crates/kernel/eliot-ors/src/lib.rs""]"	[]	An exact owner-issued cursor replay returns byte-identical canonical bytes and the same next cursor, and the same cursor after expiry returns a typed expiry instead of a fresh window.	cac8ef382e46855c75f99fc615583cda18482111	[3869, 3024]	CLAIM_AFTER_PREFLIGHT
91	1	2974	READY		1. Prove the shifted member: build a gregorian-local America/New_York ShiftForward NormalizedSchedule and call the production encoder apply_compiled_local_clock_seconds with the requested wall clock 2026-03-08T02:30:00, then assert the emitted ten-field V4 member is zone America/New_York, the pinned release, requested 2026-03-08T02:30:00, resolved 2026-03-08T03:30:00, applied -04:00, instant 2026-03-08T07:30:00Z, transition -05:00~-04:00, GAP_SHIFT_FORWARD, and that validated_occurrences_without_receipt accepts it ;; 2. Reject swapping requested and resolved clocks, omitting either local field, and the V2 nine-field count under the V4 encoding, with typed errors not panics ;; 3. Reject wrong	"[""crates/kernel/eliot-kernel-core/src/user_automation.rs"", ""crates/kernel/eliot-kernel-service/src/user_automation_store_tests.rs""]"	[]	Six executed gap/fold/legacy proofs pass against the unchanged V4 owner path, so #2974's acceptance is demonstrated and the issue can move to code-complete plus audited and close.	cac8ef382e46855c75f99fc615583cda18482111	[]	CLAIM_AFTER_PREFLIGHT
92	1	2985	READY		"1 ;; add #[cfg(test)] mod tests to crates/eliot-types/src/strict_json.rs covering: duplicate top-level schema_version, duplicate nested confidence_by_section.scope with equal values, escape-equivalent spellings ({""scope"":..,""\u0073cope"":..}), case-different keys staying distinct, nested duplicates inside array elements, repeated array elements accepted, malformed UTF-8, trailing non-whitespace data, and TooLarge at max_bytes+1 ;; 2 ;; add a reader-path fixture in crates/eliot-app/src/cognitive_field_runner.rs::mod tests that writes a duplicate-member reader document into private_root/outputs/reader.json with a matching receipt sha256 and asserts record_provider returns a bounded redacted err"	"[""crates/eliot-types/src/strict_json.rs"", ""crates/eliot-app/src/cognitive_field_runner.rs""]"	[]	The reader-path duplicate-key fixtures and the strict_json unit fixtures pass on main with zero new clippy/fmt findings and the serde boundary inventory check still PASS, so the issue's acceptance criteria become executable rather than TEST-PHASE.	cac8ef382e46855c75f99fc615583cda18482111	[]	CLAIM_AFTER_PREFLIGHT
93	1	2990	READY		1) Add one #[test] in crates/eliot-store/src/surql.rs::tests guarding that ApplyObservability and ObservabilityReceiptById returned projections carry exactly the nine DTO member names and that each of the three literal branches carries exactly nine keys (acceptance A9). ;; 2) In the same test module add a strict-refusal proof that serde_json::from_value::<eliot_types::ObservabilityWriteReceipt> errors on an extra member (e.g. Surreal id) so A7 is not only true by construction (acceptance A7). ;; 3) Run the existing live SurrealDB proofs t02_store_replay_is_one_row, t02_store_conflict_preserves_original, t02_memory_grant_offer_is_scoped_and_immutable, t02_memory_grant_redemption_is_atomic_dur	"[""crates/eliot-store/src/surql.rs""]"	[]	The two new guards are green under cargo test -p eliot-store --lib surql::tests and the four live observability store proofs pass, which closes the only acceptance line (#2990 A9, plus A7) that commit 6f049f35a left open.	cac8ef382e46855c75f99fc615583cda18482111	[]	CLAIM_AFTER_PREFLIGHT
94	1	4606	READY		"1. Add three `[[coverage.example]]` entries to `docs/architecture/route-rules.toml` [coverage] for path `crates/smart/eliot-context-contracts/src/atom.rs` with topics ""Propagate typed errors"", ""Tighten validators"", ""Resolve Clippy warnings"", each carrying `expect_routes = [""generic-source"", ""memory-context""]` (verified actual set on main) and `expect_absent_routes = [""host-kernel"", ""human-surfaces""]` ;; 2. Add `expect_required_handles = [""I12.9""]` to those three negatives so the test proves the RESOLVED required set still carries memory-context authority material while Host/UI handles are gone (I12.9 verified present in the resolved set; I1.*, I5.5, I16.17, A11, I3, I11 verified absent) ;; 3"	"[""docs/architecture/route-rules.toml""]"	[]	`docs_router.py check` PASSes with the three #4606 false-match negatives and four positive resolved-required-set controls pinned in route-rules.toml [coverage].	cac8ef382e46855c75f99fc615583cda18482111	[2453]	CLAIM_AFTER_PREFLIGHT
95	2	742	READY		Create bins/eliot-store-surreal/tests/store_diagnostics.rs (NEW) with all 23 primary cases, exactly one WORK_UNIT_CASE: 742 marker each immediately above the attributes, no duplicated primary markers | cover the public seams using scoped BoundedEventLog injection | cases 18/19/21 must drive the real production dispatch seam request_dispatch.rs::dispatch_with_log over a deterministic in-test StoreDispatchBackend fixture, not a fabricated event | cases 4/5/13/18, 2/12 and 3/15/20 reach private paths no tests target can call - place them as inline tests inside the existing cfg(test) mods in src/main.rs, src/lib.rs and src/diagnostics.rs | case 1 must own the OnceLock cell in exactly one primary test while every other case uses caller-owned injection | case 23's partition guard must be built from BridgeBoundary::ALL plus ADMITTED_OPERATIONS, not src/boundary_map.rs | case 6/T6+T16+T21 must assert RequestOutcome::RolledBack is unreachable | case 22 must drive the full canary and bounded-field matrix	"[""bins/eliot-store-surreal/tests/store_diagnostics.rs"", ""bins/eliot-store-surreal/src/diagnostics.rs"", ""bins/eliot-store-surreal/src/lib.rs"", ""bins/eliot-store-surreal/src/main.rs""]"	[]	All 23 primary WORK_UNIT_CASE: 742 tests (inline ones included) are discovered, non-duplicated, non-cfg-eliminated and pass under cargo test --locked -p eliot-store-surreal --all-targets, with every case bound to a real bridge call site and no change to validation, transaction ordering, idempotency, failure mapping or valid response bytes.	cac8ef382e46855c75f99fc615583cda18482111	[3869]	CLAIM_AFTER_PREFLIGHT
96	2	955	READY		6 items: route capture through IndependentKernelSensor::spool_backup_port -> WatchdogBackupPort::snapshot; seed observed_at_ms from the owner clock so check_capture_age admits; add the case-2 identity assertion via check_owner_bindings; reach WatchdogSpool::import_backup_isolated for the import cases; the test-only AdmittedIsolatedDestination constructor and WatchdogRuntimeBinding source need manager authorization; run the declared gate on Windows with the 18 executed-pass bindings	"[""bins/eliot-watchdog/tests/spool_backup.rs""]"	[]	All 18 cases execute against the production owner path (real owner-held read transaction, real admitted isolated destination, real durable import append), no skipped/empty/zero-selected/count-only pass, gate clean with no new clippy/rustfmt findings	cac8ef382e46855c75f99fc615583cda18482111	[]	CLAIM_AFTER_PREFLIGHT
97	2	957	READY		5 items: one owner-issued durable receipt byte-identical on append/replay/reconcile with a separate call disposition; drop replayed from RestoreJournalReceiptProof and from verify_restore_journal_receipt; make the retention record self-validating against current durable state on the readback path without splitting the single-transaction write; update case 957/6 to assert whole-value equality with no second append; leave the for_head denominator and the Unbound/KnownEmpty collapse untouched	"[""crates/kernel/eliot-ors/src/restore_journal.rs"", ""crates/kernel/eliot-ors/src/store/restore_journal.rs"", ""crates/kernel/eliot-ors/tests/restore_journal.rs""]"	[949]	Two calls with the same operation and payload produce equal receipts as complete values with only the disposition differing; verify_restore_journal_receipt accepts the replayed receipt and still refuses a fabricated proof while the receipt stays unconstructible from a wire format; the readback refuses a retention record not derivable from current durable state while a coherent one still reads back; cases 957/6 and 957/12 assert the new behaviour; zero new clippy/fmt findings and no Cargo/lock/docs/workflow/fixture edit	cac8ef382e46855c75f99fc615583cda18482111	[4845,3869]	CLAIM_AFTER_PREFLIGHT
98	2	961	READY		8 items: stage-aware post-contour CAS keeping a recoverable registry obligation; durable process-phase/attempt binding in CutoverIntentRecord plus the journal reducer; plan_cutover_attempt joining registry and process evidence with no repeated contour; readback never projecting Prepared/no-effect for unknown process exposure; a smallest typed observed contour outcome at cutover_generation_contour; execute_cutover_inner separating authenticated historical readback from a new destructive-action permit; 20 substantive WORK_UNIT_CASE:961/1..20 tests replacing the fixture probes; fail-closed ORS introduction handling with the #975 gap recorded	"[""bins/eliot-host/src/backup_cutover.rs"", ""bins/eliot-host/src/lib.rs"", ""bins/eliot-host/tests/backup_cutover.rs"", ""crates/kernel/eliot-host-state/src/model.rs"", ""crates/kernel/eliot-host-state/src/journal.rs""]"	[]	Crash after candidate activation but before CAS performs no second launch; a CAS failure after activation stays recoverable under the original operation identity; an exact committed readback returns the retained result without a new destructive-action permit; a stale cached predecessor refuses before any process effect; legacy records without phase evidence stay conservative/unknown; status never upgrades an unknown process outcome to no-effect; the primary registry error and any failed evidence-retention obligation both survive; 20 substantive cases import the production module	cac8ef382e46855c75f99fc615583cda18482111	[3869,2369]	CLAIM_AFTER_PREFLIGHT
99	2	1025	READY		7 items: make the serialized assertability field canonical on the candidate/transition/five Dreamer records; bind validate_closed's returned value into the frozen record/digest instead of discarding it; migrate the finite Governor/Dreamer consumers keeping any internal ladder behind its own boundary; version the incompatible wire change explicitly and regenerate the frozen inventory; add the I12.5 retained-value test; add eliot-runtime-contracts to module.toml depends_on; add a conformance check that module.toml depends_on equals the crate's normal internal Cargo dependencies	"[""crates/smart/eliot-epistemic-contracts/src/assertability.rs"", ""crates/smart/eliot-epistemic-contracts/src/candidate.rs"", ""crates/smart/eliot-epistemic-contracts/src/transition.rs"", ""crates/smart/eliot-epistemic-contracts/src/lib.rs"", ""crates/smart/eliot-epistemic-contracts/src/tests.rs"", ""crates/smart/eliot-dreamer-contracts/src/grounding/ledger.rs"", ""crates/smart/eliot-dreamer-contracts/src/grounding/manifest.rs"", ""crates/smart/eliot-dreamer-contracts/src/assembly/recipe.rs"", ""crates/smart/eliot-dreamer-contracts/src/self_query/input.rs"", ""crates/smart/eliot-dreamer-contracts/src/self_query/result.rs"", ""crates/smart/eliot-dreamer-candidate-validation/src/structured/validate.rs"", ""crates/smart/eliot-dreamer-claim-grounding/src/evidence.rs"", ""crates/smart/eliot-dreamer-claim-grounding/src/grounding.rs"", ""crates/governor/eliot-governor/src/epistemic_composition.rs"", ""crates/smart/eliot-epistemic/src/candidate_adaptation.rs"", ""crates/smart/eliot-context-contracts/module.toml"", ""crates/foundation/eliot-contracts/tests/data/shipped_serde_boundaries.toml""]"	[]	A serialized candidate/transition/Dreamer record carries the three I12.5 values and not the seven; the canonical value reaches a retained owner, not an ignored return; a test proves stale/contested/absent-support/redacted-dependency cannot cross as ASSERTABLE; the wire change is versioned and the frozen dataset regenerated so its digests match; smart.context.contracts depends_on equals its Cargo normal internal dependencies with a check preventing future drift; no architecture file edited	cac8ef382e46855c75f99fc615583cda18482111	[4495]	CLAIM_AFTER_PREFLIGHT
100	2	1148	READY		8 proof items: composite validate/continuation_is_safe unit proof; the fixed 128-byte record and its ShortRecord/ForeignRecord/UnsupportedVersion/MalformedField readbacks including torn NUL-padding and an all-zero bound digest; readback-for and restart-gate proof that an unbound or foreign record stays Blocked/GenerationMismatch and never Reconciled; SinkAlreadyPrepared and the non-Windows UnsupportedPlatform arms; record_guard_revert proof (second composite refused as IdentityConflict, blocked composite to RollbackRequired, store failure leaves the record unchanged) and reconcile_guard_revert_evidence proof (missing/torn/foreign leaves blocks_adoption true with no reconciliation retained); adoption refusal while an unreconciled composite is retained; the owned-child subprocess fixture plus a source inspection proving no String/Vec/format!/stderr().lock() in the terminal path	"[""crates/kernel/eliot-platform/src/guard_outcome.rs"", ""crates/kernel/eliot-platform-windows/src/terminal_containment.rs"", ""crates/kernel/eliot-installation/src/guard_containment.rs"", ""crates/kernel/eliot-installation/src/transaction.rs"", ""crates/kernel/eliot-installation/src/tests.rs""]"	[]	Every proof item is green under the scoped checks, each new test names the exact owner symbol it proves, validate_terminal_containment_readback_for provably never yields Reconciled for a foreign/unbound record, and git grep #[test] is non-zero in all three owner modules; proof reaches only WINDOWS_GUARD_TERMINAL_CONTAINMENT_CANDIDATE	cac8ef382e46855c75f99fc615583cda18482111	[2369]	CLAIM_AFTER_PREFLIGHT
101	2	1221	READY		6 items: delete StoreConfig::surql_dir with its require_non_empty and the GovernorConfig default; remove the surql staging from run_daemon_init_default; update the Rust/TOML fixtures still emitting a [store] surql_dir section; flip CONFIG_MIGRATION_PATHS[0] to Deleted and retarget PACKAGE_RELEASE_CONSUMERS[0]; publish the instrument_registry DDL as a named schema.rs constant plus one EmbeddedSchemaBody row used by ensure_instrument_registry_table; add fail-closed validation that an embedded DDL body creating an ALL_TABLES member cannot be absent from the inventory	"[""crates/eliot-types/src/config.rs"", ""crates/eliot-app/src/commands/operations.rs"", ""crates/eliot-app/src/dogfood.rs"", ""crates/eliot-app/tests/first_working_loop.rs"", ""crates/eliot-app/tests/multi_agent_access.rs"", ""crates/eliot-app/tests/support/ul_t04.rs"", ""crates/eliot-app/tests/ul_contract_errors.rs"", ""crates/eliot-app/tests/ul_observability_mcp.rs"", ""crates/eliot-engine/tests/operations_runbook.rs"", ""crates/storage/eliot-store-surreal-adapter/src/schema.rs"", ""crates/storage/eliot-store-surreal-adapter/src/schema_inventory.rs"", ""crates/storage/eliot-store-surreal-adapter/src/apply/surreal_instrument_registry.rs""]"	[]	git grep for surql_dir returns only Deleted/Removed inventory rows, zero Rust call sites and zero TOML fixtures; run_daemon_init_default no longer copies or writes a .surql directory; the instrument_registry body has exactly one published EmbeddedSchemaBody row naming the ensure operation; the EMBEDDED_SCHEMA_BODIES census covers every ALL_TABLES member created by a DDL body; python scripts/verify-legacy-config-retirement.py and audit-architecture-boundaries.py stay clean	cac8ef382e46855c75f99fc615583cda18482111	[]	CLAIM_AFTER_PREFLIGHT
102	2	2570	READY		"1) Carry the owner-issued task revision into the ENVELOPE fence only: retain it in bins/eliot-agent-bridge/src/lib.rs::ActivatedTaskBinding and thread it through TransportFacts into build_invocation_envelope/finish_envelope, leaving host_request_frame_for_envelope's bare StateFence::new(epoch, generation) frame identity untouched - HostRequestEnvelope::validate already permits task_revision on non-Activation envelopes and the Kernel's connection and application-binding gates compare only epoch+generation on envelope.state_fence ;; 2) In daemon_claim_queue.rs::finish_admission delete the ""envelope without a task binding leaves the draft's task standing alone"" branch (:1173-1184) and require e"	"[""bins/eliot-agent-bridge/src/lib.rs"", ""bins/eliot-agent-bridge/src/kernel_host_request_client.rs"", ""bins/eliot-kernel/src/host_request_route/daemon_claim_queue.rs"", ""crates/foundation/eliot-protocol/src/finish_attempt.rs"", ""bins/eliotd/src/daemon_kernel_client.rs"", ""crates/governor/eliot-governor/src/finish_attempt.rs"", ""crates/governor/eliot-canonical/src/lib.rs""]"	[]	One supported MCP eliot.finish draft traverses Bridge -> authenticated Kernel request -> Kernel finish queue/claim -> serve_finish_claim -> Governor evidence/decision -> canonical WriteReceipt -> retained correlated response, with independent readback returning that exact decision, and no caller-derived task, scope, revision or evidence reference can reach VERIFIED_COMPLETE.	cac8ef382e46855c75f99fc615583cda18482111	[]	CLAIM_AFTER_PREFLIGHT
103	2	2627	READY		1. Mint one absolute deadline at the start of the CanonicalDrainReceiptsReconciled block in run_shutdown_drain and pass only remaining() into the registration scan, both reconcile_pending_observation calls and both family scanners; the two extra independent DRAIN_RECEIPT_DEADLINE budgets disappear ;; 2. Change reconcile_pending_observation to spend a caller-supplied phase budget/deadline instead of a fresh Instant::now() per call, so StoreRebind and StoreUnknownOutcome share one budget; no sleep or read when remaining == 0 ;; 3. Add RedbRecoveryStore bounded cursor/page readers for STORE_FAILURE_RETENTION and UNKNOWN_COMMIT_RECOVERY that copy load_store_rebind_page exactly (MAX_RECOVERY_PAGE	"[""bins/eliot-kernel/src/shutdown_drain.rs"", ""bins/eliot-kernel/src/lib.rs"", ""crates/kernel/eliot-ors/src/store.rs""]"	[]	run_shutdown_drain's CanonicalDrainReceiptsReconciled phase provably spends at most one DRAIN_RECEIPT_DEADLINE and derives StoreUnknownOutcome evidence only from bounded ORS pages, with no unbounded whole-table read left on that path.	cac8ef382e46855c75f99fc615583cda18482111	[4599,4490,2369,3812,3811,3869]	CLAIM_AFTER_PREFLIGHT
104	2	2644	READY		1) One budget per caller operation, not per client method: MainViewModel::ReadFreshUserAutomationStateFenceAsync (:851) and MainViewModel::TransmitUserAutomationAsync (:863) run the mandatory admission/context handshake and then the business request, and GovernorPipeClient::UserAutomationAsync (:252) always starts a fresh 30s OperationBudget, so one pressed action can take ~59s; add one composite client operation that performs the context read and the business exchange under a single budget and returns one typed outcome naming both stages (context, business). 2) GovernorPipeClient::DisposeAsync (:1002-1021) must atomically detach the exact current connection and Abort() it on entering Closin	"[""apps/Eliot.Operator/Services/GovernorPipeClient.cs"", ""apps/Eliot.Operator/Services/IGovernorClient.cs"", ""apps/Eliot.Operator/ViewModels/MainViewModel.cs"", ""apps/Eliot.Operator/Services/OperatorClientFaults.cs"", ""tests/Eliot.Operator.Tests/Program.cs""]"	[]	All four audited defects are repaired in one bounded C# change set, MergeCompile dotnet gates are green with zero new warnings, and each of the audit's eight mandatory checks is either demonstrated or explicitly handed to the Windows test phase with its residual named.	cac8ef382e46855c75f99fc615583cda18482111	[]	CLAIM_AFTER_PREFLIGHT
105	2	2647	READY		1) ::observe_core_owner_state — bind one exact typed owner-context identity taken from DaemonComposition::kernel_snapshot(): the complete StateFence (EpochId lineage + sequence, resource generation) plus artifact_digest, protected_snapshot_digest, principal and service/protocol identity, keeping readiness/view_fresh/owner_set_admitted as separate verdict flags ;; 2) compare that typed identity by equality everywhere (observe_owner, adopt_local_delta, retained_matches_owner_generation); never order or hash only epoch sequence/generation — a compact digest is allowed only if derived canonically from the complete typed tuple with its schema/domain identity retained ;; 3) ::retained_matches_owne	"[""bins/eliotd/src/startup_readiness.rs"", ""bins/eliotd/src/daemon_runtime.rs""]"	[]	The startup-readiness projection's owner basis and retained-generation check compare the exact admitted owner context (not scalar generation/epoch), every adoption-token mint is mutation-atomic, and a completed local-read flight always settles its outcome even when its readiness delta cannot be adopted — delivered as a two-file diff in bins/eliotd/src/startup_readiness.rs and bins/eliotd/src/daemon_runtime.rs.	cac8ef382e46855c75f99fc615583cda18482111	[2369]	CLAIM_AFTER_PREFLIGHT
106	2	2663	READY		1 ;; add the production producer that commits a LearningRecordKind::ActivationReceipt row through the activated RecordLearningRecord mutation whose record_json decodes as eliot_skill::SkillHarnessActivationReceipt with non-empty handle/record_digest, matching the row contract resolve_activation_subject already enforces ;; 2 ;; route activation admission through the existing lifecycle owner so SkillLifecycleView::attempt_receipts is populated (give SkillRegistry::derive_and_record a production caller or an equivalent owner write), making the skill_dispatch.rs:1079 retained-receipt conflict loop reachable ;; 3 ;; publish the owner's own result from commit_activation_candidate instead of the lo	"[""bins/eliotd/src/skill_dispatch.rs"", ""bins/eliotd/src/lib.rs"", ""crates/governor/eliot-skill/src/lib.rs"", ""crates/governor/eliot-skill/src/activation.rs"", ""crates/governor/eliot-governor/src/composition.rs""]"	[]	A committed ActivationReceipt producer exists on the activation ingest path and the lifecycle owner retains the admitted receipt, so both the owner-qualified positive activation arm and the retained-receipt conflict arm are reachable in production with no self-declared stage ever published.	cac8ef382e46855c75f99fc615583cda18482111	[3766]	CLAIM_AFTER_PREFLIGHT
107	2	2688	READY		1) In prepare_page compare ctx.state_fence with state.begin.scope.state_fence immediately after require_retained_handle and before run_expiry_pass, the state.terminal check, the is_replay_cursor Replay return, claim acquisition, merge_interruption and counter movement ;; 2) In prepare_close do the same immediately after require_retained_handle and before run_expiry_pass and the retained terminal-receipt Replay return (the now_ms > closed.retained_until_ms ReceiptNotFound arm stays in its place unless the hoisted check also precedes it — an expired terminal record must not be observable by an unadmitted request either) ;; 3) Keep the existing outer single-principal bind_capture_principal call	"[""crates/storage/eliot-store-surreal-adapter/src/backup_snapshot.rs""]"	[]	One-file change in backup_snapshot.rs hoisting the request-fence admission above both replay returns, with fmt/clippy/check/diff --check green against the pre-existing 17-finding adapter baseline and the four already-preserved mechanisms byte-identical.	cac8ef382e46855c75f99fc615583cda18482111	[]	CLAIM_AFTER_PREFLIGHT
108	2	2786	READY		1 add a narrow platform-backed installation-scoped exclusion guard in the platform owner and thread a private guard/token into stage_and_expose_delivery, reexpose_fixed_delivery_from_slot, reclaim_fixed_delivery, reclaim_claimed_delivery and every marker writer so no production path bypasses it (held only across bounded local I/O, never guest execution, RPC, stdout, process waits or an await) ;; 2 replace the expires_at <= claim_admitted_at_unix_ms branch in retire_or_backpressure_live with the delivery owner's typed in-flight disposition (I14.14 in-flight disposition taxonomy): expiry closes new execution only, InFlight/unknown/terminal-unacknowledged backpressures with the exact recovery r	"[""crates/kernel/eliot-kernel-service/src/wasm_dispatch.rs"", ""bins/eliot-wasm-host/src/dispatch_material.rs"", ""bins/eliot-wasm-host/src/request_loop.rs"", ""crates/kernel/eliot-platform-windows/src/lib.rs"", ""bins/eliot-wasm-host/Cargo.toml""]"	[]	All five items of comment 5868578172 are implemented on main with the guard present in every fixed-name mutation path, owner-issued typed disposition replacing expiry-as-reclamation, first-writer-wins InFlight claim, slot-retained per-delivery recovery state with a monotonic revision, custody-gated cleanup, and the deferred interleaving/crash proofs produced after assembly.	cac8ef382e46855c75f99fc615583cda18482111	[2369,3869]	CLAIM_AFTER_PREFLIGHT
109	2	2857	READY		"1) Add `eliot-mcp.workspace = true` to bins/eliotd/Cargo.toml `[dependencies]` and let Cargo.lock record the edge — permitted by I2.3's layer order (C4 eliotd -> C3 eliot-mcp, ""Dependency direction is outward only""); `config/architecture-boundaries.toml`'s eliotd runtime_root forbids only eliot-app/eliot-engine/eliot-store-surreal-adapter/surrealdb and the eliot-dreamer/eliot-research/eliot-agent-/eliot-model prefixes, and eliot-mcp is already in eliotd's transitive closure via eliot-governor and eliot-kernel-service, so no new package enters Cargo.lock ;; 2) In context_reconstruction_route.rs build a `QueryInput` from the AUTHENTICATED envelope identity (intent = QueryMode::ContextReconstru"	"[""bins/eliotd/Cargo.toml"", ""Cargo.lock"", ""bins/eliotd/src/context_reconstruction_route.rs""]"	[]	A non-test production caller of `eliot_mcp::plan_context_reconstruction_query` and of `eliot_mcp::project_context_reconstruction_projection` exists inside `bins/eliotd/src/context_reconstruction_route.rs`, provable by `git grep` outside the eliot-mcp test modules.	cac8ef382e46855c75f99fc615583cda18482111	[3804, 2369, 4495]	CLAIM_AFTER_PREFLIGHT
110	2	2859	READY		1. Add a durable continuation-owner incarnation under the existing automation Store owner (a new record_kind in schema::table::AUTOMATION_CONTINUATION beside guard/active/terminal) that is strictly newer than every observed value, changes on creation of a new database contour and on every restore/cutover that can replace automation rows, and stays stable across an ordinary process restart so exact response-loss replay still works ;; 2. Add the incarnation slot to AutomationContinuationBinding and AutomationContinuationReadBinding, validate non-zero, and require retained == current in verify_automation_continuation; keep issuer_generation as schema major and do not overload it with restore au	"[""crates/storage/eliot-store-api/src/user_automation_state.rs"", ""crates/storage/eliot-store-api/src/lib.rs"", ""crates/storage/eliot-store-memory/src/lib.rs"", ""crates/storage/eliot-store-surreal-adapter/src/apply/surreal_automation.rs"", ""crates/storage/eliot-store-surreal-adapter/src/apply/read_boundary.rs"", ""crates/storage/eliot-store-surreal-adapter/src/client/backup_restore.rs"", ""crates/storage/eliot-store-surreal-adapter/src/backup_restore.rs""]"	[]	A durable continuation-owner incarnation is bound into the shared binding/verifier and every retained row, is advanced by the canonical restore owner before restored automation rows become readable, and the Surreal inventory read is bounded and refuses over-maximum owner state.	cac8ef382e46855c75f99fc615583cda18482111	[3811,3812]	CLAIM_AFTER_PREFLIGHT
111	2	2865	READY		"1 ;; declare `[property: JsonPropertyName(""trusted_tool_definition_refs"")] IReadOnlyList<string> TrustedToolDefinitionRefs` on the positional record UserAutomationRevision, in Rust field order immediately after portable_skill_package_revision_refs (census order OperatorScheduleContract.g.cs:440-441 = Rust user_automation.rs:2260,:2274); 2 ;; validate it in the private Validate with UserAutomationContract.RequireTextList(TrustedToolDefinitionRefs, ""trusted_tool_definition_refs""), mirroring the sibling list at :1064 and the owner rule list_text (user_automation.rs:4291, empty allowed, length capped by list_len :4299); 3 ;; prove the DTO member set now equals USER_AUTOMATION_REVISION_MEMBERS ex"	"[""apps/Eliot.Operator/Protocol/UserAutomationContracts.cs""]"	[]	The C# revision DTO maps every member the Kernel owner always emits, so TryDecodeScheduleNormalizationResult, RequireOwnerNormalizedRevision and DescribeOwnerNormalizedSchedule stop being unconditionally dead on lawful owner bytes.	cac8ef382e46855c75f99fc615583cda18482111	[]	CLAIM_AFTER_PREFLIGHT
112	2	2870	READY		1) Fix or retire `CanonicalComparisonPair::canonical_position_key` — it emits `value` for Equal and `reason` for Unnormalizable with no variant tag, an encoding collision rather than a hash collision ;; 2) Normalize ONCE in the validated input path: `validate_comparisons` today only rejects a duplicate unordered pair and leaves orientation unnormalized, so `analyze_conflict` must build the canonical pair once and hand that value to disposition, notes and emission instead of each step re-reading `ConflictSupplements.comparisons` ;; 3) Make per-position output position-facing in BOTH `legacy_compatibility_entry` and `owner_compatibility_entry` (self_value/other_value, or retained first/second	"[""crates/smart/eliot-dreamer-conflict-analysis/src/lib.rs"", ""crates/smart/eliot-dreamer-conflict-analysis/Cargo.toml""]"	[]	`compute_candidate_digest` hashes one named versioned typed preimage that contains the emitted `PositionCompatibility` mapping with outcome variant tags and source labels, the readback entry verifies that same preimage, and no ad-hoc string identity path remains in the crate.	cac8ef382e46855c75f99fc615583cda18482111	[]	CLAIM_AFTER_PREFLIGHT
113	2	2875	READY		1) Add `| super::daemon_request_dispatch::ACTIVATE_ROOT_TRANSITION_OPERATION` to the is_daemon_operation matcher so an authenticated active-daemon Execute frame can reach the existing typed arm ;; 2) Publish ONE shared public constant for the operation name and one for the receipt kind in a crate both binaries already depend on (eliot-authority beside ROOT_TRANSITION_OPERATION_KIND / ROOT_TRANSITION_RECEIPT_SCHEMA / ROOT_TRANSITION_RECEIPT_VERSION, mirroring the USER_AUTOMATION_PREFLIGHT_SELECTOR pattern that publishes in eliot-kernel-core and re-exports pub(crate) in the kernel bin) and delete the two duplicated literals ;; 3) NOT in this card, owner named: the v2 restore join calling Admit	"[""bins/eliot-kernel/src/frame_dispatch.rs"", ""bins/eliotd/src/kernel_authority_client.rs"", ""bins/eliot-kernel/src/daemon_request_dispatch.rs"", ""crates/governor/eliot-authority/src/root_transition.rs""]"	[]	A grep of main shows `activate_root_transition` and `authority_root_transition_receipt` defined once in a shared crate and referenced from frame_dispatch.rs::is_daemon_operation, with the existing typed arm and its owner-readback path unchanged.	cac8ef382e46855c75f99fc615583cda18482111	[4490,2369,3869,3812,3811]	CLAIM_AFTER_PREFLIGHT
114	2	2971	READY		1 cancellation response exactness at the transport boundary: request [A,B] answered with [foreign], [A], [A,B,foreign] or a duplicate is rejected by UserAutomationHostExecutionResponse::validate_for ;; 2 ordered vector and entry commitment: validate_cancelled_wake_ids plus UserAutomationWakeCancellationReadback::validate_for refuse a changed record_checksum, a reordered vector, a foreign batch operation or idempotency key and journal_sequence == 0 ;; 3 denominator partition: a receipt whose dispositions omit, duplicate or mis-bind a denominator member, or whose coverage counts disagree, fails validate_integrity, and NotRetained carrying WakeIntentState::Pending is refused ;; 4 obligation ide	"[""crates/kernel/eliot-kernel-service/src/user_automation_execution.rs"", ""crates/kernel/eliot-kernel-service/src/user_automation_execution_client.rs"", ""crates/kernel/eliot-kernel-service/src/user_automation_orchestration.rs"", ""crates/kernel/eliot-kernel-service/src/store_gateway.rs""]"	[]	All 14 #2971 acceptance clauses have a passing scoped test at crates/kernel/eliot-kernel-service user_automation, with no production-code change and no new clippy or rustfmt findings versus main.	cac8ef382e46855c75f99fc615583cda18482111	[4490]	CLAIM_AFTER_PREFLIGHT
115	2	2976	READY		1) In crates/governor/eliot-authority/src/quarantine_evidence.rs derive the NeverAdmitted vs RevokedAndFenced discriminator from the activation-receipt history (the retained CommittedAuthorityActivation / AuthorityActivationReceipt evidence) instead of GrantRecoveryRecord.status, following comment 9's prescription that a canonical row without a committed activation is not authority ;; 2) In crates/governor/eliot-authority/src/grants.rs bind that readback into GrantGraph::bind_quarantine_omission's child_record binding so the quorum decision consumes committed activation evidence, not a caller-presented record status ;; 3) In crates/governor/eliot-governor/src/owner_closure_provider.rs add th	"[""crates/governor/eliot-authority/src/quarantine_evidence.rs"", ""crates/governor/eliot-authority/src/grants.rs"", ""crates/governor/eliot-governor/src/owner_closure_provider.rs"", ""crates/kernel/eliot-kernel-core/src/governor_closure_source.rs"", ""crates/governor/eliot-governor/src/owner_closure_feed.rs""]"	[]	QuarantineOmissionEvidence::required_by decides from the durable activation-receipt history rather than GrantRecoveryRecord.status, so omission closure cannot be achieved by a quarantined child that was previously active.	cac8ef382e46855c75f99fc615583cda18482111	[2369,4100,4575,4729,4659]	CLAIM_AFTER_PREFLIGHT
116	2	4601	READY		1) add `#[cfg(test)] #[allow(clippy::expect_used, clippy::panic, clippy::unwrap_used)] mod tests` at the end of hook_intake.rs with a local finite `BufRead` chunk reader, copying the precedent `ChunkReader` at bins/eliot-agent-bridge/src/request_input.rs::tests::ChunkReader (it is a private `mod tests`, so it is NOT reachable from another module — the hook test module needs its own copy) ;; 2) exact-limit accept: a record of exactly `HOOK_INPUT_PROFILE.max_record_bytes` (1_048_576) bytes returns `Ok(record)` with `record.len() == 1_048_576` ;; 3) one-over reject: 1_048_577 bytes returns `HookIntakeError::StdinOversize { limit_bytes: 1_048_576, .. }` and NEVER a truncated prefix ;; 4) multi-c	"[""bins/eliot-agent-bridge/src/hook_intake.rs""]"	[]	`cargo test -p eliot-agent-bridge` is green with `WORK_UNIT_CASE: 4601/N` cases covering the full Acceptance list, after which #4601's remaining acceptance is discharged and the issue may close.	cac8ef382e46855c75f99fc615583cda18482111	[2369, 3869, 4599]	CLAIM_AFTER_PREFLIGHT
117	3	1953	READY		Add one ORS-owned read-only open seam beside RedbRecoveryStore::open/open_for_installation that keeps the installation-identity binding check and creates no table, runs no initialize migration, no recover_interrupted_execution and no advance_store_object_generation; bind KernelComposition::open_ors_for_config to that seam when startup_mode.is_shadow_candidate(); make accept_kernel_ready bind the receipt to the retained activation - activation_nonce_digest against KernelRecord.one_time_nonce.activation_nonce_digest(), activation_operation_id against KernelRecord.operation, the candidate ProcessObservation/Job binding against KernelRecord.candidate_job_binding/process, and the kernel-probe-authority-epoch: handle in evidence_refs against KernelRecord.kernel_generation	"[""crates/kernel/eliot-ors/src/store.rs"", ""bins/eliot-kernel/src/composition_bootstrap.rs"", ""bins/eliot-host/src/lib.rs""]"	[]	A shadow candidate's ORS open performs zero durable writes (no table creation, no object-generation advance, no interrupted-execution recovery), and Host publishes the stable front door only on a KernelReadyReceipt bound to that candidate's retained nonce, operation identity, process/Job binding and epoch.	cac8ef382e46855c75f99fc615583cda18482111	[3869,2369]	CLAIM_AFTER_PREFLIGHT
118	3	2689	READY		1. Add an inline #[cfg(test)] mod tests at the end of backup_snapshot.rs (same-crate precedent backup_snapshot.rs sibling crates/storage/eliot-store-surreal-adapter/src/backup_restore.rs:4795 mod tests { use super::*; }) plus a fixture builder that installs a SnapshotState under a unique digest via the private fn registry() and removes it after each case, because the registry is one process-global Mutex ;; 2. drift-during-await: prepare_page -> PageAdmission::Claimed, then finish_page with a CapturePoint that differs from state.point, assert StoreError::Unavailable and InterruptionReason::PointMoved at reasons[0] and the entry still present with frozen pages_served/members_served/bytes_serve	"[""crates/storage/eliot-store-surreal-adapter/src/backup_snapshot.rs""]"	[]	backup_snapshot.rs carries an inline cfg(test) module whose fixtures fail if merge_interruption ever overwrites or truncates the ledger, resolve_transient_read ever clears a terminal reason or a counter, Drop for CaptureCallClaim ever deletes or annotates an entry, resolve_claim ever accepts a superseded claim, or close_capture ever recomputes a retained receipt.	cac8ef382e46855c75f99fc615583cda18482111	[]	CLAIM_AFTER_PREFLIGHT
119	3	2738	READY		1. add one closed versioned recovery commitment to BackupCutoverPayload binding at minimum the immutable identities/digests of restore receipt, operational-validation receipt, denominator/readback owners and revisions, coordination row/receipt, destination-readiness proof, purge/source validation, prior-authority denominator and the presented introduction set, keeping canonical_unsigned_bytes non-circular and keeping BACKUP_CUTOVER_PAYLOAD_WIRE_VERSION and BACKUP_CUTOVER_PAYLOAD_SCHEMA_ID consistent with the new field set (both are pinned by validate and validate_admitted_payload); 2. pass IsolatedRecoveryEvidence into cutover_payload so the commitment sits inside the admitted canonical byte	"[""crates/foundation/eliot-protocol/src/backup.rs"", ""bins/eliot-host/src/backup_cutover.rs"", ""crates/foundation/eliot-contracts/tests/data/shipped_serde_boundaries.toml""]"	[]	BackupCutoverPayload canonical bytes cover the recovery commitments, and is_exact_replay refuses a changed commitment under one operation before any journal mutation or registry CAS.	cac8ef382e46855c75f99fc615583cda18482111	[3869, 2369]	CLAIM_AFTER_PREFLIGHT
120	3	2800	READY		1) In ::KernelMcpForwardingPort::consumed_offer_proven_by_import require exact equality of the offer's bound window key with `result.window().window_key()` before any confirmation proof, and delete the unconditional `offer.window_key = Some(window.window_key().to_owned())` rebind at the tail of ::KernelMcpForwardingPort::reconciliation_imported (lib.rs:4624-4628); a foreign/moved/refreshed window then leaves the offer unresolved ;; 2) Add the prepare/adopt phase the `window_key: None` creation at lib.rs:3714 needs: the first fully validated owner page atomically binds the offer to that exact window key inside the same single infallible swap, so no later window can confirm a predecessor offer	"[""bins/eliot-agent-bridge/src/lib.rs""]"	[]	The exact consumed-frontier offer survives frame/send/receive/decode failures and reconnect under its original identity or a typed retained-offer recovery, no window other than the adopted one can confirm it, and only the joint #2799 import with an exact matching owner cursor advances owner_acked and prunes held receipts.	cac8ef382e46855c75f99fc615583cda18482111	[3869]	CLAIM_AFTER_PREFLIGHT
121	3	2808	READY		1 Status: retain the current-pointer NamedReadResponse `revision_heads` and refuse StoreError::RevisionConflict when its digest differs from execution_projection's read_revision, mirroring read_history_outcome ;; 2 Status: do not let an empty obligation set act as implicit completeness evidence — a complete empty projection still proves its denominator revision through the compared read revision ;; 3 read_current_revision is one of the few reads in this file that never calls validate_named_response (contrast read_history_outcome and invocation_denominator_page); add that validation so the retained revision is an owner-proven value and not an unvalidated echo ;; 4 correct the stale sentence a	"[""crates/kernel/eliot-kernel-service/src/user_automation_store.rs""]"	[2859]	One commit on main touching only crates/kernel/eliot-kernel-service/src/user_automation_store.rs that makes Status fail closed on a denominator revision that differs from the revision it selected its immutable revision under, with the stale doc sentence corrected and fmt/clippy/diff-check clean.	cac8ef382e46855c75f99fc615583cda18482111	[3812,3811]	CLAIM_AFTER_PREFLIGHT
122	3	2896	READY		1. In KernelControlReader::poll_spool, bounded-read and validate the exact delivery first (parse_control_delivery + join_control_delivery) and only then resolve its ack slot, so no ack byte can decide anything about a delivery that has not been read ;; 2. Replace enum AckSlot { Skip, Free, Reoffer } with the closed assessment Absent / MatchedTerminal / MatchedAcceptedOwned / MatchedEnqueuedRecoverable / MalformedEvidence / ForeignIdentityConflict / BudgetDeferred, where MalformedEvidence and ForeignIdentityConflict are never terminal and never erase or overwrite the file ;; 3. Compare ack.operation_id, ack.replay_key and ack.delivery_digest against the selected delivery inside the reader, mi	"[""bins/eliot-wasm-host/src/request_loop.rs"", ""crates/kernel/eliot-kernel-service/src/wasm_control.rs""]"	[]	A malformed or foreign ack at an exact ack pathname can no longer impersonate a terminal disposition: the child joins the ack to the exact delivery before concluding, keeps the evidence bounded and typed, and the owner has an exact-name recovery/retirement path for a poisoned slot.	cac8ef382e46855c75f99fc615583cda18482111	[3869]	CLAIM_AFTER_PREFLIGHT
123	3	2962	READY		1. Live install: after GovernorComposition::activate_root_transition (:10085) validates the Committed receipt, call AdmittedRootTransition::admit with the CURRENT parent/child grants, current graph revision, current fence and a CurrentTransitionReadback built from owner state, then install the crossing through GrantGraph::with_admitted_transitions and invalidate owner hydrations the way revoke_grant (:10043) already does; today admit() has 0 call sites, so issue step 8 readback never runs in production (reachability of this entry depends on #1110, which composition.rs's own Live status names as the missing ingress producer, but the code work is independent); ;; 2. Restore re-admission: repla	"[""crates/governor/eliot-authority/src/grants.rs"", ""crates/governor/eliot-governor/src/composition.rs"", ""crates/governor/eliot-governor/src/authority_recovery.rs"", ""crates/governor/eliot-governor/src/owner_closure_provider.rs"", ""crates/governor/eliot-governor/src/owner_closure_feed.rs"", ""bins/eliotd/src/owner_feed.rs""]"	[]	"On a follow-up main, `git grep -n ""with_admitted_transitions\|admit_restored"" origin/main` shows at least one non-test production call site in eliot-governor for each, and no transition-bearing restore refusal survives outside the owner-readback gate"	cac8ef382e46855c75f99fc615583cda18482111	[2369, 3869, 3812, 3811]	CLAIM_AFTER_PREFLIGHT
124	3	3001	READY		1) In tests.rs::system_registration_transaction, after `descriptor.profile = InstallationProfile::SystemService;` (1923) and before `must(descriptor.with_computed_digest())` (1964), replace the inherited PortableDev `profile_governed_roots` with a SystemService-consistent InstallationRoots: user_config == user_cache (profile_roots.rs:110-116), durable_data = <program_data>\Eliot (profile_roots.rs:210-217, `program_data` already in scope at tests.rs:1913, RuntimeStateRoots::derive_profiled anchors installation_root below it: runtime_root_contract.rs:308-314), immutable_binaries ending in `Eliot\eliot\test-version` for the inherited profile_component/profile_version (lib.rs:2040-2051; I3.1 tab	"[""crates/kernel/eliot-installation/src/tests.rs""]"	[]	`system_registration_transaction` builds a SystemService-valid descriptor so `with_computed_digest()` (tests.rs:1964) returns Ok instead of panicking, and registry_rejects_pending_while_active_rebind_is_active plus signed_activation_projection_registry_conflict_quarantines_after_transaction_cas execute their pending-activation staging assertions.	cac8ef382e46855c75f99fc615583cda18482111	[2369]	CLAIM_AFTER_PREFLIGHT
125	4	2737	READY		1. `commit_with_durable_intent`: delete the unconditional `let terminal = if refusal.is_some() { Failed } else { Committed }` at backup_cutover.rs:2796-2797. On a commit-stage Err, drop the store handle and take a fresh `store.load()` readback: exact `committed_cutover_activation()` matching installation/operation_id/request_digest/target -> settle `Committed` through the EXISTING `append_cutover_intent` (same `<op>:committed` idempotency key, so a retry replays byte-identical bytes); `active_generation() == Some(expected_predecessor)` with no operation-bound receipt -> deterministic not-applied, append `Failed`; anything else, or an unreadable load -> keep the durable intent `Pending` and r	"[""bins/eliot-host/src/backup_cutover.rs"", ""bins/eliot-host/src/lib.rs""]"	[]	A commit-stage registry error is settled from exact owner readback under the original operation identity, and a replayed/settled/unknown readback returns no retirement barrier.	cac8ef382e46855c75f99fc615583cda18482111	[2369, 3869]	CLAIM_AFTER_PREFLIGHT
126	4	2764	READY		1 ORS owner-side bounded open-commit read: limit <= MAX_OBSERVED_OPEN_COMMITS + 1, exact continuation/cursor, item/byte/work/deadline bounds, cutoff applied INSIDE the ORS read before decode/materialization ;; 2 owner-owned open-set index (or a separate current-head) maintained atomically in stage_unknown_commit and resolve_unknown_commit, so terminal history stays durable but never enters the admission scan ;; 3 explicit complete / continuation / incomplete disposition from the owner; a partial page must never become CheckedPauseObservation::CompleteEmpty, and an open set that changes mid-walk returns a typed moved/retry result, not a merged answer ;; 4 replace the process-local owner ident	"[""crates/kernel/eliot-ors/src/store.rs"", ""crates/kernel/eliot-kernel-service/src/commit_recovery.rs"", ""crates/kernel/eliot-kernel-service/src/store_gateway.rs""]"	[]	A checked pause observation can no longer cost a full-table scan of UNKNOWN_COMMIT_RECOVERY, and a retained paused K reaches exact-receipt reconciliation without it.	cac8ef382e46855c75f99fc615583cda18482111	[4490, 3869]	CLAIM_AFTER_PREFLIGHT
127	5	2798	READY		"1 ;; remove the destructive prior-window retirement from the no-selector Open arm of reconcile_bridge_events_for_owner (store.rs:20992-21046): drop the `first_active` single-active rejection and both retire_bridge_recovery_window_in calls so an explicit refresh mints W2 with its own immutable cuts while W1 survives ;; 2 ;; drop the same single-window invariant from create_bridge_recovery_window_in (store.rs:14141-14145) and turn its 14146-14159 reusable-window rejection into ""reuse only when presentation AND source_revision still match"", otherwise mint a new window ;; 3 ;; bound the parallel set - add a per-owner active-window ceiling next to MAX_BRIDGE_RECOVERY_WINDOWS (store.rs:598) and re"	"[""crates/kernel/eliot-ors/src/store.rs""]"	[]	A no-selector refresh in crates/kernel/eliot-ors/src/store.rs mints an independent window without deleting any live sibling window's row or cut rows, bounded by a typed capacity refusal.	cac8ef382e46855c75f99fc615583cda18482111	[3869,2369]	CLAIM_AFTER_PREFLIGHT
128	6	2799	READY		1. Make receipt decoding pure: extract+validate `value.acknowledgement` inside the free fn `decode_reconciliation_outcome` into an immutable candidate carried on ReconciliationPortResult (precedent `with_recovery_candidate_stream_facts` :2137), and stop calling `retain_acknowledgement_receipt_evidence` from `validate_reconciliation_window_response` (:4007/:4019/:4025) and from `reject_unknown_reconciliation_outcome` (:4043/:4058/:4079), removing the live writes at :3830 and :3929 ;; 2. Remove the retention call from `KernelMcpForwardingPort::reconcile_external` :4403-4408 and apply the candidate receipt + proposed offer disposition + exact offer identity/content digest inside `reconciliation	"[""bins/eliot-agent-bridge/src/lib.rs"", ""crates/surfaces/eliot-agent-bridge-core/src/lib.rs""]"	[2798, 2800]	A rejected reconciliation reply performs zero live writes on the Bridge, and `reconciliation_imported` plus the core publish form one cut with no fallible step after the first mutation.	cac8ef382e46855c75f99fc615583cda18482111	[3869]	CLAIM_AFTER_PREFLIGHT
129	6	2863	READY		1) bins/eliot-kernel/src/backup_capture.rs: add an inline `#[cfg(test)] mod tests` (established in-crate convention, e.g. blob_store_controller.rs:680) that calls the private classify_archived_fence over constructed `StateFence` values (EpochId / ResourceGeneration / three optional revisions) and asserts every variant: full equality -> ExactFenceValue; `EpochRelation::Same` with a different generation AND with a different optional revision -> SameAuthorityDivergent, never ExactFenceValue; DirectParent/SameLineageOlder with equal generation and matching-or-absent revisions -> SameAuthorityOlder; DirectParent with a numerically higher generation -> SameAuthorityDivergent; DirectParent with a r	"[""bins/eliot-kernel/src/backup_capture.rs"", ""crates/kernel/eliot-ors/src/store.rs""]"	[]	The six ArchiveFenceRelation outcomes and the archive_fence_restrictions ceiling are asserted by executable checks, and a pre-#2863 v1 row is proven to classify LegacyUnqualified instead of Absent.	cac8ef382e46855c75f99fc615583cda18482111	[3869, 4845, 4490]	CLAIM_AFTER_PREFLIGHT
130	7	2885	READY		"1) add excluded(super::BRIDGE_EVENT_COMPACTED_RANGES, RowDisposition::ForensicOnly, ""<reason>"") to backup_snapshot.rs::source_bound_exclusions next to the BRIDGE_EVENT_REPLAY_COMMITMENTS entry (item 10, backup/export) ;; 2) correct the four census-count prose blocks in backup_snapshot.rs (module header ~L103/L120, dispositioned_tables doc ~L927-938 and ~L954, witness doc ~L3816) that assert BRIDGE_EVENT_COMPACTED_RANGES is uncensused, without touching the still-true RUNTIME_LEASE_CURRENT gap ;; 3) in store.rs::bridge_capacity_accounting_for read the namespace's compacted-range row, charge read_budget, validate it, report compacted_ranges + compacted_range_bytes and add its exact key+value by"	"[""crates/kernel/eliot-ors/src/store/backup_snapshot.rs"", ""crates/kernel/eliot-ors/src/store.rs""]"	[]	Both item-10 gaps closed - the compacted-range table is censused and byte-accounted in ORS status - with no change to any cap, to the dormant receipt join, or to any other writer's file.	cac8ef382e46855c75f99fc615583cda18482111	[3869]	CLAIM_AFTER_PREFLIGHT
131	1	1229	READY		Close the two remaining false-green holes in the executed dependency-policy verifier, both the same defect shape (a required key checked for presence, never for value), in scripts/verify-dependency-policy.py only: (1) check_cargo_inventory must reject any direct_dependencies entry whose consumer/owner/reason/features/public_exposure/removal_plan values are empty or whitespace-only instead of passing on key presence, must reach the non-Rust ecosystems so a nuget/python/node entry holding only ecosystem+version produces a disposition finding, and must derive its required set from the fields _inventory_disposition and build_sbom_artifact already publish, reusing the existing check_workspace_dependency_dispositions message shape for the same field names; (2) check_exceptions and check_exception_lock_drift must require owner, compensating_control and removal_condition to be non-empty and expires_at present and parseable, comparing the parsed expiry unconditionally rather than only when the string is truthy, reusing the existing expired-on and drifted-from comparison and message text; extend only the in-file self_test with the value assertions.	"[""scripts/verify-dependency-policy.py""]"	[]	python -m py_compile scripts/verify-dependency-policy.py exits 0, python scripts/verify-dependency-policy.py --self-test passes, the offline-source profile still ends INCOMPLETE on the pre-existing findings, scripts/tests/test_verify_dependency_policy.py has no new failure, and git diff --stat names exactly one file with no change to config/dependency-policy.toml, deny.toml, any lockfile or any workflow	8fb0a426f78e1d7ab9cd5a054ef13c981ef6e670	[]	CLAIM_AFTER_PREFLIGHT
132	1	1231	READY		Record the owner-decided I18.23 per-PR discriminator rule in START.md section 5 and gate it: state in START.md::## 5. Proof is governed by the owning issue that every PR carries one executed test discriminator failing on the exact old behavior of the changed path inside the declared module/support scope, that this is required and not ceremony, that it does not replace the owning issue acceptance matrix plus package/edge/negative and Product proof, and that a wrong brief is returned as ContractChallenge instead of optimized to, pointing at docs/architecture/I18-23-agent-development-test-protocol.md as canonical while keeping the existing fenced command block and section numbering intact; in scripts/verify-agent-guardrails.py add one new onboarding_* finding emitted from verify_onboarding when that rule is absent from ONBOARDING_START plus the matching self_test case that removes the rule from the seeded good_onboarding_start_text fixture and asserts the finding fires, mirroring the existing missing-file and support-overclaim assertion shape and testing for the rule presence in the section rather than one blessed sentence.	"[""START.md"", ""scripts/verify-agent-guardrails.py""]"	[]	verify-agent-guardrails.py --self-test passes, verify-agent-guardrails.py --root . is clean on the edited START.md, docs_shards verify and docs_router check and docs_read.py self-test pass, verify-doc-code-conformance.py --self-test and --root . pass, just quick is green, and git diff --stat names exactly two files with no count, sync-command, self-merge or unlocked-cargo text added to START.md or README.md	8fb0a426f78e1d7ab9cd5a054ef13c981ef6e670	[]	CLAIM_AFTER_PREFLIGHT
133	1	1261	READY		Add the three emitted members to ClaimSummary and nothing else: crates/eliot-types/src/memory.rs::ClaimSummary declares only claim_id, statement, status and memory_revision under deny_unknown_fields with no serde(default), while the store projection current_state.surql resolves each claim row to seven members (claim_id, statement, status, memory_revision, visibility, lifecycle_state, failed_verification), so decode_value rejects the store own projection at ContextCompiler::read_context first required read and CurrentStateResponse::supported_now/weak_or_candidate never populate; add visibility, lifecycle_state and failed_verification typed from the representation the projection emits (reusing the Visibility and LifecycleStatus enums this file already declares plus a plain bool membership predicate for failed_verification), keep the derived no-flatten no-tagging deny_unknown_fields decoder contract exactly as FailureSummary and MemoryHandlePreview declare it, and return a ContractChallenge naming path::symbol if any emitted form does not match an existing enum representation instead of inventing a member, variant, tag, rename or alias. Do not touch crates/eliot-engine/src/context.rs, whose handle-set, dedup, contested filter and revision fence are already correct on main via PR #3400 and must not be regressed.	"[""crates/eliot-types/src/memory.rs""]"	[]	cargo fmt --package eliot-types -- --check, cargo clippy --locked -p eliot-types --all-targets -- -D warnings and cargo build --locked -p eliot-types are green, git diff --stat names exactly one file, and the expected downstream breakage is reported honestly rather than fixed in this diff: crates/foundation/eliot-contracts/tests/data/shipped_serde_boundaries.toml carries the stale eliot-types:crates/eliot-types/src/memory.rs:derive:ClaimSummary:conflicted row as generated output that the storage owner must regenerate, never hand-edit here	8fb0a426f78e1d7ab9cd5a054ef13c981ef6e670	[]	CLAIM_AFTER_PREFLIGHT
134	1	1388	READY		Fix fixture data only, inside approved_registration_fixture: emit the six service_control_grant fields InstallerServiceControlGrantReceipt declares - principal_service = ELIOT_HOST_SERVICE_NAME, principal_sid = eliot_platform_windows::ELIOT_HOST_SERVICE_SID on BOTH arms, security_descriptor_owner = SERVICE_EXPECTED_OWNER_SID, security_descriptor_group = SERVICE_EXPECTED_GROUP_SID, access_mask = ELIOT_HOST_SERVICE_CONTROL_ACCESS_MASK with host_service_security_descriptor_digest for InstallerServiceRole::Host and ELIOT_WATCHDOG_HOST_CONTROL_ACCESS_MASK with watchdog_service_security_descriptor_digest for InstallerServiceRole::Watchdog - replacing the four-key grant and the placeholder SIDs S-1-5-80-9-8-7-6-5 / S-1-5-80-1-2-3-4-5 that receipt.validate() rejects; keep the serde_json::from_value decode, the bootstrap, nonce, configuration_digest and executable path byte-for-byte so the existing substitution assertions keep proving what they prove; add only the smallest in-file proof that the six-field grant decodes for Host, Watchdog and pending-bootstrap roles and that both service_registration_request() reconstructions validate	"[""bins/eliot-host/src/watchdog_service_tests.rs""]"	[]	cargo test --locked -p eliot-host --lib watchdog_service_tests is green on Windows, approved_registration_fixture decodes a six-field grant for Host, Watchdog and the pending-scm arm using the canonical ELIOT_HOST_SERVICE_SID / SERVICE_EXPECTED_OWNER_SID / SERVICE_EXPECTED_GROUP_SID constants with the role-correct access mask and descriptor digest, and the diff is exactly one file with no change to any eliot-installation or eliot-watchdog source and no serde default, deny_unknown_fields or validation-gate change.	8fb0a426f78e1d7ab9cd5a054ef13c981ef6e670	[]	CLAIM_AFTER_PREFLIGHT
135	1	1702	READY		"2 files only, and SEQUENCING: this issue is PARKED AFTER OSP1 - the 2026-09-25 comment applies P6 (D5 swarm/research/remote) under I17.13 ""No large autonomous mutating swarm is admitted before Operational Spine Proof 1"" and asks that it be parked and not handed to agents until OSP1, so schedule only after OSP1 and do not drop the work. Enforcement already exists and is PRESERVE (eliot_agent_contracts::check_execution_update, ::check_definition_author, ::check_supersession plus the whole AgentFabric semantic surface and the activated ApplySwarmOwnerRevisions Store contract) but is unreachable: the only call sites are internal to agent_fabric.rs, no binary submits the Store operation, and nothing in eliotd can mint the owner-issued WriteReceipt the guard requires, so the maps are born empty. Three wiring pieces plus one classification arm: (a) let a binary actually submit the activated ApplySwarmOwnerRevisions operation so an owner-issued receipt exists; (b) let eliotd mint that receipt through the existing named Store contract from the Task Controller adapter instead of creating a second write authority; (c) give ApplySwarmOwnerRevisions its own arm in task_binding_admission.rs::requirement_for_named_mutation, which today falls into the DiscoveryReadOnly wildcard. NOT VERIFIED: that campaign_task_controller.rs is the correct owner for definition authoring - the docs fix it by role (""Task Controller alone authors definition revisions"", I10.15 and I14.20), not by file - settle that before writing code."	"[""bins/eliotd/src/task_binding_admission.rs"", ""bins/eliotd/src/campaign_task_controller.rs""]"	[]	After OSP1: a binary submits ApplySwarmOwnerRevisions and the resulting owner-issued receipt reaches the existing guards; requirement_for_named_mutation returns a dedicated arm for ApplySwarmOwnerRevisions instead of DiscoveryReadOnly; agent_fabric.rs, crates/agent/eliot-agent-contracts/ and crates/storage/eliot-store-api/ stay byte-identical to b7e9e334569639a6290baeacf82bf44941def506; no new task database, plan editor in Kernel, scheduler, attempt journal or hidden direct Store writer appears.	8fb0a426f78e1d7ab9cd5a054ef13c981ef6e670	[]	CLAIM_AFTER_PREFLIGHT
136	1	1726	READY		"[""The twelve-dimension contract, the output binding with anti-circularity, the single readiness rule and all five enforcement call sites are ON MAIN and PRESERVE: QUALITY_DIMENSIONS (quality.rs), QualityScorecard::{validate,all_pass,suitability}, QualityOperation::required_dimensions (Compile=&QUALITY_DIMENSIONS, DependentAction=[ExactAnchorProvenanceCoverage,InstructionSufficiency,VerifierActionReadiness]), QualityOutputBinding with its documented anti-circularity, and rendered_output_identity which exists precisely to close the grading order. Do NOT re-implement any of them."", ""THE GAP IS A PRODUCER. git grep QualityDimensionResult on origin/main finds only one production construction site -- crates/governor/eliot-governor/src/negative_memory_context.rs::negative_memory_coverage_result, feeding apply_negative_memory_coverage -- for ONE of the twelve axes. The other eleven, including all three load-bearing ones for QualityOperation::DependentAction, have no production constructor: the card is a caller-supplied parameter, not an output."", ""NEW FILE, VERIFIED ABSENT: crates/smart/eliot-context-assembly/src/scorecard.rs does NOT exist on origin/main (git cat-file -e fails: \""path ... does not exist in 'origin/main'\"") and does NOT exist at base b7e9e334569639a6290baeacf82bf44941def506 either, so it is neither a deleted nor a renamed file. The verdict names it as the module to build inside the existing assembly owner; creating it requires adding the file plus its mod/pub use beside the existing `mod boundary;` / `pub use boundary::{...}` pair in crates/smart/eliot-context-assembly/src/lib.rs. The crate carries #![forbid(unsafe_code)] and the header \""This crate owns assembly only. It never retrieves, ranks, re-admits, edits, or persists context\"" -- the new module stays inside that boundary."", ""Build the producer inside the assembly owner so every value the card names comes from the compilation: the admitted set, the recipe, the ResolvedContextRecipe, the AssemblyPolicy, RenderedOutputIdentity from rendered_output_identity, the rendered RenderedAtom list, admitted.economy.displaced (exactly what require_graded_output compares against output.omission_handles), and the SerializedContextMeasurement. Never take any of them from a caller."", ""Produce QualityApplicability through QualityApplicabilityResolutionSet::from_resolutions over all six QUALITY_APPLICABILITY_INPUTS, leaving an unanswered input as QualityApplicabilityResolution::Unknown -- QualityOperation::blocks_on_unresolved_applicability then blocks Compile and DependentAction while DiagnosticDisplay still reports it. Emit QualityDimensionState::Unknown with the missing element in unknown_evidence wherever the compilation did not observe the evidence; Degraded/NotApplicable only with a non-empty reason."", ""Route the one axis that has a real producer (QualityDimension::NegativeMemoryInvariantCoverage) through the existing eliot_governor::apply_negative_memory_coverage instead of reimplementing it."", ""Wire the two existing consumers on ONE readiness rule: call QualityScorecard::suitability(QualityOperation::Compile, ...) once before the first assemble_active_view on the real path, and suitability(QualityOperation::DependentAction, ...) before the negative-memory gate commits its effect. The empty supplier slot is already in the signature: bins/eliotd/src/kernel_context_read_client.rs::KernelContextReadClient::compile_context_packet takes `quality: impl FnOnce(&AdmittedContextSet) -> Result<QualityScorecard, PacketCompositionError>`."", ""SEQUENCING: the 2026-09-25 triage comment applies parked:after-osp1 to this issue under I17.13 (\""No large autonomous mutating swarm ... before Operational Spine Proof 1\"", P4/D3 Smart/cognitive/Dreamer). Owner scheduling disposition preserved; the row is a schedule record, not a delivery authorisation. The missing producer is live on main regardless of the park, so the work is recorded here rather than dropped."", ""NOT VERIFIED: which module FILE NAME inside eliot-context-assembly the owner wants the builder in, if `scorecard` collides with a crate-level file-name or disposition rule. Settle it from the nearest AGENTS.md/disposition rule and say which rule was applied; do not relocate the code into assemble.rs to avoid the question.""]"	"[""crates/smart/eliot-context-assembly/src/scorecard.rs"", ""crates/smart/eliot-context-assembly/src/lib.rs"", ""bins/eliotd/src/kernel_context_read_client.rs"", ""bins/eliotd/src/negative_memory_action_gate.rs""]"	[]	A non-test construction site produces a QualityScorecard with exactly one QualityDimensionResult per QUALITY_DIMENSIONS entry, built inside the new crates/smart/eliot-context-assembly/src/scorecard.rs and declared in that crate's lib.rs; QualityScorecard::validate and assemble_active_view's require_graded_output accept the produced card for a real compilation, so every digest it names is one assembly itself recomputed rather than a caller prediction; the two existing consumers call suitability on that card -- the pre-assembly Compile check and the negative-memory DependentAction check -- and a packet missing its exact anchor, active directive or required verifier is refused there while DiagnosticDisplay still shows it with the limitation; no dimension, rule revision, evidence handle or verifier contract appears in the diff that the compilation did not itself produce; QUALITY_RESULT_SCHEMA_VERSION, QUALITY_SCORECARD_SCHEMA_VERSION, all_pass, QualityDimensionState::is_pass and deny_unknown_fields are unchanged.	8fb0a426f78e1d7ab9cd5a054ef13c981ef6e670	[]	CLAIM_AFTER_PREFLIGHT
137	1	1727	READY		"[""All three findings are git-grep-confirmed on origin/main and all three are EXTEND-THE-EXISTING-CONTRACT work. Do not create a parallel representation and do not touch the private validators in crates/smart/eliot-context-contracts/src/boundary.rs."", ""PACKING: the pack/unpack pair only round-trips ONE in-memory object. crates/smart/eliot-context-assembly/src/assemble.rs::ActiveUnderstandingViewResult::round_trip_boundary_bytes calls self.boundaries.pack()? and hands the bytes straight back to boundary::read_back_boundaries, which unpacks, re-validates and compares against a binding recorded before transport -- so nothing that actually traverses the packed bytes survives. CanonicalRenderedPayload (crates/smart/eliot-context-assembly/src/measurement.rs, private, five fields: schema_version, binding, recipe_digest, fence_digest, rendered) is what final_bytes returns and what verify compares the measurement against, and it omits boundary metadata entirely: output_digest and rendered_utf8_bytes never cover the boundary digest or the ordered member relation. BOUNDARY_METADATA_SCHEMA_REVISION (currently ContractVersion::new(1,2,0)) is the versioned surface; I5.22's explicit-migration rule applies to any wire change."", ""DEGRADATION: only 1 of the 5 dispositions has a producer. git grep finds exactly five BoundaryDisposition construction sites on main and only BoundaryDisposition::ExactHandleOnly is ever built, by crates/smart/eliot-context-assembly/src/boundary.rs::unit_disposition, which returns None for every atom whose record.disposition != AdmissionDisposition::HandleOnly. NarrowerExtractiveView, WholeUnitIncompleteUnsupported, RouteToCompatibleContour and BlockDependentDecisionOrEffect have no producer at all, so every non-HandleOnly atom silently reports BoundaryCompleteness::Complete and BoundaryPrecision::Exact with coverage.known_gaps empty regardless of its AtomRepresentation -- the exact silent mix the doc forbids."", ""DEGRADATION, second half: unit_envelope fills provenance_refs from candidate.dependencies but hardcodes disclosure_refs, influence_closure_refs and omission_refs as Vec::new() and coverage.known_gaps as Vec::new()."", ""ENRICHMENT: zero producers. boundary.rs::batch_transform is the only BoundaryTransformRelation constructor on main and emits input_member_id == output_member_id with BoundaryMemberOrigin::Retained on every row, so an extraction, grouping or enrichment can never enter a member relation and the input-to-output relation is assumed rather than recorded."", ""MAKE: give each of the four unproduced dispositions a producer at the transform that actually performs it, deriving the record from that boundary's own observed facts (the admitted representation kind, the retained-vs-declared member set, the omission record that boundary itself authored) rather than from a constant; populate known_gaps/disclosure_refs/influence_closure_refs/omission_refs from the same owner facts; keep grants_launch_authority false on every RouteToCompatibleContour disposition; and give batch_transform a real multi-member input-to-output relation with the correct BoundaryMemberOrigin, retaining the originals, their closures and their task/scope binding."", ""HARD PROHIBITIONS restated: do NOT weaken, reorder or skip BoundaryMetadataSet::validate or any of its private validators (validate_disposition, validate_handle_only, validate_declared_coverage, validate_source_and_completeness, validate_member_role, validate_transforms, validate_member_relations); do NOT fabricate BoundaryRecovery::ExpansionHandles for unavailable or forbidden originals; do NOT union permissions across merged units; do NOT treat byte-transport chunking as logical segmentation; do NOT mistake the render.rs stable sort for preserved source order (boundary.rs already records declared source order independently).""]"	"[""crates/smart/eliot-context-assembly/src/boundary.rs"", ""crates/smart/eliot-context-assembly/src/measurement.rs"", ""crates/smart/eliot-context-contracts/src/boundary.rs""]"	[]	A BoundaryDisposition other than ExactHandleOnly is constructed on a real transform and validate_disposition accepts it on its own terms; a non-HandleOnly admitted atom whose representation did not retain every declared member no longer reports Complete/Exact with an empty known_gaps, and disclosure_refs/influence_closure_refs/omission_refs carry the boundary's own owner facts; batch_transform (or its producer) emits a real multi-member input-to-output relation for a transform that performed one with originals and their closures intact; CanonicalRenderedPayload and the final byte/token accounting cover the boundary digest and ordered member relation so a substituted envelope or reordered member fails on the packed bytes, not only on the in-memory object; BOUNDARY_METADATA_SCHEMA_REVISION is bumped with an explicit I5.22 migration path; every private validator in crates/smart/eliot-context-contracts/src/boundary.rs is byte-identical to main and no grants_launch_authority is ever true.	8fb0a426f78e1d7ab9cd5a054ef13c981ef6e670	[]	CLAIM_AFTER_PREFLIGHT
138	1	1729	READY		"[""PR #3362 landed and is PRESERVE. Do not regress it: a full-head A/B comparison (not just .revision) already exists and must keep comparing the whole head."", ""WHAT IS MISSING IS THE COLLECTION-SCOPED COHERENCE. GovernorContextInputs::reconstruct (crates/governor/eliot-governor/src/context_inputs.rs) fences on ScopeRevisionView -- heads_before/heads_after compared for whole-struct equality -- and returns ContextInputsError::SourceHeadsChanged on the FIRST change with NO retry, while the module's own header already says \""there is no retry loop and no continuation field here -- #1729 owns broader coherent assembly\"". I5.20 says of that same type: \""ScopeRevisionView is a rebuildable aggregate for previews and diagnostics. It is not a write-serialization row and is never sufficient for a Material State Fence by itself.\"" So the fence the module uses is one its own canonical doc rules insufficient."", ""BESIDE, NOT REPLACING, ReadService::execute: that private engine (crates/governor/eliot-read/src/lib.rs, ~line 1951) already captures revision_heads before and after one execute_named and returns ReadError::RevisionChurn with no retry, and its own crate header says it is \""The single read engine of this package ... This is the only place that talks to CanonicalReadClient, so there is no second consistency algorithm\"". Add a bounded collection-scoped method next to it and keep the existing single-read API byte-for-byte."", ""REUSE THE EXISTING VALIDATORS, DO NOT COPY THEM: validate_requested_heads already establishes exact unique-key coverage and fence equality (a missing, duplicate or foreign head is ReadError::ResponseMismatch), validate_response_heads checks every returned head's fence, validate_minimum_revisions enforces the declared minimums, and same_dependency_heads is the A/B comparison -- the issue body notes it \""currently compares the first numeric revision found for each requested key\"", so extend it rather than fork it. context_reconstruction_operations() already names the six Store reads (GetTaskState, GetAttentionAndProblems, GetCurrentEpistemicPosition, GetUnderstandingProjectionInputs, GetEvidencePack, GetCapabilityEvidenceState) but is an operation map, not a surrounding snapshot protocol."", ""MAKE: derive an exact bounded read plan of typed RevisionKeys with semantic owner and named-read selectors; capture complete heads A via the existing validators; execute the finite declared reads; capture B for the IDENTICAL key set; require exactly one authoritative head per requested key; compare typed key identity, revision and the owner/fence/generation fields the current RevisionHead contract carries, protecting against delete/recreate or restarted counters read as an unchanged source. On the first genuine dependency change, discard the tentative joined result and perform exactly ONE new bounded A/read/B collection, re-resolving the dependency closure the change invalidated; at most two packet-level collections, nested per-read retries cannot reset that budget; cancellation or an exhausted deadline returns incomplete immediately."", ""THE EXISTING PRODUCTION CALLER IS NAMED: bins/eliotd/src/context_reconstruction_route.rs calls reads.reconstruct_context_inputs(&ctx, &request) at exactly one site and already settles ContextInputsError::SourceHeadsChanged as a typed degraded context_reconstruction_degraded_result_body(..., ReadOutcome::Conflicted, ...) outcome rather than failing the poller step -- that settlement must be kept, so persistent churn settles the claimed pair with exact changed/missing keys and affected sections rather than advertising a coherent current packet."", ""HARD PROHIBITIONS: no second cache/consistency owner, no raw database query path, no global lock, no Context-local SQL fallback, no compiler-owned IO (I12.16: the pure ContextCompiler gains no database/network IO); do not simply concatenate independently StableScope responses; do not use a global ScopeRevisionView as the dependency denominator; no absent-head sentinel and no guessed revision zero -- known-absent, unknown, stale and complete-empty stay distinct; do not weaken LocalReadPort::projection_inputs's existing explicit Unavailable refusal and do not fabricate projection data; do not reinterpret a transport denial as a revision race (it keeps its original typed cause and #1681's directive); do not tie read dependencies to unrelated global write counters; a saved coherent=true is evidence for a captured interval, never a permanent lease."", ""BOTH FLAGGED MAIN COMMITS WERE CHECKED and establish no A/B read mechanism on this SHA.""]"	"[""crates/governor/eliot-read/src/lib.rs"", ""crates/governor/eliot-governor/src/context_inputs.rs"", ""bins/eliotd/src/context_reconstruction_route.rs""]"	[]	A bounded collection-scoped read method exists BESIDE ReadService::execute in crates/governor/eliot-read/src/lib.rs, reusing validate_requested_heads/validate_response_heads/validate_minimum_revisions/same_dependency_heads rather than duplicating them, that captures A for one exact typed key set, runs the finite declared reads and captures B for the IDENTICAL key set; a change between the two reads causes exactly one complete second collection and a second change returns explicit stale/partial or refresh-required with no coherent-current claim; a missing, duplicate or foreign head, unchanged heads with a lagging projection, or a dependency newly discovered after A is refused; unrelated revision changes do not force a retry; GovernorContextInputs has a collection-scoped method beside reconstruct running the seven-role reconstruction under that protocol with exactly one retry, with every existing per-role classifier and ProjectionState mapping byte-identical; bins/eliotd/src/context_reconstruction_route.rs is the named real runtime caller and still settles exhausted churn as a typed degraded ReadOutcome::Conflicted outcome; ReadService::execute, the capability checks in kernel_context_read_client.rs and every doc-referenced projection Unavailable refusal are untouched; no record type, field name or enum variant appears in the diff that I12.16 or I5.20 does not already define.	8fb0a426f78e1d7ab9cd5a054ef13c981ef6e670	[]	CLAIM_AFTER_PREFLIGHT
139	1	1730	READY		"PARTIALLY BLOCKED - one verdict is NOT VERIFIED and must be settled on the issue before any resume-dispatch code; do not pick a mechanism here. The entire owner chain is merged and PRESERVE and must not be re-derived: HandoffCheckpoint with all eleven I12.17 items, the four-arm capture registry (HandoffCaptureRegistry, HandoffCaptureBoundary::CONTROLLED_BOUNDARIES), capture_handoff_checkpoint with durable readback and permit, the resume gate, recover_handoff and rebuild_handoff_view. LEG 1 (capture, buildable now): crates/eliot-engine/src/plugin.rs::EliotHookService::evaluate_pre_compact is the only ELIOT-controlled destructive compaction boundary - HandoffCaptureBoundary::HostPreCompactHook is the only member for which is_destructive() returns true, and caller_symbol names exactly crates/eliot-engine/src/plugin.rs::EliotHookService::evaluate_pre_compact - yet its whole body is pending_spool_count against MAX_PENDING_SPOOL, so it admits compaction on spool size alone and never registers a capture. Register a capture through the existing owner capture_handoff_checkpoint (crates/governor/eliot-coordination/src/handoff_persistence.rs) on the allow arm before compaction proceeds; keep MAX_PENDING_SPOOL as the fail-closed bound it already is; key the boundary on HandoffCaptureBoundary::HostPreCompactHook::caller_symbol and do not hand-write a parallel label. LEG 2 (resume dispatch) is BLOCKED: resume_handoff (crates/smart/eliot-context-assembly/src/handoff_resume.rs, ""Runtime resume owner for the recovery handoff (#1730 W7)"") has no caller under bins/ and bins/eliotd/src/daemon_kernel_client.rs says so itself - ""the resume-dispatch admit_material_resume invocation over #1730's retained checkpoint runs at the resume owner's join, never here: no RetainedHandoffCheckpoint consumer exists under bins/, so there is no resume path to weaken ... That call site is the resume owner's to write, and is named here rather than faked with a consumer in this crate."" NOT VERIFIED AND DECIDING IT IS FORBIDDEN: which crate owns the resume-dispatch call site. The owner's own comment says the owner does not exist; crates/eliot-engine/Cargo.toml declares 18 eliot-* edges and does NOT declare eliot-agent-contracts or eliot-coordination (it reaches eliot-agent-contracts only transitively via the eliot-context-contracts workspace edge), and bins/eliotd/Cargo.toml does not declare eliot-coordination either. Choosing between a new edge into eliot-engine, a new edge into eliotd, and a third existing owner is an undesignated decision - I01.08 and I02.03 fix ownership by role and direction, not by file, and no doc on main names it. bins/eliotd/src/lib.rs is in EDIT only so the write set is complete and honest about where the answer would land; touch it ONLY after the owner decision is recorded on the issue. Do NOT write a consumer in daemon_kernel_client.rs to make the grep non-empty - that file names that exact anti-pattern. Do NOT weaken the spool bound or make a failed capture non-blocking at a destructive boundary; do NOT let a derived summary replace an original (unavailable/erased originals stay explicit). Do NOT add a crates/eliot-engine -> eliot-coordination dependency speculatively. CHECKS ARE FORMATTING/LINT/DIFF-ONLY: cargo fmt -p eliot-engine -p eliot-coordination -p eliotd -- --check; minimal cargo clippy --locked -p eliot-engine -p eliot-coordination --lib --no-deps -- -D warnings against a pristine-baseline diagnostic SET at the real parent (zero NEW); git diff --check; git grep for evaluate_pre_compact on origin/main shows the capture registration beside the existing HookEventKind::PreCompact dispatch arm. DEFER leg 2 plus all behavioural acceptance (a real compaction interrupted and resumed with a real retained checkpoint, cross-restart durable readback of the capture, lease-release-after-resume-reconciled) to the test phase. DONE FOR INTEGRATION WHEN: a compaction admitted by evaluate_pre_compact has first registered a capture through capture_handoff_checkpoint keyed on HandoffCaptureBoundary::HostPreCompactHook; MAX_PENDING_SPOOL still fails closed; HandoffCheckpoint, HandoffCaptureRegistry, capture_handoff_checkpoint, recover_handoff and rebuild_handoff_view are byte-identical to b7e9e334569639a6290baeacf82bf44941def506; crates/eliot-engine/Cargo.toml gained no edge on leg 1; and the leg-2 owner decision is recorded on the issue naming the crate before any part of leg 2 is called DONE."	"[""crates/eliot-engine/src/plugin.rs"", ""crates/governor/eliot-coordination/src/handoff_persistence.rs"", ""bins/eliotd/src/lib.rs""]"	[]	cargo fmt -p eliot-engine -p eliot-coordination -p eliotd -- --check clean; minimal cargo clippy --locked -p eliot-engine -p eliot-coordination --lib --no-deps -- -D warnings yields zero NEW diagnostics against a pristine-baseline set at the real parent; git diff --check clean; git grep for evaluate_pre_compact on origin/main shows the capture registration beside the existing HookEventKind::PreCompact dispatch arm; crates/agent/eliot-agent-contracts/ and crates/smart/eliot-context-assembly/ are byte-identical to b7e9e334569639a6290baeacf82bf44941def506; NO new crate edge was added; leg 2 is not called DONE until an owner decision naming the resume-dispatch crate is recorded on #1730. No cargo test in this card.	8fb0a426f78e1d7ab9cd5a054ef13c981ef6e670	[]	CLAIM_AFTER_PREFLIGHT
140	1	1757	READY		W11 is the whole finishable slice: invoke the tick-side path so stop and start are reconciled separately, unknown is preserved, start is approved-only, the Host-issued epoch is recorded and the replacement-challenge scope is applied. Close the two absent EXECUTION edges the REVIEWED verdict names. (1) Challenge edge: bins/eliot-watchdog/Cargo.toml declares eliot-host-state and eliot-platform-windows but NOT eliot-host-control-endpoint, so add that declared workspace edge; produce_challenge_attempt issues through the existing wire owner OwnerChallengeEnvelope::issue instead of returning None, and validate_owner_challenge_response (no production caller; its own module doc at responsiveness_challenge.rs line 21 says so) gates peer identity, correlation, freshness, epoch and replay before any health is granted; HostObservation::responsiveness must be able to reach ALIVE_UNRESPONSIVE from a live-but-silent Host and never a healthy one; the wait stays bounded by the existing OWNER_CHALLENGE_MAX_WAIT_SECS and never routes through Kernel or daemon. (2) Fenced SCM recovery edge: load_installed_recovery_policy loads the installation-approved ApprovedRecoveryPolicy instead of None; bind_recovery_target and correlate_recovery_attempt bind and correlate against the real fence rather than stubbing out; read_boundary_evidence carries the observed installation generation instead of hard-coding generation: None; commit_recovery_step gains its caller so a committed step is journalled before any SCM effect; stop and start stay separately reconciled via HostService::restart_kernel_bounded (crates/kernel/eliot-host-service/src/service.rs line 535), the Host-issued epoch via HostStateJournalService::host_epoch (crates/kernel/eliot-host-state/src/service.rs line 46), siblings preserved via SiblingScope. An exhausted or missing budget admits ZERO effects and persists that fact.	"[""bins/eliot-watchdog/Cargo.toml"", ""bins/eliot-watchdog/src/watchdog_composition.rs"", ""bins/eliot-watchdog/src/host_recovery.rs"", ""bins/eliot-watchdog/src/host_identity_observation.rs"", ""crates/kernel/eliot-host-control-endpoint/src/lib.rs""]"	[]	"git grep -n ""validate_owner_challenge_response"" origin/main gains a production caller reachable from the bounded Watchdog tick and produce_challenge_attempt no longer returns None unconditionally; commit_recovery_step has a caller and read_boundary_evidence carries a real generation; a forged, replayed or wrong-epoch response yields exactly the existing ChallengeUncertainty and grants no health; an exhausted or absent budget produces zero SCM effects and persists that fact; the fence still binds the same four content digests (registration, identity, generation, owner epoch) and never a PID, and the stop_service_registration name-addressing path does not become the recovery identity. PROTECTED BY CARD: crates/kernel/eliot-host-control-endpoint/src/responsiveness_challenge.rs stays byte-identical to b7e9e334569639a6290baeacf82bf44941def506. NOT BUILT AND OUT OF SCOPE: no SCM failure-action configuration exists on main at all and none may be invented - no canonical document defines a nonce, a fence-token type or an SCM action list. NOT VERIFIED and deferred by owner order: the ACCEPTANCE-phase proofs - stalled Host reaching ALIVE_UNRESPONSIVE, the exhausted/missing-policy zero-effect case, substituted-target refusal, dual-audit correlation across redb plus admitted Event Log, and restart/lost-acknowledgement non-duplication - require a live Windows cycle. No cargo was run for this row."	8fb0a426f78e1d7ab9cd5a054ef13c981ef6e670	[5021]	CLAIM_AFTER_PREFLIGHT
141	1	1763	READY		"[""Only one input is missing; both halves of the title already exist and are enforced. PRESERVE: the four-grade ladder is canonical once as EvidenceGrade in crates/smart/eliot-epistemic-contracts/src/grade.rs, and the researcher's type is a rank handle rather than a second enum."",""START bins/eliot-mod-research/src/lib.rs::admitted_selection_features - the single construction site of InquirySelectionFeatures on the live path, whose only caller is the InquiryObservation literal in the same file. Its own doc comment states every feature takes the weakest value the admitted intent can support; today it hard-codes verifier_cost and verifier_strength to VerifierStrength::Low and evaluator_exists to false."",""START crates/research/eliot-researcher/src/inquiry_governance.rs::select_lane - Confirmatory requires evaluator_exists AND verifier_strength == VerifierStrength::High AND risk == InquiryRisk::Low over a FormalProof|EvidenceReview protocol, so with those two values hard-coded it can never return Confirmatory on any real run."",""The consequence is proven by read: inquiry_governance.rs::commit_lane_registration returns Ok(None) at its first arm for an Exploratory lane, so inquiry_lanes.rs::LaneDisciplineOutcome::active_registration (field active_registration: Option<usize>, initialised None) is always None and every confirmatory acceptance item is vacuously true."",""MAKE: derive verifier_strength and evaluator_exists from the admitted ResearchQueryRequest instead of hard-coding them. The material already exists and is digest-bound - AllowedReferenceManifest::verifier_refs and tool_refs are inside its canonical digest preimage and are re-proved by AllowedReferenceManifest::validate, which ResearchQueryRequest::validate reaches on the exchange boundary. Keep the weakest-value discipline for every other feature; a run admitting no verifier refs still gets the weakest honest value."",""DO NOT: do not add a second four-grade enum; do not add a registered_before_outcome_exposure field (it is DERIVED by inquiry_lanes.rs::LaneRegistration::require_commit_precedes and a caller-assertable copy is the caller-declares-compliance shape I21.4 forbids); do not make either feature a caller-supplied boolean on a new public entry point; do not rewrite select_lane, commit_lane_registration, lane_journal_identity, LaneRegistration or CommittedLaneRegistration; do not fabricate a mixed lane (commit_lane_registration refuses it with InquiryError::UnknownVocabulary on profile.lane.mixed_partition because the observation carries no frozen partition membership, and that refusal is correct); do not remove KERNEL_ADMISSION_REQUIRED from bins/eliot-mod-research/src/main.rs - #1762 owns that boundary."",""There are ZERO tests in crates/research/eliot-researcher and that is preserved by owner order, not a defect."",""SEQUENCING: the reviewed verdict records that the owner explicitly REJECTED a parked:after-osp1 disposition for this issue. Schedule it now; do not park it and do not cite a park in the completion note.""]"	"[""bins/eliot-mod-research/src/lib.rs""]"	[]	"[""cargo fmt -p eliot-mod-research -- --check is clean; cargo clippy --locked -p eliot-mod-research --lib --bins --no-deps -- -D warnings compared by diagnostic set against a pristine-baseline worktree at the real parent has zero NEW; git diff --check is clean."",""git grep -n verifier_strength origin/main matches bins/eliot-mod-research/src/lib.rs reading the value from the admitted request instead of spelling VerifierStrength::Low, and the same holds for evaluator_exists; the identical grep for evaluator_exists is the second half."",""crates/research/eliot-researcher/src/{inquiry_governance.rs,inquiry_lanes.rs,inquiry_obligations.rs,evidence_portfolio.rs,lib.rs}, crates/smart/eliot-epistemic-contracts/src/grade.rs and crates/research/eliot-research-exchange-api/src/lib.rs are byte-identical to b7e9e334569639a6290baeacf82bf44941def506."",""The diff touches exactly one file; no new EvidenceGrade-shaped enum, no registered_before_outcome_exposure field and no caller-supplied compliance boolean appears anywhere in it; KERNEL_ADMISSION_REQUIRED is still in bins/eliot-mod-research/src/main.rs; and the crate still contains zero tests.""]"	8fb0a426f78e1d7ab9cd5a054ef13c981ef6e670	[]	CLAIM_AFTER_PREFLIGHT
142	1	1775	READY		"[""PRESERVE decide-time fence binding unchanged: crates/kernel/eliot-process/src/origin_challenge.rs::OriginChallengeAuthority::decide already calls fences_match_exact twice (origin_challenge.rs:1242 and :1482) and check_binding re-proves the retained issuance record (origin_challenge.rs:1214). Do not touch it., D1: crates/kernel/eliot-process/src/origin_challenge.rs::OriginControlGrant::binds_effect_currency takes only (live_lineage_id, live_authority_sequence, now_unix_ms) and compares only expires_at_unix_ms and state_fence.authority_epoch, so task_revision, policy_revision and integration_revision are unauthenticated at the privileged cut. bins/eliot-kernel/src/process_execution.rs::ProcessExecutionGateway::authorize_effect_with_grant loads no current owner-issued StateFence and never calls fences_match_exact - its live epoch comes from snapshot_binding.authority_epoch().current. A grant decided under policy_revision P1 still authorises executor.cancel after the policy owner publishes P2 with epoch, generation and start identity unchanged., D2: crates/kernel/eliot-process/src/operation_owner_map.rs::ATTACH_CREDENTIAL_BLOCKED_ROW declares admitted_target, proof, effect_primitive and production_caller as none admitted with admission Blocked, but the live path exists: client/session.rs::RpcSession::signin (session.rs:97, trait :392, impl :412) reached from authenticate_provider (session.rs:425) via request_with_guard with prove_connection_owner true (session.rs:170, :181, :251) into client/provider_owner.rs::ProviderOwner::validate_connected_peer (provider_owner.rs:195) and observe_loopback_tcp_connection_peer_owner (provider_owner.rs:229). That is retained child handle plus exact PID plus start identity plus path/digest lease plus data-root lease plus server-side TCP row - NOT a name or PID match., D3: crates/kernel/eliot-process/src/operation_owner_map.rs::is_documented_production_caller only splits row.production_caller and compares those strings against each other; it never cross-checks the tree, so a hand-authored row contradicting the tree breaks nothing. Add the mechanical check that a destructive or credential call site present in the tree but absent or Blocked in the frozen map fails. It stays a registry lookup, never an authorization decision., NOT VERIFIED and must be settled BEFORE any D1 coding: which revision heads are owner-issued-and-required for a destructive cut. snapshot_binding is composition-time and cannot detect the P1 to P2 change. The 2026-10-02 audit names policy, task and integration revisions but no doc fixes the required subset, and none is chosen here - settle and record it on the issue before writing the comparison. D2 and D3 carry no such dependency and may proceed independently., The MUTATE_BLOCKED_ROW and ADOPT_BLOCKED_ROW rows are CORRECT - do not fix them. bins/eliot-kernel/src/daemon_request_dispatch.rs::validate_origin_control_operation refuses every non-Kill class with SessionFenced before gateway and executor entry, and admitted_challenge_operations() is exactly [Kill]. Do not introduce a new proof token, a second authority or a new currency error variant, and do not touch client/session.rs wire behaviour - read it only to name the target, proof and effect.""]"	"[""crates/kernel/eliot-process/src/origin_challenge.rs"", ""crates/kernel/eliot-process/src/operation_owner_map.rs"", ""bins/eliot-kernel/src/process_execution.rs"", ""crates/storage/eliot-store-surreal-adapter/src/client/provider_owner.rs""]"	[]	A grant minted under policy_revision P1 refuses after the current policy revision becomes P2 with authority epoch, resource generation, PID and start identity unchanged, and likewise for task_revision and integration_revision (the owner-named discriminator). A change to the current fence between the precheck and the executor cut produces no kill. The current owner-issued fence, or an explicitly named subset of required revision heads, is compared to the retained grant with eliot_contracts::fences_match_exact at the effect boundary; a missing current revision is a refusal, never a wildcard. ATTACH_CREDENTIAL_BLOCKED_ROW is replaced by a real row naming client/session.rs::RpcSession::signin and its exact connected-peer proof, and is_documented_production_caller plus its new mechanical check fails when a production credential or destructive call site exists but is missing or Blocked in the frozen map. A foreign compatible listener still receives zero credential bytes and zero destructive calls. cargo fmt for -p eliot-process -p eliot-kernel -p eliot-store-surreal-adapter, cargo clippy --locked --lib --no-deps -D warnings per crate showing no NEW finding, and git diff --check clean. No cargo test is run for this slice.	8fb0a426f78e1d7ab9cd5a054ef13c981ef6e670	[]	CLAIM_AFTER_PREFLIGHT
143	1	1811	READY		Exactly one remaining item, one file: `scripts/tests/test_excluded_dispositions_gate_1811.py::TestExcludedDispositionsGate1811.test_gate_rejects_consumer_without_evidence` is red on main because the fixture never materialises `scripts/verify-standalone-crates.py`, so `scripts/verify-excluded-dispositions-1811.py::main:1503` -> `::owner_denominator:374` -> `::load_discovery_owner:331-336` raises `SystemExit` (message on stderr, exit 1) while the case asserts on `completed.stdout:81-82`, and even with the owner present six unrelated refusals fire first — so the deny-all consumer refusal the issue's acceptance rests on has no executed proof; repair the fixture and add the evidence-qualified admission case and the unbound-element refusal, which are the only other acceptance clauses main never executes. Everything else (W1-W9 and both release-seam clauses of comment 5856214066) is already implemented on main and must not be rewritten; the `11`-vs-`9` denominator is NOT #1811 work (see SEAMS).	"[""scripts/tests/test_excluded_dispositions_gate_1811.py""]"	[]	`python scripts/tests/test_excluded_dispositions_gate_1811.py -v` is green with all six cases actually reaching their intended branch — the deny-all consumer refusal proven by `EXCLUDED_DISPOSITIONS: FAIL rows=1 issues=1` carrying the `undeclared excluded-input consumption without provenance, lock, toolchain, license, SBOM evidence` line, the evidence-qualified admission at `admitted_separate_packages=1 admission_policy=evidence-qualified`, and the unbound-`sbom` refusal — while `python scripts/verify-excluded-dispositions-1811.py --root .` still prints `EXCLUDED_DISPOSITIONS: PASS rows=9 consumers=0 locked=0 admitted_separate_packages=0 admission_policy=deny-all` and `workstreams/security/standalone-crate-dispositions.toml` is untouched at `evidence_qualified_package_count = 0`.	8fb0a426f78e1d7ab9cd5a054ef13c981ef6e670	"[""5021"",""2956""]"	CLAIM_AFTER_PREFLIGHT
144	1	1819	READY		Repair the three adapter proofs red on main since 9fbf4132 by making the breaker fixtures emit `TransportFailure` (the taxonomy `AdapterSupervisor::update_circuit` counts), add the doc-named `test-no-results` builtin so a semantic `NoResults` is reachable, replace the immediate `busy` reject in `AdapterSupervisor::execute` with a bounded per-adapter wait queue, and add the doc-named system-wide aggregate semaphore that can only further throttle; acceptance criterion 1's registered deterministic process/CLI adapter is EXCLUDED from this card and is not a dependency of it — #1813 (OPEN) still owns it.	"[""crates/eliot-engine/src/adapter.rs"", ""crates/eliot-engine/src/adapter/adapter_registry.rs"", ""crates/eliot-engine/src/lib.rs"", ""crates/eliot-engine/tests/adapters.rs""]"	[]	`cargo test --locked -p eliot-engine --test adapters` exits 0 with the three previously-red proofs repaired and two new proofs passing — a second request on a saturated adapter is admitted from the queue instead of returning `Unavailable`/`busy`, and `test-no-results` returns `NoResults` with `health.circuit_open == false`.	8fb0a426f78e1d7ab9cd5a054ef13c981ef6e670	[]	CLAIM_AFTER_PREFLIGHT
145	1	1823	READY		Add exactly four `#[test]` proofs of the issue's acceptance criteria A1–A4 to `bins/eliot-kernel/src/anchored_review.rs`: (A1) one `ReviewBatch` of two `BatchReviewEntry` drafts admits two records (`items.len() == 2`, both `replayed == false`, both `lifecycle == Draft`), advancing only item A to `Answered` leaves item B at `Draft`, and `observe_review_batch(&batch, &[advanced_a, record_b])` still returns BOTH observations with the two different lifecycles; (A2) two `ReviewCandidate`s that tie in the fingerprint tier (`fingerprint_matches`) return `AnchorResolutionStatus::Ambiguous` with `current: None`, and the admitted record's observation carries `attached: false` and `resolution_status == Ambiguous`; (A3) `advance_review_item(&answered, ReviewAdvance::RejectWithReason, None)` returns `Err(AnchoredReviewError::MissingRejectionReason { .. })` and with `Some(reason)` returns a record with `lifecycle == ReviewLifecycle::RejectedWithReason` and `rejection_reason == Some(reason)`; (A4) `route_requested_change` on a delivered `ReviewKind::RequestedChange` returns a `RequestedChangeRoute` carrying only owner/effect/verifier names plus copied refs, leaves the input record untouched (both take `&`), and yields no closure row until `accept_requested_change_effect` and then `verify_requested_change_effect` have both succeeded.	"[""bins/eliot-kernel/src/anchored_review.rs""]"	[]	`cargo test -p eliot-kernel --lib anchored_review` prints 4 passed tests (one per acceptance sentence A1–A4, reported as `anchored_review::tests::*`), and `cargo clippy -p eliot-kernel --all-targets --locked` reports no finding that does not already exist on `main` (diff against `main`; do not assert a count).	8fb0a426f78e1d7ab9cd5a054ef13c981ef6e670	[]	CLAIM_AFTER_PREFLIGHT
146	1	1828	READY		bounded items; see cards/1828.md	"[""crates/surfaces/eliot-messaging-bridge/src/lib.rs"", ""crates/surfaces/eliot-messaging-bridge/tests/replay_safe_ingress.rs"", ""bins/eliot-notify/src/messaging_bridge_adapter.rs"", ""bins/eliot-notify/src/lib.rs"", ""bins/eliot-notify/src/main.rs""]"	[]	Every one of compile_command, ApprovalBinding::authorize, record_lost_ack, resend_as_marked_attempt and MessagingBridge construction has at least one call site on a public product entry reached from bins/eliot-notify/src/main.rs, and cargo test -p eliot-messaging-bridge passes with one proof per acceptance criterion A1-A4.	8fb0a426f78e1d7ab9cd5a054ef13c981ef6e670	[]	CLAIM_AFTER_PREFLIGHT
147	1	1830	READY		1 replace the caller-authored authority inputs (::ExecutionIdentity impl :88, ::RepoRoot impl :121 OwnerKind, ::AclAdmission :144, ::Broker::issue_worktree_lease :225 / ::issue_repo_lease :242) with owner-issued receipts the broker composition mints from crates/kernel/eliot-platform-windows/src/user_owned_leases.rs::UserOwnedRootLease::open_existing + current_user_sid + verify_stable_identity, plus an owner-issued ACL-policy receipt for the service-identity case, and make ::GitBridge::admit (:1321) refuse anything it cannot trace to a producer ;; 2 widen ::ExecutorRequestPort::bind (:364) to carry principal/session, resource root, worktree/environment lease, operation kind and effect digest,	"[""crates/bridges/eliot-git-bridge/src/lib.rs"", ""crates/bridges/eliot-git-bridge/tests/acceptance.rs"", ""crates/bridges/eliot-git-bridge/Cargo.toml"", ""bins/eliot-user-broker/src/lib.rs"", ""bins/eliot-user-broker/Cargo.toml"", ""config/architecture-boundaries.toml""]"	[]	One production composition root in bins/eliot-user-broker drives the typed Git bridge through WindowsProcessExecutor with owner-issued principal/root/lease sealed into each ProcessRequest, and crates/bridges/eliot-git-bridge/src/lib.rs contains no production process launch of its own.	8fb0a426f78e1d7ab9cd5a054ef13c981ef6e670	[]	CLAIM_AFTER_PREFLIGHT
148	1	1831	READY		Bind exact source and result identity into the landed one-shot bridge and give it its missing production consumer: (1) replace `SourceCandidate::reference`'s `workspace|path|symbol` string with a versioned structured preimage carrying `eliot_build_test_graph::CandidateIdentity` (build-fingerprint digest, candidate, contract revision) plus the dirty/untracked overlay commitment from `BuildFingerprint::{source_closure_digest, manifest_digest}` - already an existing bridge dependency - encoding absent selectors distinctly from a literal `-`; (2) replace `AnalyzerConfig::for_workspace`'s bare PATH name with a typed admitted-analyzer identity resolved through the PUBLIC `InstrumentSpec`/`InstrumentRegistry::build`/`AdmittedStage::admit` surface, refusing a bare executable string, and carry the admitted executable identity, spec revision/digest, kind version and parser generation on `LspCommand` and onto `ObservationReceipt` (populating the existing unused `executable_version` slot) - with NO builtin analyzer-kind registration and NO private launcher; (3) stop deriving `Freshness::Current` from run completion alone and accept the caller's admitted immutable snapshot or an explicit revalidation, so source movement lowers freshness without rewriting the historical receipt; (4) bind the SCIP sidecar bytes digest together with the already-landed `ScipIndexerProvenance` and the source/config commitment into the receipt so a stale file at the same output path cannot satisfy a new run - extending, never replacing, `scip_cache.rs::reuse_or_derive`'s existing `(digest_bytes(index_bytes), operation_digest(config_hash, operation))` key; (5) add an existing-owner adoption boundary for received results that refuses an `applied=true` rename claim, an unsupported result schema, a foreign receipt and an inconsistent source/result binding, modelled on `eliot_process_executor::enforce_sink_terminal`; (7) give `CodeCortexService` a production path that consumes one bridge observation so `codecortex.rs::build_report`'s `diagnostic_evidence` is no longer always empty, mapping onto `DiagnosticEvidence`'s existing six fields and keeping the `unavailable` refusal when no observation is supplied. Item 6 (qualified absence/contradiction assessment) is already on main via #1815 (`633eed999`/`40497443b`) and must not be re-implemented; #1814's launchable-kind admission gate is EXCLUDED from this card.	"[""crates/bridges/eliot-lsp-bridge/src/lib.rs"", ""crates/bridges/eliot-lsp-bridge/src/scip_cache.rs"", ""crates/bridges/eliot-lsp-bridge/Cargo.toml"", ""crates/bridges/eliot-lsp-bridge/tests/lsp_bridge_acceptance.rs"", ""crates/eliot-engine/Cargo.toml"", ""crates/eliot-engine/src/codecortex.rs""]"	[]	"`cargo test --locked -p eliot-lsp-bridge -p eliot-engine` is green and the acceptance tests in `crates/bridges/eliot-lsp-bridge/tests/lsp_bridge_acceptance.rs` prove the three not-yet-covered Exit clauses of issuecomment-5882381249 (identical path with changed source cannot reuse exact-current evidence; a replaced executable or a stale sidecar cannot satisfy a run; a received `applied=true` is not adopted as this bridge's result) while keeping `rename_returns_unapplied_candidate_and_modifies_no_files` green, and `git grep -n ""eliot_lsp_bridge"" origin/main -- '*.rs'` shows a non-test caller outside `crates/bridges/eliot-lsp-bridge/tests/lsp_bridge_acceptance.rs`."	8fb0a426f78e1d7ab9cd5a054ef13c981ef6e670	[]	CLAIM_AFTER_PREFLIGHT
149	1	1835	READY		Replace the five hard-coded probe constants in `pilot.rs::opencode_pilot_observation` (:62/:65/:71/:72/:73) — and their twin in `pilot.rs::unmeasured_observation` (:176/:177/:181/:182/:183) — with measurements over the retained `NoAuthorityRunResult`: tool-call -> tool-result -> continued tool-call/reasoning sequences counted on one `session_id` and a reasoning/assistant continuation part that survived the host serializer, both derived from `result.events` (pub `Vec<OpenCodeEvent>` at types.rs:1695, each a raw `{ event_type, properties }` envelope at types.rs:243-249), plus stack-observed context/output limits and a compaction observation taken from one typed retained measurement input in the shape of the existing `opencode_pilot_observation_with_fallback` operator-supplied pair and never from `ProviderModel.context_limit`/`output_limit`; extend `run_pilot` to run and retain the additional bounded controlled attempts those readings need; and add the smallest in-crate proof that a fully measured six-`Passed` receipt makes `admission_state()` return `Admitted` and `select_opencode_route` return `Ok` for an empirical role while an absent reading still records `Failed`.	"[""crates/agent/eliot-agent-opencode/src/pilot.rs"", ""crates/agent/eliot-agent-opencode/src/bin/eliot-opencode-bootstrap.rs"", ""crates/agent/eliot-agent-opencode/src/lib.rs""]"	[]	`cargo test --locked -p eliot-agent-opencode` shows a retained run carrying a tool-call -> tool-result -> continued call, a reasoning continuation that survived the host serializer, and stack-observed context/output limits plus compaction yielding `Passed` for `OPENCODE_MANDATED_PROBES[0]`, `[1]` and `[3]`; `OpenCodeRouteAdmission::admission_state` returning `Admitted` on a six-`Passed` receipt; `select_opencode_route` returning `Ok` for an empirical role on it; the same fixture with the readings absent still recording `Failed`; and `pilot.rs` containing no hard-coded probe constant.	8fb0a426f78e1d7ab9cd5a054ef13c981ef6e670	[]	CLAIM_AFTER_PREFLIGHT
150	1	1843	READY		1. In cost_profile.rs add one capture-decision function that takes the emitting TelemetryBoundary, resolves its profile through the existing ::cost_profiles_for, applies a deterministic selector bound to (route_ref, family, boundary, configuration revision), advances monotonic candidate/retained/suppressed counters, and returns the decision as its result - no caller-selected sampled boolean, and no new declaration type (reuse ::SamplingRate, ::BlindInterval, ::TelemetryCoverage::reports_complete_coverage :738 and ::states_bounded_coverage :754) ;; 2. Add the kind->family->boundary resolution over the closed crates/instrument/eliot-observability/src/lib.rs::OperationalEventKind in cost_profil	"[""crates/instrument/eliot-observability/src/cost_profile.rs"", ""crates/instrument/eliot-observability/src/lib.rs"", ""crates/instrument/eliot-observability-runtime/Cargo.toml"", ""crates/instrument/eliot-observability-runtime/src/bootstrap.rs"", ""crates/instrument/eliot-observability-runtime/src/rolling_log.rs"", ""crates/instrument/eliot-observability-runtime/src/hot_path_counter.rs""]"	[]	I16.9 cost profiles are enforced at the real capture path and published as observed coverage on the existing scrape, so a sampled or disabled family can never be read as full coverage and no expiry passes unenforced.	8fb0a426f78e1d7ab9cd5a054ef13c981ef6e670	[]	CLAIM_AFTER_PREFLIGHT
151	1	1853	READY		1. In claim_bounded_read_pair_for_form, after the form gate passes and the fencing generation is minted and BEFORE the two AuditEventDraft::lease_claim/dispatch_daemon_claim drafts and the return: build the OperationIdentity from candidate.operation_id, load the row through generation_gateway.ors.load_host_request(&operation_id, &candidate.request_digest), then call persist_observe_claim_attempt(&operation_id, &candidate.request_digest, &stored, &candidate.local_read_attempt, session) and copy the returned durable attempt_id/generation/owner triple back into candidate.local_read_attempt before minting the capability, exactly as claim_observe_pair does at :5869-5888 ;; 2. Treat a None return	"[""bins/eliot-kernel/src/host_request_route.rs"", ""bins/eliot-kernel/hot-path.toml"", ""bins/eliot-kernel/src/tests/local_read_claim.rs""]"	[]	Three files changed (bins/eliot-kernel/src/host_request_route.rs, bins/eliot-kernel/hot-path.toml, bins/eliot-kernel/src/tests/local_read_claim.rs), the bounded-read claim leg performs durable store IO through the existing observe-lane template, and the restart sweep needs no ORS change because it already selects a Claimed attempt and already permits Routed -> Unknown.	8fb0a426f78e1d7ab9cd5a054ef13c981ef6e670	[]	CLAIM_AFTER_PREFLIGHT
152	1	1858	READY		Make the release-side entrypoint evidence an installed-readback proof instead of a source-template claim, and remove the five surviving contradictions between the release-side evidence, the tracked host configs and the two Claude integration docs: (1) `scripts/lib/entrypoint-inventory.ps1::Get-LegacyEntrypointDispositions` must read each retained installed host surface's exact INSTALLED launch configuration from its host-install owner receipt (`eliot-global-install.json`, `INSTALL-MANIFEST.json`, `CODEX-INSTALL-MANIFEST.json`, `claude-desktop-install.json`, `<runtime_root>/reports/host-integrations/*-install.json`), recording `installed_config_path`, `installed_config_sha256`, the resolved absolute `command` and client declaration, regular-file identity and the approved artifact digest, keeping the pinned source template only as desired input; a surface whose installed bytes are absent must be recorded as absent and must not satisfy a limb; (2) `Invoke-InstalledEntrypointReadback` must accept that typed per-surface readback, resolve `${CLAUDE_PLUGIN_ROOT}`/`${__dirname}`/`{env:ELIOT_AGENT_BRIDGE_EXE}`/`{env:ELIOT_AGENT_BRIDGE_DECLARATION}`/`${PLUGIN_ROOT}` only through owner-issued values instead of the unconditional NOT_PERFORMED skip at :537-542 and :551-567, and return a typed unsupported/missing-owner result that can never be read as acceptance; (3) replace the single substring oracle at :519 with the five typed classes `legacy_reject`, `legacy_redirect`, `direct_canonical_bridge` (MCP handshake/readiness plus exact executable/declaration identity, legacy cutover code FORBIDDEN rather than required), `hook` (exact per-event decision schema) and `registration/evidence_only`, and stop marking a live correctly-serving MCP stdio Bridge as `TIMEOUT` at :578-588; (4) correct the `OpenCode plugin bridge executable resolution` record at :282-:286 whose `command`/`behavior` claim a resolved `eliot-governor.exe` MCP invocation that `integrations/opencode/plugins/eliot.js::invokeLegacyProcessBridge` never makes, and state whether that retained `host event` spawn is cut over or kept; (5) rewrite `docs/integrations/claude/CLAUDE_CODE_PLUGIN.md:52-54,:59-66` and `docs/integrations/claude/CLAUDE_DESKTOP_MCPB.md:7` onto the disposition main already publishes at `docs/release/WINDOWS_X64_RELEASE.md:15`; (6) fix the now-inverted builder header comment at `scripts/build-eliot-windows-x64-release.ps1:91-93` and the manifest evidence strings at :5006-5011 and :5058 so builder, inventory, source and doc report ONE disposition.	"[""scripts/lib/entrypoint-inventory.ps1"", ""scripts/build-eliot-windows-x64-release.ps1"", ""docs/integrations/claude/CLAUDE_CODE_PLUGIN.md"", ""docs/integrations/claude/CLAUDE_DESKTOP_MCPB.md""]"	[]	`[System.Management.Automation.Language.Parser]::ParseFile('scripts/lib/entrypoint-inventory.ps1',[ref]$t,[ref]$e); $e.Count` and the same for `scripts/build-eliot-windows-x64-release.ps1` both report `0`, `just doc-code-conformance` and `just architecture-boundaries` exit 0, `git diff --check` is clean, and every contradiction is provably gone: `git grep -n -F 'mcp stdio --host claude --instance default' -- docs/integrations/claude/CLAUDE_CODE_PLUGIN.md` exits 1 (hits `:65` today), `git grep -n -F 'server/eliot-governor.exe mcp stdio --host claude-desktop --instance default' -- docs/integrations/claude/CLAUDE_DESKTOP_MCPB.md` exits 1 (hits `:7` today), `git grep -n -F 'no retained launch config may name the Bridge binary directly' -- scripts/build-eliot-windows-x64-release.ps1` exits 1 (hits `:92` today), `git grep -n -F '$cutoverCode = ' -- scripts/lib/entrypoint-inventory.ps1` no longer declares a single global oracle, and each of the 5 `PINNED_SOURCE_BYTES` records at `:157,:199,:229,:255,:277` also carries an installed-readback record with a resolved absolute command and a client-declaration digest.	8fb0a426f78e1d7ab9cd5a054ef13c981ef6e670	"[""2956""]"	CLAIM_AFTER_PREFLIGHT
153	1	1859	READY		bounded items; see cards/1859.md	"[""crates/storage/eliot-store-api/tests/store_failure.rs""]"	[]	cargo test -p eliot-store-api --test store_failure is green and proves exact-raw-plus-digest retrievability with explicit TypedExact/WeakLegacy interpretation for both v1 representation classes and a fail-closed decoder-removal gate with no owner cutover receipt.	8fb0a426f78e1d7ab9cd5a054ef13c981ef6e670	[]	CLAIM_AFTER_PREFLIGHT
154	1	1862	READY		"Discharge acceptance A1-A4 (TEST-PHASE in every comment through #5927006790 and ""NOT_EXECUTED"" in PR #4809) by adding the smallest named proof to each of the four crate-root decision functions that carry them and that have zero test callers at 89e10916c: `crates/smart/eliot-learning-state-view/src/lib.rs::validate_campaign_learning_state_view_current` (A2 stale-rejection against a moved load-bearing owner revision and a moved State Fence with a newly identified `view_id`, A3 a deliberately missing load-bearing owner reference compiling to `STALE`/`BLOCKED` and refused with no transcript-derived replacement, A4 a `PARTIAL` view admitted only when every omission/frontier entry is `Optional` or an inactive `Conditional` and every non-`Current` resolution is non-load-bearing), and the three current-owner-cell joins `eliot_context_candidates::check_campaign_learning_state_view`, `eliot_context_admission::check_campaign_view_for_admission`, `eliot_context_assembly::check_campaign_view_for_assembly` (A1 - exact source-owner revision references and the State Fence reach the current owner cell and are accepted, and each cell independently refuses a moved fence, a foreign task/scope/request identity, an invalidated or `STALE`/`BLOCKED` view, a missing Context recipe row, a Context-owned row read under another fence, a moved Context owner-row digest, and - admission only - a floor that does not make a mandatory role mandatory)."	"[""crates/smart/eliot-learning-state-view/tests/state_view.rs"", ""crates/smart/eliot-context-candidates/tests/candidates.rs"", ""crates/smart/eliot-context-admission/tests/admission.rs"", ""crates/smart/eliot-context-assembly/tests/assembly.rs""]"	[]	`cargo test --locked -p eliot-learning-state-view -p eliot-context-candidates -p eliot-context-admission -p eliot-context-assembly` passes and each of the four per-crate greps returns a hit in its own crate: `git grep -n validate_campaign_learning_state_view_current -- crates/smart/eliot-learning-state-view/tests/`, `git grep -n check_campaign_learning_state_view -- crates/smart/eliot-context-candidates/tests/`, `git grep -n check_campaign_view_for_admission -- crates/smart/eliot-context-admission/tests/`, `git grep -n check_campaign_view_for_assembly -- crates/smart/eliot-context-assembly/tests/`.	8fb0a426f78e1d7ab9cd5a054ef13c981ef6e670	[]	CLAIM_AFTER_PREFLIGHT
155	1	1869	READY		1 PRESERVE, do not re-implement: W1 bounds, W2 lineage merge, W3 archive (Ownerless/LowValue/Stale) and A1 merged duplicates, all live on the daemon intake chain ;; 2 MAKE (this card): one new #[test] in crates/meta/eliot-improvement/tests/candidate_bounds_1869.rs proving the POSITIVE half of A3 — a cross-task retrieve_governed that succeeds ;; 3 EXCLUDED from this delivery, do not attempt from inside #1869: give KernelContextReadClient::compile_context_packet a production call site — it needs owner-minted PriorityPolicyIdentity / AdmissionRuleIdentity / MeasurementCompositionProfile / per-atom AdmissionMeasurements / QualityScorecard / AssemblyPolicy / measure closure, which campaign_packet	"[""crates/meta/eliot-improvement/tests/candidate_bounds_1869.rs""]"	[]	"The A3 acceptance sentence ""A cross-task use becomes eligible only after a distinct admission record demonstrates the required revalidation fields"" becomes provable end to end — eligibility proven positively, refusal proven negatively — with a one-file, test-only change and no new contract."	8fb0a426f78e1d7ab9cd5a054ef13c981ef6e670	[]	CLAIM_AFTER_PREFLIGHT
156	2	1682	READY		parked:after-osp1 SEQUENCING NOTE: owner verdict 2026-09-25 is P3 (D2) deferred until OSP1 (I17.10 D2 follows D1; I17.17 forbids a mechanism that delays Operational Spine Proof 1); the label is still applied with no removal event, so this row is scheduling only and the engineering must not be dispatched before the gate is lifted. Persist the restart decision before dispatch in the landed owners: call decide_automatic_restart and RestartIntensityLedger::reserve_attempt on the admitted restart path in daemon_supervision.rs, build RestartDecisionRecord and hand it to the lifecycle.rs persistence seam so the ledger is readable back there and survives the process instead of the process-local AtomicU64 counter in KernelComposition; populate selected_dependents from the rest_for_one selection the policy already computes (declared downstream only, so validate_selected_dependents passes) and give the backoff/jitter/cooldown/reset fields named by RestartPolicyV1 a live reader; drive the decision at the dispatch point in daemon_runtime.rs so reset_after_healthy is honoured against a durable observed interval; keep kernel_config.rs::with_daemon_restart_policy and dispose_restart_policy as the only intensity route with no default literal, no fallback and no env lookup. DO NOT declare any intensity number (I8.12 keeps them in approved config and fault profiles), do not invent a Problem-state write path on restart exhaustion (undefined by any doc and deliberately not invented), do not add a second restart coordinator/ledger/policy type, do not change any field or serde attribute of RestartPolicyV1/RestartIntensityLedger/RestartDecisionRecord (boundary pinned in shipped_serde_boundaries.toml), do not move AdmittedDaemonRestartPolicy::admit in composition_bootstrap.rs or let main.rs admit a restart class by default.	"[""crates/foundation/eliot-runtime-contracts/src/restart_policy.rs"", ""bins/eliot-kernel/src/daemon_supervision.rs"", ""bins/eliot-kernel/src/daemon_runtime.rs"", ""bins/eliot-kernel/src/kernel_config.rs"", ""crates/kernel/eliot-kernel-service/src/lifecycle.rs""]"	[]	cargo fmt/clippy --locked clean for -p eliot-runtime-contracts -p eliot-kernel -p eliot-kernel-service; cargo test --locked -p eliot-runtime-contracts --lib restart_policy and -p eliot-kernel --lib daemon_supervision green; git grep shows a non-test reserve_attempt call site outside restart_policy.rs and a non-test RestartDecisionRecord construction site in bins/	8fb0a426f78e1d7ab9cd5a054ef13c981ef6e670	[]	CLAIM_AFTER_PREFLIGHT
157	2	1684	READY		parked:after-osp1 SEQUENCING NOTE: owner verdict 2026-09-25 is P3 (D2) deferred until OSP1 (I17.10 D2 follows D1; I17.17 forbids a mechanism that delays Operational Spine Proof 1); the label is still applied with no removal event, so this row is scheduling only. Extend the existing owners, no second coordinator: add persisted bounded-retry accounting and gap identity to crates/kernel/eliot-ors/src/reservation_model.rs::ReservationRecord under its existing validate so the count, reserved ordering position and typed disposition survive a restart through the existing persistence_codec.rs/store.rs encode path and is_terminal stays the single terminal predicate; declare and re-export a typed SequenceDisposition from crates/kernel/eliot-ors/src/lib.rs so the existing prose route in bins/eliot-store-surreal/src/connection_manager.rs and lib.rs has a named target; in write_execution.rs give the already-correct AttemptOutcome::DeadLetter/CompletionOutcome::DeadLetter arms a real producer that emits exactly one canonical SequenceDisposition receipt preserving operation identity, evidence and order, while an unknown durability outcome keeps its existing disposition and is never laundered into DeadLetter (I14.21 pauses the Ordering Scope and opens a Problem State; no blind duplicate effect); in write_scheduler.rs release successors only after the disposition is durably readable back rather than on the in-memory outcome alone, pausing only the affected Ordering Scopes and declared dependents while independent scopes continue; in write_coordinator.rs bound the retry count from the same durable accounting. DO NOT touch the legacy control_wal, fabricate a terminal dead_letter on an unknown effect, close a gap other than through the canonical SequenceDisposition receipt, weaken ReservationRecord::validate or is_terminal, rename AttemptOutcome/CompletionOutcome, change existing serde attributes (pinned in shipped_serde_boundaries.toml), conflate AdmissionReservationRecord with ReservationRecord, or invent a Problem-State write path (#1759 owns the missing OwnerLeaseIssuer).	"[""crates/kernel/eliot-ors/src/reservation_model.rs"", ""crates/storage/eliot-store-surreal-adapter/src/write_execution.rs"", ""crates/storage/eliot-store-surreal-adapter/src/write_scheduler.rs"", ""crates/kernel/eliot-kernel-service/src/write_coordinator.rs"", ""crates/kernel/eliot-ors/src/lib.rs""]"	[]	cargo fmt/clippy --locked clean for -p eliot-ors -p eliot-store-surreal-adapter -p eliot-kernel-service; cargo test --locked -p eliot-store-surreal-adapter --lib write_scheduler and --lib write_execution plus -p eliot-ors --lib reservation_model green; git grep SequenceDisposition shows a typed declaration and a non-test producer instead of prose only	8fb0a426f78e1d7ab9cd5a054ef13c981ef6e670	[]	CLAIM_AFTER_PREFLIGHT
158	2	1716	READY		"Records/test-retargeting only, 4 files - NO crate deletion. (1) crates/storage/eliot-ecxf/tests/disposition.rs::EXPECTED_ADMISSION pins ""unreachable pending explicit owner disposition per #1716"", which the live crates/storage/eliot-ecxf/Cargo.toml workspace_admission row no longer contains (it now records the #1871 single-builder ceiling and a ""#1141 disposition: BOUNDED REFERENCE/IMPLEMENTATION-SUPPORT PACKAGE"" clause), so disposition.rs::owner_disposition_is_recorded is a RED GATE today; repoint the constant at the clause that is true. Leave no_production_binary_selects_the_crate byte-identical - its offenders.is_empty() assertion is correct, no binary declares eliot-ecxf directly. (2) crates/storage/eliot-backup/tests/disposition.rs::EXPECTED_ADMISSION pins ""admitted bounded non-runtime product surface per #1873"" while the live row's ""#1141 disposition: LIVE GOVERNED PORTABILITY/RECOVERY CONSUMER"" clause records three shipped production binary edges; repoint the constant AND widen ADMITTED_CONSUMERS from [&str; 1] = [""eliot: dependencies.eliot-backup""] to the exact four measured production dependents (bins/eliot, bins/eliot-host, bins/eliot-kernel, bins/eliot-store-surreal) - only_the_admitted_preview_consumer_selects_the_crate compares with assert_eq! so an unlisted fifth consumer must still fail. (3) scripts/migration_inventory_1860.py::RETIRE_PATHS still carries the rationale text ""Unreachable export/backup path, not a selectable production fallback."" for crates/storage/eliot-backup and ""Unreachable governed export path, not a selectable production fallback."" for crates/storage/eliot-ecxf; retarget both into the reached-by-a-production-binary class build_inventory already computes via reachable/bins_reachable, matching crates/governor/eliot-governor/src/migration_inventory.rs whose InventoryEntry rows for both packages already record bins_reachable: true. (4) docs/migration/1860-dispositions.md keeps both rows under ""## RETIRE (6) - gated, never silent"" with the heading ""73 unreachable + 11 excluded"" and the sentence ""The two storage export crates are not selectable production fallbacks""; retarget the rows and the counts, keeping the ""RETIRE executes only via the #1716 disposition with #1871/#1873 evidence"" gating sentence. PREMISE REFUTED BY SOURCE: do not delete either crate - after #2472 eliot-backup depends on eliot-ecxf and five packages declare eliot-backup, so deletion breaks cargo --locked. Do not edit either Cargo.toml workspace_admission row; this card retargets the records and gates that assert about the manifests. Keep the fail-closed Python rules (UNDISPOSITIONED_UNREACHABLE, assign_disposition's UNKNOWN drift arm, check_inventory's --check predicates) intact; do not convert an UNKNOWN row to KEEP to shrink the denominator; do not skip, ignore or relax either gate. No new disposition verb - the ledger vocabulary is I19.3 KEEP/WRAP/EXTRACT/REWORK/REPLACE/RETIRE/UNKNOWN."	"[""crates/storage/eliot-ecxf/tests/disposition.rs"", ""crates/storage/eliot-backup/tests/disposition.rs"", ""scripts/migration_inventory_1860.py"", ""docs/migration/1860-dispositions.md""]"	[]	cargo test --locked -p eliot-ecxf --test disposition is GREEN and cargo test --locked -p eliot-backup --test disposition is GREEN - these two gates ARE the acceptance criterion and both are red on b7e9e334569639a6290baeacf82bf44941def506 today; python scripts/migration_inventory_1860.py --self-test exits 0 (run_self_tests, fixture-only, no subprocess, no output file); python scripts/migration_inventory_1860.py --check prints MIGRATION_INVENTORY_1860: PASS with a denominator consistent with crates/governor/eliot-governor/src/migration_inventory.rs bins_reachable values; an unlisted fifth eliot-backup consumer still fails only_the_admitted_preview_consumer_selects_the_crate; neither Cargo.toml changed; both crates still workspace members; git diff --check clean. NOT a broad workspace build and NOT a cargo run of any other crate.	8fb0a426f78e1d7ab9cd5a054ef13c981ef6e670	[]	CLAIM_AFTER_PREFLIGHT
159	2	1719	READY		"LAND OPEN DRAFT PR #2956 - NO NEW IMPLEMENTATION. PR #2956 (head fix/1719-release-bundle-frontdoor-CS1, state OPEN, isDraft true, mergedAt null, title ""[release] The Windows bundle still builds eliot-governor from the legacy eliot-app crate"") already fixes the single surviving defect and must be landed, not reimplemented. Verified read-only facts: crates/governor/eliot-governor has no [[bin]] and no src/main.rs, so no current crate can produce eliot-governor.exe and the Codex MCP entry is bound to eliot-agent-bridge - option 2 (re-home) is impossible and already refused in the canonical doc; the whole detached two-time approval mechanism (GovernorRetirementApprovalV1, consumer-closure verifier, issuer seam, offline trust admission in scripts/lib/governor-retirement-approval.ps1) is on main. The live defect: scripts/build-eliot-windows-x64-release.ps1 resolves Get-FrontDoorBridgePlan at $frontDoorBridgePlan = Get-FrontDoorBridgePlan $cargoMetadata $ClaudeCodeFrontDoor BEFORE Resolve-GovernorDisposition is called, while the param block hard-defaults [string]$ClaudeCodeFrontDoor = 'legacy' - so an approval-admitted Retired layout has no bridge provisioned and the script throws instead of staging. The #2956 diff (+16/-2 on the script, +1/-1 on docs/release/WINDOWS_X64_RELEASE.md) removes the = 'legacy' default so [string]$ClaudeCodeFrontDoor arrives empty and $PSBoundParameters.ContainsKey distinguishes omission from an explicit request, MOVES the Get-FrontDoorBridgePlan assignment to after $governorDisposition is resolved and $legacyGovernorPresent/$governorEvidence are bound, computes $retiredLayoutSelected = $PlanRetiredGovernor -or Kind -ceq 'Retired' to default to agent-bridge when omitted under a retired layout and legacy otherwise, and fails closed with a named reason when a retired layout is combined with an explicit legacy. CARD JOB: review and land #2956, then verify the landed text - nothing else to write. DO NOT reimplement; DO NOT touch the approval contract, trust-root derivation or receipt verifier in scripts/lib/governor-retirement-approval.ps1; DO NOT add a default repository path, directory search or environment-variable selector for the approval input; DO NOT make retirement presence-driven; DO NOT re-home the codex_controller profile (implemented only under legacy crates/eliot-app/src/mcp_stdio.rs, zero implementers elsewhere, legacy deletion stays with #18); DO NOT flip the default to agent-bridge unconditionally (legacy is retained while source is retained). Verify after landing that -PlanRetiredGovernor remains -PlanOnly-only and visibly SIMULATED_NOT_ADMITTED and cannot stage, verify, sign or publish, and that eliot-governor.exe / the governor-gated-legacy include / the Codex plugin stay retained in STAGED_PAYLOAD_MANIFEST.json under the #1189-legacy-retirement gate because Codex, OpenCode, Claude Desktop and the flag-absent default path still execute that entry point."	"[""scripts/build-eliot-windows-x64-release.ps1"", ""docs/release/WINDOWS_X64_RELEASE.md""]"	[]	gh pr view 2956 shows state OPEN and isDraft true with exactly the two listed files BEFORE landing and MERGED after; gh pr diff 2956 shows the = 'legacy' default removed and the Get-FrontDoorBridgePlan assignment moved after Resolve-GovernorDisposition; on main the param block reads [string]$ClaudeCodeFrontDoor with no default; an omitted -ClaudeCodeFrontDoor under Retained still yields legacy; an omitted selection under a receipt-admitted Retired layout yields agent-bridge; an explicit legacy in a retired layout throws before any plan or staging; -PlanRetiredGovernor still reads SIMULATED_NOT_ADMITTED and cannot stage/verify/sign/publish; the governor-gated-legacy and Codex-plugin retention disposition is unchanged; the diff relative to b7e9e334569639a6290baeacf82bf44941def506 touches only the two listed files. No full Windows release bundle build for this card.	8fb0a426f78e1d7ab9cd5a054ef13c981ef6e670	[2956]	CLAIM_AFTER_PREFLIGHT
160	2	1722	READY		METADATA-ONLY DELTA - two TOML files, no Rust, no cargo. Checks are the Python reachability verifier and TOML parsing. PRESERVE: the registry and the script are unchanged inputs; the verifier itself is READ ONLY because it is #1720/#1721 territory. THE VERDICT PROVES NO MERGE IS AUTHORISED FOR ANY OF THE SIX CRATES: I2.23's own merge list requires MOST conditions and 5 of 7 are provably false for every crate - independently selectable test seams exist (22-67 tests each), no crate is a pass-through, all declare owned_mutable_state=[] / stateless, and there is no cyclic construction. Do not propose, stage or begin deleting or merging any crate. The deliverable is KEEP plus measured facts, not a topology change. (a) In scripts/testdata/crate-reachability/crate_extraction_decisions.toml - the path the verifier itself names as DECISION_DATA_RELPATH - write one current row per crate carrying: the exact defining API as a path::symbol, the package-local proof selector as a path::symbol, the ACTUAL production consumer callsite as a path::symbol or else an explicit accepted bounded integration/migration obligation naming the missing contract, the finite entry condition and the completion criterion, the current dependency and reverse fan-out, and source status, runtime-bundle status and evidence status stated SEPARATELY. (b) eliot-dreamer-conflict-analysis stays KEEP with its real consumer in bins/eliot-dreamer/src/pulse.rs - it is the only one of the six with a production consumer. (c) eliot-dreamer-procedure: record the CORRECTED fact that its CurationKind is one of the ten LIVE families, so its defect is a missing Governor-injected execution carrier / port composition and not a forbidden route; name that carrier as the missing contract with its entry condition and completion criterion. (d) eliot-dreamer-maintenance-plan: record the honest typed refusal - production dispatch in bins/eliot-dreamer/src/dispatch_stage.rs refuses with the maintenance-inputs message because the owner inputs are not constructible in-binary; a fail-closed refusal is correct and is not a completed integration. (e) eliot-dreamer-orchestration-plan, eliot-dreamer-development-diagnosis and eliot-dreamer-configuration-plan each record their own owner, their own missing admitted job/dispatch consumer or typed carrier, and a separate integration obligation - three rows, not one. (f) In crates/smart/cognitive-contract-challenges.toml bring the procedure and plan/diagnosis/cycle challenge rows into agreement with the decision rows, or leave them explicitly deferred with a named successor and an expiry/removal condition; a generic deferred-with-no-consumer-owner line is what the external audit refused. DO NOT add a CurationKind or widen the family enum; do not widen #1721's admission denominator, which is derived from the tree and never from the registry file; do not count workspace membership, module.toml status=ADMITTED, an owner package string, a challenge row or a generated capsule as consumer evidence; do not count package-local tests as a consumer edge; do not edit scripts/crate_reachability_inventory.py or any .rs file; do not add a registry entry merely to silence the report. PARKED AFTER OSP1 - scheduling note only; a metadata-only delta stays correct whatever the schedule. DEFER: the three missing carrier/port compositions and the Governor-owned maintenance objective/trigger/history/budget inputs are separate integration work with their own owners, recorded here as bounded obligations; the per-row focused consumer proofs (an ordinary package import through the real binary/owner path plus an observable typed candidate or refusal) are TEST-PHASE acceptance; crates/smart/cognitive-crate-decisions.toml's prototype-topology status ledger is a separate owner, noted and not rewritten.	"[""scripts/testdata/crate-reachability/crate_extraction_decisions.toml"", ""crates/smart/cognitive-contract-challenges.toml""]"	[]	both edited TOML files parse; python scripts/crate_reachability_inventory.py --repo-root . reports no new defect and every admission_decision row still agrees with the crate it names; python scripts/tests/test_crate_reachability_inventory.py shows no new failure; the six crates each carry one current row recording defining API, proof selector, real consumer callsite or an explicit bounded obligation with named missing contract and entry/completion criteria, dependency fan-out, and source / runtime-bundle / evidence status separately; eliot-dreamer-conflict-analysis remains KEEP with its pulse.rs consumer; the other five carry no claim of a production consumer; the procedure row records a live family with a missing carrier rather than a forbidden route; no crate is deleted, merged or proposed for merge; scripts/crate_reachability_inventory.py and every .rs file are untouched; git diff --stat names exactly two TOML files and no cargo command was run	8fb0a426f78e1d7ab9cd5a054ef13c981ef6e670	[]	CLAIM_AFTER_PREFLIGHT
161	2	1728	READY		"[""The v2 contract, its validator and the append path all LANDED (PRs #3352/#3864/#4058) and are PRESERVE: stage continuity is genuinely stage-to-stage, Unknown is first-class and cannot be laundered by a later clean stage, and commit_selection_chain builds a proper AppendAuditEvent envelope through GovernorComposition::commit_canonical with CAS and an ordering scope. DO NOT REDESIGN THE v2 CONTRACT -- crates/foundation/eliot-security-contracts has no write scope on this card."", ""THE GAP IS PURE WIRING. git grep on origin/main finds prepare_selection_chain, commit_selection_chain, seal_delivered_packet, selection_claim_ceiling only in their own definitions, the crates/governor/eliot-governor/src/lib.rs re-export list and selection_chain.rs's own #[cfg(test)] block, and eliot-store-api::verify_selection_chain_seal only in its own definition plus the shipped_serde_boundaries.toml data row: ZERO production callers each. Stages are built in memory and never appended."", ""ONLY 2 OF THE 6 doc-named transforms are instrumented. SelectionStageObservation is the honest-fact carrier and it is built only for the admission boundary (ordinal 1) and the compile/export boundary (ordinal 2) inside prepare_selection_chain; retrieval expansion/ranking, pruning, deduplication and summarization have no stage."", ""THE LIVE ADMISSION PATH ALREADY PRODUCES EXACTLY prepare_selection_chain's INPUTS: KernelContextReadClient::compile_context_packet (bins/eliotd/src/kernel_context_read_client.rs) holds the AdmissionInput/AdmissionResult pair, the ContextRecipe and the ResolvedContextRecipe, and its own doc states \""quality is invoked with the AdmittedContextSet this compilation actually admitted\""; bins/eliotd/src/campaign_packet.rs::resolve_compile_and_bind_result is the caller that already reaches the delivery-acceptance owner. The chain needs wiring, not new inputs."", ""CONFLICTING PR #4495 -- \""feat: Add whole-unit semantic budgets and downstream headroom reservations (#1725)\"", state CLOSED, NOT merged. Its file list is Cargo.lock, bins/eliotd/src/kernel_context_read_client.rs, config/dependency-policy.toml, crates/smart/eliot-context-admission/src/lib.rs, crates/smart/eliot-context-assembly/src/assemble.rs, crates/smart/eliot-context-assembly/src/lib.rs, crates/smart/eliot-context-contracts/Cargo.toml, crates/smart/eliot-context-contracts/src/headroom.rs, crates/smart/eliot-context-contracts/src/lib.rs. OVERLAP WITH THIS CARD IS EXACTLY ONE FILE: bins/eliotd/src/kernel_context_read_client.rs. Do NOT merge it and do NOT cherry-pick it -- #1725's row records main already carries a stronger equivalent via PRs #4568/#4822 and that #4495 is obsolete as a whole. Confine this card's edits in that file to the new producer/wiring region and leave the headroom join (PacketHeadroomJoin::{acquire,prove,revalidate,release}, HeadroomDimension, frozen_owner_for, recheck_packet_headroom) byte-for-byte as it is on main."", ""MAKE: build each SelectionStageObservation at the boundary that actually changes membership, populate member_dispositions at each one so no removal is SelectionChainError::UnattributedRemoval, and set untrusted_influence honestly as SelectionInfluenceState -- Unknown is admissible and must never be defaulted to Absent. Seal the delivered bytes and expansion handles with seal_delivered_packet AT the delivery-acceptance owner (not after the packet leaves the composition), propagate selection_claim_ceiling to the delivery/effect consumer so an unknown influence visibly lowers the dependent packet's permitted claims, append through commit_selection_chain on the one commit_canonical path with the expected chain head and ordering sequence, and verify the seal at the consumer with eliot_store_api::verify_selection_chain_seal against the exact bytes that consumer is about to act on."", ""PROHIBITIONS restated: do NOT reintroduce a duplicate receipt inside Context -- crates/smart/eliot-context-contracts/src/view.rs::SelectionIntegrityProof stays an intrinsic final admitted-versus-rendered projection check, not a transformation history; do NOT restore validate_selection_pipeline's pre-v2 rule that every stage input validates against the FINAL admitted set or that stage outputs are non-empty (a candidate later pruned was legitimately present earlier; an all-rejected result may legitimately have empty output); do NOT convert Unknown to Absent; do NOT discard an unsafe-but-well-formed history during structural validation; do NOT add a second audit database, a generic audit service, raw Kernel SQL or a compiler-owned canonical writer; do NOT give ContextCompiler Store IO; do NOT mint launch authority or rewrite canonical claims from a chain; do NOT discard prior stages or counterevidence to fit a page cap.""]"	"[""crates/governor/eliot-governor/src/selection_chain.rs"", ""bins/eliotd/src/kernel_context_read_client.rs"", ""bins/eliotd/src/campaign_packet.rs""]"	[]	A non-test call site runs prepare_selection_chain on the live admission pair and commit_selection_chain appends that chain through GovernorComposition::commit_canonical with an expected chain head and ordering sequence; a non-test call site runs seal_delivered_packet at the delivery-acceptance owner and eliot_store_api::verify_selection_chain_seal re-verifies the same seal against the exact delivered bytes and expansion handles; selection_claim_ceiling reaches the delivery/effect consumer so an Unknown influence lowers the packet's permitted claims and a later clean stage cannot raise it; every stage removal carries its own boundary's SelectionMemberDisposition (no UnattributedRemoval on a real prune-then-derive pipeline) and an all-rejected input records an empty final set honestly; the receipt shapes, crates/foundation/eliot-security-contracts/src/validation.rs, crates/smart/eliot-context-assembly/src/assemble.rs and the shipped v2 schema are untouched; PR #4495 stays closed and unmerged with nothing cherry-picked.	8fb0a426f78e1d7ab9cd5a054ef13c981ef6e670	[4495]	CLAIM_AFTER_PREFLIGHT
162	2	1745	READY		Both I7.24 record kinds are typed and validated on main and the body contract gaps are closed - TokenCountObservation distinguishes Unavailable from zero, OwnerStageFact resolves unknown stages, and W5 no-progress is fixed by detect_repeat_without_progress_with_evidence with production callers - all PRESERVE, do not re-implement. What remains is wiring. (a) crates/surfaces/eliot-mcp/src/core.rs::task_relative_tools_list_result, the only entry that compiles a task-relative decision through compile_task_relative_surface, has ZERO callers (git grep returns its definition alone), while the live handler bins/eliot-agent-bridge/src/main.rs::handle_mcp_tools_list serves tools_list_result - the discovery arm whose own doc states it carries no owner-supplied task conditions - so every agent receives the no-task surface today. Route the live handler through task_relative_tools_list_result with owner-joined TaskSurfaceConditions when a session is task-bound, keeping tools_list_result for a genuinely task-less discovery session so both share one projection entry. (b) Six owner seams are declared-but-uncalled, each carrying its own STITCH note naming the caller: advertise_exposure_history, replay_list_surface_budget, link_expanded_delivery and admit_exposure_history in crates/surfaces/eliot-mcp/src/surface_decision.rs; open_exposure_history_entry and package_exposure_history_revision in bins/eliot-agent-bridge/src/exposure_history.rs; BridgeRunner::record_truncated_tool_delivery in crates/surfaces/eliot-agent-bridge-core/src/lib.rs. Call each from its named owner, not from the bridge. (c) Join the grant-closure verdict from its owner: task_relative_tools_list_result takes Option<&GrantClosureReceipt> and resolve_material_grant fails closed on None, on GrantClosureState::Revoked and on a revision the live closure does not cover, while git grep GrantClosureReceipt origin/main -- bins/eliot-agent-bridge finds no receipt source at all - read it over the Kernel GRANT_CLOSURE_RECEIPT_OPERATION arm in bins/eliot-kernel/src/daemon_request_dispatch.rs behind the existing same-fence check, cache it per State Fence, and pass Some only when genuinely present; never mint one and never substitute a permissive stand-in. Populate registered, advertised and eligible at the publish seam and leave selected, called, transport, delivery, retry, use and outcome to their owners or record them as None. Do not mint task, role, grant or capability facts in the bridge, never record Unavailable as zero tokens, never rewrite a TRUNCATED delivery as FULL, do not add a second ledger or store write, and do not weaken validate_disposition, the history-entry validate or the resolve_material_grant fail-closed arms. MISSING-CONTRACT: no doc defines a semantic receipt artifact for a completed exposure - do not invent one, escalate and record the decision. SEQUENCING: the publication half of #1744 (published_mcp_tool_surface reaching the real publisher) waits on this issue admitted subset, so this card writes surface_decision.rs while #1744 holds it READ ONLY - merge #1745 first.	"[""bins/eliot-agent-bridge/src/main.rs"", ""bins/eliot-agent-bridge/src/exposure_history.rs"", ""crates/surfaces/eliot-mcp/src/surface_decision.rs"", ""crates/surfaces/eliot-agent-bridge-core/src/lib.rs""]"	[]	git grep task_relative_tools_list_result origin/main -- bins shows a call from bins/eliot-agent-bridge/src/main.rs::handle_mcp_tools_list and not only the definition; the grant-closure argument is a receipt read from the Kernel GRANT_CLOSURE_RECEIPT_OPERATION route, never locally minted or permissive; advertise_exposure_history, admit_exposure_history, replay_list_surface_budget, link_expanded_delivery, open_exposure_history_entry, package_exposure_history_revision and record_truncated_tool_delivery each gain a non-test production caller; a replayed budget yields IdempotentReplay and retains the prior revision while a successor persists alongside it, never a rewrite; a TokenCountObservation::Unavailable never renders as zero tokens and no TRUNCATED delivery is rewritten as FULL; crates/surfaces/eliot-mcp/src/core.rs stays byte-identical to b7e9e334569639a6290baeacf82bf44941def506; the five named post-assembly proofs (two-task exposure, stale-profile direct invocation, measured-versus-unknown cost, truncated-result expansion, replay no-progress) are deferred to product assembly; the diff touches exactly the four listed files.	8fb0a426f78e1d7ab9cd5a054ef13c981ef6e670	[3804]	CLAIM_AFTER_PREFLIGHT
163	2	1769	READY		"[""The admission half is fully on main and is PRESERVE: SourceAdmissibilityRecord with SOURCE_ADMISSIBILITY_DIGEST_DOMAIN source-admissibility/v3, its decide and eligibility_of readers, GovernorSourceTransitionRequest with candidate_only always true and canonical_write_authorized always false, its integrity re-proof, the live assess_sources producer, the deduplicated board-item owner, and ReceiptJournal::ingest already binding operation_id alongside payload_digest."",""GAP 1a - no transition to submit to. source_admissibility.rs::GovernorSourceTransitionRequest::REQUEST_KIND is inquiry_source_admissibility and git grep -n inquiry_source_admissibility origin/main returns exactly one hit, the constant itself. The research-provider wire publishes only research_provider.dispatch, .status, .cancel and .reconcile, so a GovernorSourceTransitionRequest minted by inquiry_governance.rs::commit_freeze_through_source_admission (which pushes record.transition_request_committing_freeze(retained, freeze)) goes nowhere. The module doc itself says the other half is the owner's and does not exist yet."",""GAP 1b - source_admission_owner_receipt=none is a hard-coded Display literal, not a field. inquiry_governance.rs renders it inside impl std::fmt::Display, so no admitted source can ever display an owner receipt. The honest reading is in that file's own comment: they are proposals, the Governor/Kernel/Store commit receipt is the owner's, and a line that implied one would be a false proof claim under A0.3."",""GAP 2 - SynthesisInputPack::resolve in crates/research/eliot-researcher/src/synthesis_input.rs takes committed, freeze, manifest, records, retained, question, admitted_disclosure and lane - and NO current StateFence and NO current source revision - so an eligibility decided under a superseded fence or since invalidated is never re-checked at packing time. Its only two callers are inquiry_governance.rs::resolve_synthesis_input and the re-pack arm documented at inquiry_governance.rs, which is why that file is in the write set."",""MAKE (a): give GovernorSourceTransitionRequest a real receiving transition at the documented owners - Governor prepares the semantic transition, Kernel checks authority/fence/order, Store persists the named record - extending the existing research-provider wire and its Kernel route owner, and route the commit_freeze_through_source_admission proposals to it. candidate_only stays true and canonical_write_authorized stays false after the receiver commits."",""MAKE (b): carry the owner-issued commit receipt back onto the run record so source_admission_owner_receipt becomes a real rendered field, still rendering none when no receipt exists."",""MAKE (c): thread a current StateFence and the current source revision into SynthesisInputPack::resolve so a superseded-fence or invalidated member is refused at packing time rather than trusted from the freeze."",""DO NOT: do not rewrite SourceAdmissibilityRecord, decide, eligibility_of, SOURCE_ADMISSIBILITY_DIGEST_DOMAIN, GovernorSourceTransitionRequest::REQUEST_DIGEST_DOMAIN (inquiry-source-admission-request/v2) or the request's validate_integrity - a digest-domain bump is a wire change other consumers must adopt; do not make candidate_only false or canonical_write_authorized true in any arm; do not add a second wire vocabulary; do not treat ReceiptJournal::ingest or a successful transport call as durable publication; do not turn release_gate into an authority - it is a READ and the renderer consuming it is explicitly not one; do not invent an absence record to make a receipt look present; do not drop the handle convention provider-artifact:<receipt.raw.stdout.sha256> shared by retained_provider_material and assess_sources."",""SEQUENCING: release_gate is a READ by the reviewed verdict - deferred, not rewritten.""]"	"[""crates/research/eliot-researcher/src/source_admissibility.rs"", ""crates/research/eliot-researcher/src/inquiry_governance.rs"", ""crates/research/eliot-researcher/src/synthesis_input.rs""]"	[]	"[""cargo fmt -p eliot-researcher -p eliot-kernel -- --check is clean; cargo clippy --locked -p eliot-researcher -p eliot-kernel --lib --bins --no-deps -- -D warnings compared by diagnostic set against a pristine-baseline worktree at the real parent has zero NEW; git diff --check is clean."",""git grep -n inquiry_source_admissibility origin/main matches more than the constant: a receiving transition and a submitter both exist."",""source_admission_owner_receipt renders a real owner receipt for an admitted source and still renders none when none exists; and SynthesisInputPack::resolve takes the current fence and current source revision and refuses a member whose eligibility no longer holds."",""source_admissibility.rs keeps source-admissibility/v3 and inquiry-source-admission-request/v2; candidate_only is true and canonical_write_authorized is false on every arm; no second wire vocabulary and no second source database or board-item owner appears; and the diff touches exactly the three listed files.""]"	8fb0a426f78e1d7ab9cd5a054ef13c981ef6e670	[]	CLAIM_AFTER_PREFLIGHT
164	2	1772	READY		"[""PR #3544 delivered the whole contract layer and it must not be rewritten: the exact seven-milestone I3.2 table, observation-gated advance with recovery directives, SetupBinding::require_complete, verify_setup_binding, the signed snapshot, all seven redb persistence owners with intent-before-effect, require_setup_admission, and the CLI command."",""DETERMINISM VERIFIED SOUND by the reviewed verdict - the setup path has no clock, RNG, HashMap or env input, keys sort recursively, and the binding digest is a domain-separated concatenation of five confirmed facts. Do not re-derive any of it."",""Ed25519 is INHERITED from the existing SignedInstallationActivationApproval contract in crates/foundation/eliot-runtime-contracts/src/installation_activation.rs (INSTALLATION_ACTIVATION_SIGNATURE_ALGORITHM), NOT invented. The canonical docs are genuinely silent on the algorithm - grep across all of docs/architecture returns zero - so do not correct them by inventing one."",""The gap is wiring only: setup_binding.rs::verify_setup_binding, redb_state.rs::create_setup_binding, redb_state.rs::record_setup_effect_intent, redb_state.rs::compare_and_save_setup_binding, redb_state.rs::create_initial_snapshot, redb_state.rs::setup_status and composition_bootstrap.rs::KernelComposition::require_setup_admission ALL have zero production callers, and bins/eliot/src/first_run_flow.rs::run_setup_initial_config ends at a println of {payload, payload_digest, privacy_choice} - it signs nothing, publishes nothing, re-reads nothing and never advances the binding, exactly as its own doc comment says."",""Consequence: milestone 3 has no effect owner (nothing persists the intent before the effect through record_setup_effect_intent, whose require_setup_effect_intent refusal text names the recovery action) and milestone 6 has no observer (require_setup_admission is never consulted)."",""START crates/governor/eliot-config/src/initial_snapshot.rs - the trait InitialSnapshotSigner, the struct Ed25519InitialSnapshotSigner with impl InitialSnapshotSigner for Ed25519InitialSnapshotSigner, and SignedInitialSnapshot::sign<S: InitialSnapshotSigner> all already exist, but no production composition constructs one over the I3.12 credential owner, so no signer instance exists at runtime."",""MAKE (a): drive run_setup_initial_config through the real sequence - record_setup_effect_intent, then the effect, then compare_and_save_setup_binding, with create_setup_binding establishing the binding and create_initial_snapshot at SetupMilestone::InitialSnapshotCreated."",""MAKE (b): construct an InitialSnapshotSigner over the I3.12 credential owner's protected key reference, sign the prepared payload's exact canonical bytes, publish it through the existing publication owners, then re-read and verify BOTH before marking setup complete, keeping the verifier's trusted key reference outside the untrusted snapshot."",""MAKE (c): call verify_setup_binding plus KernelComposition::require_setup_admission at the actual Kernel/Host authority entrypoints (process execution, daemon/worker dispatch, restart) and expose redb_state.rs::setup_status through the authenticated setup-status/recovery path. A defaults object or cold-composition state must not substitute for the verified binding. Omitted model roles stay UNASSIGNED so setup finishes without a model subscription, and no stage invokes a model."",""DO NOT: do not rewrite SetupMilestone, SETUP_BINDING_WIRE_VERSION, require_complete, verify_setup_binding, VerifiedSetupBinding, the binding digest or the signed-snapshot types; do not introduce a second crypto format or algorithm; do not derive keys from installation names, fixtures or timestamps, and do not silently rotate a key after a lost acknowledgement; do not leave root/key staging world-readable before the later ACL milestone; do not fill missing trust evidence with permissive defaults, migrate implicitly from legacy Governor config, or reset a completed installation into first-run on a failed read; do not create a parallel setup database, a new authority service, or any automatic installation/secret change on the owner's machine; do not treat a listening port or a Store process exit code as verified storage.""]"	"[""bins/eliot/src/first_run_flow.rs"", ""bins/eliot-kernel/src/composition_bootstrap.rs"", ""crates/kernel/eliot-installation/src/redb_state.rs"", ""crates/governor/eliot-config/src/initial_snapshot.rs""]"	[]	"[""cargo fmt -p eliot -p eliot-kernel -p eliot-installation -p eliot-config -- --check is clean; cargo clippy --locked -p eliot -p eliot-kernel -p eliot-installation -p eliot-config --lib --bins --no-deps -- -D warnings compared by diagnostic set against a pristine-baseline worktree at the real parent has zero NEW; git diff --check is clean. No real setup is run on the owner's machine."",""git grep shows a non-test production caller for each of verify_setup_binding, create_setup_binding, record_setup_effect_intent, compare_and_save_setup_binding, create_initial_snapshot, setup_status and KernelComposition::require_setup_admission."",""run_setup_initial_config no longer ends at a println but signs, publishes, re-reads and verifies before advancing; exactly one InitialSnapshotSigner is constructed over the I3.12 credential owner with Ed25519 inherited from the existing activation contract and no new algorithm appears."",""setup_binding.rs and crates/foundation/eliot-runtime-contracts/src/installation_activation.rs are byte-identical to b7e9e334569639a6290baeacf82bf44941def506; the diff touches exactly the four listed files; no parallel setup database or new authority service exists; omitted model roles stay UNASSIGNED.""]"	8fb0a426f78e1d7ab9cd5a054ef13c981ef6e670	[]	CLAIM_AFTER_PREFLIGHT
165	2	1796	READY		1 stop collapsing the canonicalization Err into a constant 64-zero hash in pre_stage_check so identity decisions run on the real result	"[""crates/kernel/eliot-kernel-service/src/contract_rejection_gate.rs"", ""crates/storage/eliot-store-api/src/request_hash.rs""]"	[]	Two byte-different requests under one idempotency key are never answered with the other's proposed_operation_id or corrected_operation_id; a changed-bytes request reaches conflict_rejection and returns IDENTITY_CONFLICT even when the prior request also failed canonicalization; no PreStageRejection is ever built with a placeholder constant digest and PreStageRejection::validate rejects such a value; one response still carries every defect (stage_state none, ordering_sequence_assigned false, NOT_ATTEMPTED, no write_intent_id)	8fb0a426f78e1d7ab9cd5a054ef13c981ef6e670	[]	CLAIM_AFTER_PREFLIGHT
166	2	1797	READY		1. In crates/agent/eliot-agent-claude/src/execution.rs::prepare, immediately after input.descriptor.validate_for(&input.binding)? (:375) and before the process_request/idempotency/prompt handling, build and validate the ALREADY-DECLARED contract via the crate's own claude_adapter_contract(&input.descriptor, &input.binding.route) then validate_claude_adapter_contract(&contract, &input.descriptor, &input.binding.route); map BridgeContractError into the existing ClaudeSidecarError::DescriptorMismatch, add no new public error surface, and on refusal mint no operation identity, task decision, permission or Finish ;; 2. In crates/agent/eliot-agent-acp/src/lib.rs record the I6.5 not-admitted dispos	"[""crates/agent/eliot-agent-claude/src/execution.rs"", ""crates/agent/eliot-agent-acp/src/lib.rs""]"	[]	Two-file diff - crates/agent/eliot-agent-claude/src/execution.rs::prepare enforces the I6.5 admitted-generation binding pre-dispatch and crates/agent/eliot-agent-acp/src/lib.rs states the ACP not-admitted disposition - plus the corrected mapping posted on issue #1797.	8fb0a426f78e1d7ab9cd5a054ef13c981ef6e670	[]	CLAIM_AFTER_PREFLIGHT
167	2	1805	READY		1. Sealed-path join: inside crates/instrument/eliot-instrument-runner/src/lib.rs::InstrumentBinding::verify_executable compare the presented canonical_path against the sealed request's executable object — std::fs::canonicalize(request.intent().executable()) must equal observation.canonical_path, the rule already proven at profile_run.rs::grant_at_use_skew_reason — reusing the already-sealed self.process_request without re-opening or re-hashing, and fail closed with RunnerError::ExecutableMismatch ;; 2. Sealed-environment join: in the same function compare observation.environment_digest against eliot_process_executor::environment_projection_digest(request.environment()) (request.environment()	"[""crates/instrument/eliot-instrument-runner/src/lib.rs""]"	[]	One file changed: crates/instrument/eliot-instrument-runner/src/lib.rs carries both sealed-request joins in InstrumentBinding::verify_executable and no longer exposes a public constructor that can produce a process-backed authoritative PASS without an owner-issued InstrumentStartReceipt.	8fb0a426f78e1d7ab9cd5a054ef13c981ef6e670	[]	CLAIM_AFTER_PREFLIGHT
168	2	1812	READY		bounded items; see cards/1812.md	"[""crates/instrument/eliot-process-executor/src/lib.rs"", ""bins/eliot-kernel/src/process_execution.rs"", ""crates/kernel/eliot-kernel-core/src/authority_controller.rs"", ""crates/kernel/eliot-process/src/lib.rs""]"	[]	The Kernel production route builds one P-04 instance carrying both the launch-admission/outer-Job requirement and a real ProcessStreamSinkClient, an unresolved sink future cannot stall a pipe drain, and a freshly constructed gateway resolves inspect/cancel/reconcile from a durable physical binding or returns exactly one explicit observation gap.	8fb0a426f78e1d7ab9cd5a054ef13c981ef6e670	[]	CLAIM_AFTER_PREFLIGHT
169	2	1840	READY		"W2 inject `AuditSpoolBinding` in `main.rs` so the production spool leaves the canonical chain's directory (`<kernel_ors_root>/audit-spool`, not `<work_root>/kernel-audit/audit-spool`); W3 inject the `RuntimeProfile` so `system_service` reaches the `prepare_protected_directory` / `""program_data""` contour and the stage-3 `EventLogReport` last-resort arm; W5 construct `WatchdogAuditAnchorSink` in `run_watchdog` and observe it every tick over the exact directory `KernelAuditChain::set_anchor_sink` writes (`binding.watchdog_state_root()`, NOT `watchdog_anchor_dir(...)`); T3 give `KernelComposition::verify_audit_anchor_file` a production caller on the retained Watchdog-domain `latest-anchor.json`; and add the smallest failure/recovery proof in `bins/eliot-kernel` and `bins/eliot-watchdog` (none exists on main)."	"[""bins/eliot-kernel/src/main.rs"", ""bins/eliot-kernel/src/audit_fallback.rs"", ""bins/eliot-watchdog/src/runtime_loop.rs"", ""bins/eliot-watchdog/src/watchdog_composition.rs"", ""bins/eliot-watchdog/src/audit_anchor_sink.rs""]"	[]	"`git grep -n ""with_audit_spool_binding\|with_audit_fallback_profile\|WatchdogAuditAnchorSink\|verify_audit_anchor_file"" origin/main -- 'bins/**' 'crates/**'` returns a production call site for each of the four symbols (not only definitions), and `cargo test --locked -p eliot-kernel -p eliot-watchdog` passes the new focused spool-reconciliation and Watchdog anchor-verification proofs."	8fb0a426f78e1d7ab9cd5a054ef13c981ef6e670	[]	CLAIM_AFTER_PREFLIGHT
170	2	1861	READY		"1. HB1 forged finish (I18.9 ""Forged finish""): in bins/eliot-kernel/src/host_request_route.rs::invoke_read_tool_tests add a finish-envelope builder carrying the 8 closed arguments of daemon_claim_queue.rs::finish_admission (:1148-1164), capability ""eliot.finish"", payload_schema_id = eliot_protocol::FINISH_INVOKE_PAYLOAD_SCHEMA_ID and a BOUND identity.task_id; assert check_finish_admission is Ok when identity.task_id == arguments.task_id and Err(TransportError::SessionFenced) when the envelope binds a different task. Add a dedicated builder rather than mutating the shared test_envelope (host_request_route.rs::test_envelope hardcodes task_id: None at :11029 and payload_schema_id at :11031, and"	"[""bins/eliot-kernel/src/host_request_route.rs"", ""bins/eliot-kernel/src/tests/local_read_claim.rs"", ""bins/eliot-kernel/src/tests.rs""]"	[]	One passing adversarial test per I19.5 B boundary - HB1 SessionFenced on a forged task-mismatched finish draft, HB2 served-value-identity plus IdentityConflict on a divergent durable body, HB3 StoreAlreadyConnected on a second writer composition - with the three merged guards byte-identical to main.	8fb0a426f78e1d7ab9cd5a054ef13c981ef6e670	[]	CLAIM_AFTER_PREFLIGHT
171	3	1695	READY		3 items: add the missing Cost variant to eliot_maintenance::RequiredUtilityMetric (its own doc comment records that cost is deliberately absent) using the existing COST_UNIT name and give it a real slot in BoundUtilityMetrics::measure and ::measured beside Recurrence, ProductRecoveryDelta, FalseChanges and OperatorBurden; replace the hardcoded cost: unobserved_metric(COST_UNIT, evaluation_window) in utility_evaluation.rs::evaluate_maintenance_utility with the same measured-or-unobserved closure the other four metrics use, so a caller-supplied measurement can bind instead of every appended revision falling through to MaintenanceUtilityVerdict::Pending; give daemon_runtime.rs::evaluate_admitted_maintenance_results a real admitted measurement producer instead of the unconditional UtilityEvaluationEvidence::default(), keeping the empty set as the honest state when no cost observation was admitted. Do not edit the observation-contract directional rules (MaintenanceUtilityEvidenceV1::supports_benefit_claim and MaintenanceMetricEvaluationV1::has_sufficient_measured_evidence with its is_cost basis split are already correct) and do not invent, estimate or default a cost value.	"[""crates/governor/eliot-maintenance/src/utility_evaluation.rs"", ""bins/eliotd/src/daemon_runtime.rs""]"	[]	RequiredUtilityMetric carries Cost and eliot_maintenance::evaluate_maintenance_utility no longer hardcodes the cost slot; UtilityMetricMeasurement has at least one non-test construction site on a production path; a five-metric admitted set reaches Inconclusive or Harmful, and Beneficial is reachable only through MaintenanceUtilityEvidenceV1::supports_benefit_claim; crates/foundation/eliot-observation-contracts/ stays byte-identical to b7e9e334569639a6290baeacf82bf44941def506.	8fb0a426f78e1d7ab9cd5a054ef13c981ef6e670	[]	CLAIM_AFTER_PREFLIGHT
172	3	1735	READY		Every I12.15 clause is already PRESERVE on main - do not re-implement: direct-first priority, the optional stage decided before any optional material is validated, bounded depth/fanout/work/node/edge/trace with a preserved stopped frontier, maximum-accumulation (not popularity-sum) scoring, and derived hits held to advisory use at the consumer. Two concrete gaps, one file each. (a) cue_activation_route.rs::evaluate_reconstructed_candidate builds ActivationRequestSpec{relation_edges: Vec::new()} with ActivationBoundsSpec{max_depth:0,max_fanout:0,max_edges:0,max_path_len:0,max_derived:0}, so the spread branch is unreachable from the only production caller, and ::CueActivationSummary (ten scalar fields) DROPS evaluation.derived_stage - carry the typed disposition (Disabled / Unavailable{reason,unusable} / BoundReached{field}) into the summary and the rendered reconstruction response body beside direct_hits/derived_hits/trace_steps/completeness, so a limit reason reaches readback and no optional-stage outcome is rendered as an unqualified complete; (b) make the daemon's direct-only zero-edge condition explicit and labelled at the call site rather than silent, and keep Disabled (direct-only by policy) distinct from a direct-complete result with no relation domain published. NOT VERIFIED AND WORTH ESCALATING SEPARATELY: no non-empty RelationEdge producer exists on main, and crates/governor/eliot-governor/src/cue_composition.rs enforces an AUTHORITATIVE ZERO-EDGE invariant - its header calls relation_edges=&[] with registry_revision=None and weights=[] an authoritative empty edge set, post_verify_candidate refuses a non-empty set with CueCompositionError::ClosureMismatch ('candidate carries relation edges outside the zero-edge set'), and the cache lookup re-checks the same emptiness. Which owner may publish relation edges, and under which admission, is named by neither this issue nor I12.15. Do NOT synthesize edges, do NOT relax the zero-edge invariant, do NOT widen the zero-edge refusal into a warning, and do NOT make the spread branch reachable from the daemon route. A derived hit is never a lease, a canonical truth claim, a task completion, a suppression of mandatory counterevidence or a blocking disposition, and a graph score never substitutes for #1731's exact negative-memory rule.	"[""bins/eliotd/src/cue_activation_route.rs"", ""bins/eliotd/src/context_reconstruction_route.rs""]"	[]	CueActivationSummary carries the optional-stage disposition and it reaches the rendered reconstruction response body, so Disabled / Unavailable{reason,unusable} / BoundReached{field} is visible to a consumer and none is reported as an unqualified complete; the daemon direct-only policy is explicitly labelled at its call site; the only production relation_edges assignment is still Vec::new() and the Governor zero-edge ClosureMismatch text is byte-identical; invalid direct identity/fence, corrupted shared inputs and failed direct coverage still refuse rather than being caught and labelled harmless; crates/smart/eliot-cue-activation/, crates/smart/eliot-cue-contracts/ and crates/governor/eliot-governor/ are byte-identical to b7e9e334569639a6290baeacf82bf44941def506; the diff touches exactly the two listed files; the zero-edge owner question is stated in the commit message rather than answered in code.	8fb0a426f78e1d7ab9cd5a054ef13c981ef6e670	[]	CLAIM_AFTER_PREFLIGHT
173	3	1743	READY		Nine PortFailure variants exist but only AgentResponse carries the canonical contract: TransportBindingRejected { reason: String } (crates/surfaces/eliot-mcp/src/core.rs::PortFailure) has no AgentResponseDisposition, no reason_code, no directive and no operation-identity field, and git grep -c TransportBindingRejected origin/main returns 62 lines in crates/kernel/eliot-kernel-service/src/host_request_binding.rs plus 45 in bins/eliot-agent-bridge/src/kernel_host_request_client.rs - every one a site that never enters the envelope. Project every failure family into the existing AgentHostRequestFailure: give the bridge-facing port a canonical projection per variant; give TransportBindingRejected a typed operation-identity field so a known hostreq digest survives structurally instead of being interpolated into prose (I7.20 prohibits recovering it by parsing prose); convert bridge-local WireRejection values, host-private Response::Error codes and JSON-RPC numeric codes into INVALID_REQUEST / DENIED / STALE_OR_CONFLICT / NEEDS_EVIDENCE before rendering; and close both the host_request_failure_response None arm and the correlated-but-undecodable-reply fallback with a bridge-owned envelope that carries the known correlation and a stable envelope-validation reason code without fabricating the lost Kernel semantic reason. Preserve the open additive reason_code, the closed AgentResponseDisposition, the exact reply-correlation checks in kernel_host_request_client.rs::decode_host_request_failure and the fail-closed refusal on an undecodable correlated status-failure reply. Do not close reason_code into an enum, do not add a second envelope type or a fourth control vocabulary, do not remove PlanGap/Unsupported from PortFailure, do not hand-edit docs/generated/reason-codes.md (rendered by scripts/generate_reason_codes.py), and do not duplicate #1709 legacy host-event work. All symbols above confirmed by git grep and git show on b7e9e334569639a6290baeacf82bf44941def506.	"[""crates/surfaces/eliot-mcp/src/core.rs"", ""crates/kernel/eliot-kernel-service/src/host_request_binding.rs"", ""bins/eliot-agent-bridge/src/kernel_host_request_client.rs"", ""bins/eliot-agent-bridge/src/reactive_runtime_composition.rs"", ""bins/eliot-agent-bridge/src/main.rs"", ""bins/eliot-kernel/src/host_request_route.rs""]"	[]	Every remaining PortFailure construction site supplies a disposition, an exact additive reason code, a typed directive and - where known - a typed operation identity, with no caller parsing reason prose; host_request_failure_response no longer returns None for an ordinary non-success family; a correlated-but-undecodable Kernel failure yields a bridge-owned RECOVERY_REQUIRED or FAILED envelope carrying the known request correlation and operation identity without a fabricated Kernel reason, and unknown external outcome stays RECOVERY_REQUIRED with the exact handle and a reconcile directive; render_rejection and host_gateway_error emit only compatibility projections of one canonical envelope; AgentHostRequestFailure in crates/foundation/eliot-protocol/src/lib.rs is byte-identical to b7e9e334569639a6290baeacf82bf44941def506; the seven-class MCP behavior matrix and the synthetic unknown-code round trip remain deferred to product assembly; the diff touches exactly the six listed files.	8fb0a426f78e1d7ab9cd5a054ef13c981ef6e670	[3804]	CLAIM_AFTER_PREFLIGHT
174	3	1784	READY		Give the complete-but-unwired `HumanAttentionEvaluation` contract and commit gate a real production path in EXISTING files only: one closed named Store mutation (`ApplyHumanAttentionEvaluation`, `Create`/`Correct`/`Invalidate`, byte-exact immutable revisions, no delete) plus its paired named read `GetHumanAttentionEvaluation` declared in `crates/storage/eliot-store-api/src/lib.rs`, activated in `operation_catalogue.rs` with typed parameters in `operation_parameters.rs`, an inline Surreal write renderer in `apply/atomic_write.rs` and paired read arm in `apply/read_boundary.rs`, the memory-backend dispatcher/gate/read arms in `eliot-store-memory/src/lib.rs`, the Kernel-admitted route plus its `is_daemon_operation` marker in `daemon_request_dispatch.rs` / `frame_dispatch.rs`, the Store-leg commit binder in `attention_evaluation_commit.rs`, and the `eliotd` operator adapter — which MUST also edit `kernel_context_read_client.rs`, whose closed match refuses every unnamed read — plus the production consumer of `project_attention_evaluation_row`.	"[""crates/storage/eliot-store-api/src/lib.rs"", ""crates/storage/eliot-store-api/src/operation_catalogue.rs"", ""crates/storage/eliot-store-api/src/operation_parameters.rs"", ""crates/storage/eliot-store-api/src/write_admission.rs"", ""crates/storage/eliot-store-surreal-adapter/src/apply/atomic_write.rs"", ""crates/storage/eliot-store-surreal-adapter/src/apply/read_boundary.rs"", ""crates/storage/eliot-store-memory/src/lib.rs"", ""bins/eliot-kernel/src/daemon_request_dispatch.rs"", ""bins/eliot-kernel/src/frame_dispatch.rs"", ""bins/eliotd/src/kernel_context_read_client.rs"", ""bins/eliotd/src/lib.rs"", ""crates/governor/eliot-governor/src/attention_evaluation_commit.rs"", ""crates/governor/eliot-governor/src/lib.rs""]"	[]	"`cargo check --locked -p eliot-store-api -p eliot-store-surreal-adapter -p eliot-store-memory -p eliot-governor -p eliot-kernel -p eliotd` exits 0 and `cargo run -p eliot-store-api --example emit_operation_manifest` lists 50 entries including `ApplyHumanAttentionEvaluation` and `GetHumanAttentionEvaluation`, and `git grep -n ""project_attention_evaluation_row"" origin/main` then returns a non-`lib.rs` production caller in `bins/eliotd/src/lib.rs`, so an authorized operator create/correct/invalidate demonstrably reaches a committed canonical row instead of stopping at a DTO."	8fb0a426f78e1d7ab9cd5a054ef13c981ef6e670	"[""3811"",""3812""]"	CLAIM_AFTER_PREFLIGHT
175	3	1806	READY		"Make the owner-issued `(workspace, checkout, BuildClass)` binding the load-bearing identity of every output-producing root: (1) inside the existing `crates/instrument/eliot-testd-core/src/target_layout.rs::verify_envelope_layout_binding` (L419-467) refuse with `TestdError::InvalidBinding` unless `BuildClass::parse(&envelope.fingerprint.build_class) == Some(layout.build_class)` — the class is read nowhere in that function today, so it is a label over a `BuildMode`-chosen root — and add the negative test without calling `derive_layout_path` or touching `work_envelope.rs`; (2) in `crates/instrument/eliot-instrument-api/src/lib.rs` add a closed `BuildClass::for_admitted_stage_identity(&str) -> Option<BuildClass>` keyed by the exact `profile.rs::builtin_specs` identities (`CARGO_CONTRACT_NAME -> Interactive`, `RUSTC_INSTRUMENT -> Clippy`, `NEXTEST_INSTRUMENT -> Nextest`, `RUSTFMT_INSTRUMENT -> None` as declared non-output) returning `None` for every other admitted identity, and rewire `profile.rs:2609`/`:2620` (`AdmittedStage::build_class`, `ResolvedStage::build_class`) onto it so the registered `dotnet` process at `registry.rs::dotnet_entry` (`:1669`, `kinds: vec![Build, Test]`, `ExecutableIdentity::process(DOTNET_EXECUTABLE, ...)`) resolves to no class and is refused instead of merging into the Rust `interactive` class; (3) in `profile.rs::builtin_specs` refuse any `verification_command`/`argument_template` token equal to or prefixed by `--target-dir`, `--target-dir=`, `CARGO_TARGET_DIR=`, `CARGO_BUILD_TARGET_DIR=`, `--out-dir`, `-o` or `@`, mirroring the refusal `crates/instrument/eliot-instrument-rustc/src/lib.rs::RustcCommand::new` already owns at `:76-84`; (4) in `crates/instrument/eliot-instrument-runner/src/bin/eliot-profile-resolver.rs` resolve the governed build root through the installation-mapping owner `dispatch_launch.rs:1438-1442` uses, derive workspace/checkout components through `TargetLayoutBinding::derive_workspace_component`/`derive_checkout_component`, select the class by (2), build the `TargetLayoutBinding` and extend `isolated_projection` (`:1817-1828`) with `CARGO_TARGET_DIR`/`CARGO_HOME` bound to the derived class root (the existing D0 `cache_root == target_root` relation) so `seal_stage_request` (`:1724-1758`) stops letting `cargo` fall back to the repository `target/`, then carry the binding on `StageRoute` (`:1614-1632`); (5) in `profile_run.rs` give `StageTargetLayout::sealed` (`:496-506`) the owner-issued `workspace_id`, `checkout_id`, `build_class`, `layout_revision` and `TargetLayoutBinding::digest()` instead of the hardcoded `None` pair, add the retained binding to `StagePlan` (which `launch_all`/`launch_one` already receive), and make `StageOrchestrator::launch_one` (`:1241-1269`) return `InstrumentRun::missing(route, ""external stage has no owner-issued target layout"")` for any `route.external()` stage arriving without one; (6) in `crates/instrument/eliot-testd-core/src/lib.rs` add an explicit layout schema/version disposition to `TestJob` (`target_layout` at `:1402-1403`) and `TestdVerifierJobSubmission` (`:1904-1905`): refuse a current-schema output-producing submission with `target_layout: None` in `TestdVerifierJobSubmission::validate` (which today only does `if let Some(layout) = self.target_layout.as_ref() { layout.validate()?; }` at `:2194-2196`) and in `submit_productive_verifier` (`:4454-4484`, passing `submission.target_layout` straight through at `:4477`), and give a persisted pre-layout row an explicit quarantined non-executable disposition so it cannot reach `start_claimed_from_store` under bare `TargetRoots` authority via `verify_job_lane`'s `(None, None) => Ok(())` arm at `:5309`."	"[""crates/instrument/eliot-testd-core/src/target_layout.rs"", ""crates/instrument/eliot-testd-core/src/lib.rs"", ""crates/instrument/eliot-instrument-api/src/lib.rs"", ""crates/instrument/eliot-instrument-runner/src/profile.rs"", ""crates/instrument/eliot-instrument-runner/src/profile_run.rs"", ""crates/instrument/eliot-instrument-runner/src/bin/eliot-profile-resolver.rs"", ""crates/instrument/eliot-instrument-runner/src/bin/eliot-profile-resolver/provider_registry_physical.rs"", ""crates/instrument/eliot-instrument-runner/Cargo.toml"", ""Cargo.lock""]"	[]	`cargo test -p eliot-testd-core -p eliot-instrument-api -p eliot-instrument-runner` is green under `--locked` with six named proofs: `verify_envelope_layout_binding` refuses a layout whose `build_class` disagrees with `envelope.fingerprint.build_class`; two distinct `derive_checkout_component` values resolve to distinct external roots; `StageOrchestrator::launch_one` refuses an `external()` stage with no owner-issued layout; a stage receipt's `workspace_id`/`checkout_id`/`layout_digest` match the sealed binding and its `target_root_observed` (read back from the sealed request at `crates/instrument/eliot-instrument-runner/src/lib.rs:687-691`) is a path under `%LOCALAPPDATA%\Eliot\build` and not under the repository `target/`; `submit_productive_verifier`/`start_claimed_from_store` refuse a current-schema submission with `target_layout: None` while a pre-layout persisted row is refused non-executably; and an unmapped admitted identity (the registered `dotnet` process) resolves to no class and is refused.	8fb0a426f78e1d7ab9cd5a054ef13c981ef6e670	[]	CLAIM_AFTER_PREFLIGHT
176	3	1857	READY		1 release member: one code-owned bundle-relative path constant plus exact bytes and content digest for the manifest emitted before installation admission, because docs name no filename (verified silence below) ;; 2 transaction binding: add the accepted path+content digest to CandidateManifest as an additive two-state Pending/Provisioned binding on the SupervisionAuthorityBinding precedent and bump INSTALLATION_TRANSACTION_WIRE_VERSION from ContractVersion::new(26,0,0), never serde-defaulted, and note redb_state::decode turns the bump into MigrationRequired for any stored fixture carrying the old wire ;; 3 carry it through InstallationTransaction and ApprovedGeneration and confirm ActivationC	"[""bins/eliot/src/release_surface.rs"", ""bins/eliot/src/main.rs"", ""crates/kernel/eliot-installation/src/lib.rs"", ""crates/kernel/eliot-installation/src/transaction.rs"", ""crates/kernel/eliot-installation/src/approved_generation_registry.rs"", ""crates/kernel/eliot-installation/src/package_planner.rs"", ""crates/kernel/eliot-installation/src/redb_state.rs"", ""crates/instrument/eliot-reports/src/product_proof.rs"", ""crates/governor/eliot-finish/src/product_proof.rs"", ""crates/foundation/eliot-bootstrap/src/lib.rs""]"	[]	The accepted ReleaseSurfaceManifest is a package/release member whose path and content digest are retained by the installation transaction, candidate manifest, approved-generation registry and activation receipt, installation apply refuses a missing or substituted manifest before activation, and eliot doctor release-surface resolves and verifies that manifest through the installation owner for the active generation without ever rewriting its bytes.	8fb0a426f78e1d7ab9cd5a054ef13c981ef6e670	[2956,5021]	CLAIM_AFTER_PREFLIGHT
177	3	1872	READY		bounded items; see cards/1872.md	"[""bins/eliot-kernel/src/lib.rs""]"	[]	Both production KernelStoreGateway::new sites are admitted by the same durable canonical_store_route_owner and KernelComposition::rebind_store refuses a non-owner generation before constructing anything.	8fb0a426f78e1d7ab9cd5a054ef13c981ef6e670	[]	CLAIM_AFTER_PREFLIGHT
178	4	1693	READY		3 items: fix the adoption guard key so a cross-generation unsettled prior job is actually refused - GovernorComposition::adopt_maintenance_admission gates its custody arm on prior.family == prepared.family && prior.scope_ref == prepared.scope_ref && !settled, and maintenance_trigger_evaluator.rs::scope_ref_for embeds the resource generation inside the scope key, so an older generation's job never matches and a new MaintenanceJob is admitted while the older job's effects are unsettled and its resource custody unreleased; wire composition.rs::GovernorComposition::prepare_maintenance_admission and ::adopt_maintenance_admission into the live trigger path (both have zero callers tree-wide) with the caller doing owner I/O outside the composition borrow and the existing fence and revision rechecks on adoption; keep maintenance_family_catalog.rs::MaintenanceRoute::admits_start requiring both an implemented family route and the current resolved capability, so emptying the shared DURABLE_JOB_ADMISSION_BLOCKERS cannot make a MaintenanceRoute::Blocked family look startable. Do not add a second family enum, do not re-count prose to replace the single exhaustive catalog macro, and do not un-block MaintenanceJobWire by loosening the Dreamer refusal.	"[""crates/governor/eliot-governor/src/composition.rs"", ""bins/eliotd/src/maintenance_trigger_evaluator.rs"", ""bins/eliotd/src/maintenance_family_catalog.rs""]"	[]	The fifteen-family catalog stays enumerable and compiles against the single macro; an unsettled older-generation job for the same family and scope is refused by adopt_maintenance_admission under both admissible caller behaviours (load by prepared identity, and pass the older job explicitly); a MaintenanceRoute::Blocked family still reports admits_start=false after the shared blocker list is emptied; no file outside the three listed is modified.	8fb0a426f78e1d7ab9cd5a054ef13c981ef6e670	[]	CLAIM_AFTER_PREFLIGHT
179	4	1699	READY		3 items: wire one real runtime caller of DaemonComposition::agent_fabric_prepare_swarm_definition_admission - the daemon-side chain exists (agent_fabric.rs::prepare_swarm_definition_admission_candidate -> AgentCoordinator::prepare_swarm_definition_admission -> compile_swarm_definition_admission, with the proposal/maps lineage check against maps.admission_plan_lineage() already closing the StaleLineage gap) but the composition entrypoint and its admit/begin/launch siblings have only their own pub fn definitions and zero call sites, so no valid swarm definition reaches coordinator-managed admission preparation at runtime; repair crates/agent/eliot-swarm/tests/disposition.rs::no_production_binary_selects_the_crate, which asserts that no bins/*/Cargo.toml selects eliot-swarm while bins/eliotd/Cargo.toml declares it, so the assertion contradicts live state and would fail - retarget it to what it protects without weakening the gate; record the four injected ports (AgentRouteProvider, ReceiptVerificationPort, durable_work::DurableWorkStore, durable_work::WorkExecutor), which exist only as test fakes and eliot-swarm's own provider structs, as ContractChallenge residuals. Do not fabricate a Task Controller, a scheduler, a task store, an attempt journal or a write authority, do not flip a Missing port to Bound, and do not re-count the catalog.	"[""bins/eliotd/src/daemon_runtime.rs"", ""crates/agent/eliot-swarm/tests/disposition.rs""]"	[]	A non-test call site reaches DaemonComposition::agent_fabric_prepare_swarm_definition_admission from the live daemon path and SwarmDefinitionAdmissionPrep is produced at runtime; the disposition assertion no longer contradicts bins/eliotd/Cargo.toml and still fails when the crate is selected without an owner admission; no swarm-owned durable write and no independent scheduler appear in the diff.	8fb0a426f78e1d7ab9cd5a054ef13c981ef6e670	[]	CLAIM_AFTER_PREFLIGHT
180	4	1724	READY		PR #4495 IS CLOSED AND UNMERGED - a coordination conflict, not absorbable source. Do not merge it, do not cherry-pick it, do not re-open it; the overlap is recorded so a coordinate knows it exists, not so its work can be absorbed. PRESERVE, do not rewrite: the versioned identity triple, the single-resolution catalogue, the floor comparison in GoverningContextRequirements::authorize, the promotion/supersession records, the three-record join, and the ordering_revision comparison in require_executable - the earlier W4 refutation is stale on main. THE DEFECT: no production path constructs a ContextEconomyReceipt or an ActiveUnderstandingView under the canonical recipe; the only live route compiles a CampaignLearningStateView under a DIFFERENT recipe and returns only a recipe digest. THE CONCRETE THING TO RECONCILE IS THOSE TWO RECIPE REPRESENTATIONS. (a) In bins/eliotd/src/campaign_packet.rs the live route builds a CampaignLearningStateView against the learning-contracts LearningStateViewRecipe; in crates/smart/eliot-context-contracts/src/view.rs the canonical ActiveUnderstandingView is the other shape. Record in the commit message, naming both path::symbol values, which representation the live route uses, what each is authoritative for, and which the admitted packet must be bound to. Do not pick a winner silently and do not merge the two types into one. (b) In crates/smart/eliot-context-admission/src/lib.rs, ContextEconomyReceipt::policy_sha256 is currently a CLONE of the instance's own value taken from input.recipe.decision and is never independently resolved - resolve it from the approved policy revision owner instead. If no such owner exists on main, that absence is a ContractChallenge naming path::symbol; do not invent a policy owner, a revision or a digest source, and do not relax the existing digest validation. (c) bins/eliotd/src/kernel_context_read_client.rs::KernelContextReadClient::compile_context_packet is the canonical compile entrypoint and has no caller; either give it its real caller or name in the commit message the entrypoint the live route actually reaches - do not add a caller here to make the number look right. DO NOT rewrite, rename or re-version ContextRecipe, ContextEconomyReceipt, ActiveUnderstandingView, EconomyAllocations or the contracts crate re-export list - all are serde-boundary pinned. Any genuinely required new field must be additive, versioned under the explicit-migration rule, and justified in the commit message. DO NOT add a second recipe, catalogue or digest domain, do not treat the floor comparison or the ordering check as defects, do not touch headroom.rs or Cargo.lock (that is #1725's and #4495's territory), and do not fabricate a policy digest. PARKED AFTER OSP1 - scheduling note only; both the unreached production path and the cloned digest are live defects on main at this SHA. DEFER: an owner-issued policy_sha256 resolution with no owner is a named open challenge, not an invention; the whole-unit allocation algorithm is #1725's; #1728's selection-chain wiring and #1729's coherence records are consumers, not prerequisites to close. Runtime execution proof is TEST-PHASE.	"[""crates/smart/eliot-context-admission/src/lib.rs"", ""bins/eliotd/src/kernel_context_read_client.rs"", ""bins/eliotd/src/campaign_packet.rs"", ""crates/smart/eliot-context-contracts/src/economy.rs""]"	[1728, 1729]	the commit message names, by path::symbol, both recipe representations the live route uses and which one the admitted packet is bound to, with no silent winner and no merged type; ContextEconomyReceipt::policy_sha256 is resolved from its approved policy revision owner rather than cloned from input.recipe.decision and still passes the receipt's own digest validation; if no such owner exists the diff contains a ContractChallenge naming path::symbol and no fabricated digest; compile_context_packet either gains its real caller or the commit names the entrypoint the live route reaches; the pinned identity triple, single-resolution catalogue, floor comparison, promotion/supersession records, three-record join and ordering_revision check are unchanged; no field, serde attribute, type name or digest domain moved in the contracts crate; recipe.rs and headroom.rs are untouched; git diff --stat names exactly four files; PR #4495 stays closed and unmerged and no chunk of it is cherry-picked	8fb0a426f78e1d7ab9cd5a054ef13c981ef6e670	[4495]	CLAIM_AFTER_PREFLIGHT
181	4	1744	READY		I7.6 generation rule is satisfied and PRESERVE: the eight descriptors are genuinely generated from the shared serde/schemars types and the real publisher is fed from them - do not re-shape schema.rs, semantic_profile.rs or the manifest. Three defects remain. (1) crates/surfaces/eliot-mcp/src/core.rs::reject_descriptor_version_skew compares CANONICAL_DEFINITION_VERSION against copies of itself - schema.rs::descriptor assigns definition_version from the literal and semantic_profile.rs holds the same literal at owner.method.definition_version - so the predicate is structurally unfalsifiable, and the real TOOL_SURFACE_CONTRACT_VERSION in crates/foundation/eliot-receipts/src/surface.rs is never joined by this path; bind the dispatched descriptor digest and TOOL_SURFACE_CONTRACT_VERSION through the existing admit_dispatch_surface binding, which already validates surface_revision equality, keeping the definition label as a second independent input rather than the sole predicate. (2) schema_sha256 and eliot/definitionVersion are WRITE-ONLY: git grep schema_sha256 origin/main -- crates bins yields the write at crates/surfaces/eliot-mcp/src/schema.rs::descriptor, the projection at core.rs::render_tool_list_surface and exactly one test, whose assertion compares digest LENGTHS (pair[0].schema_sha256.len() == pair[1].schema_sha256.len()), while eliot/definitionVersion has three hits that are all writes and zero reads; give each a non-test read in the production dispatch chain. (3) crates/eliot-app/src/mcp_stdio/dispatch.rs serves tools/list itself from a hand-maintained catalogue whose eliot.observe entry is derived from eliot_types::ObserveInput (crates/eliot-types/src/mcp_contract.rs) - a different wire contract from the canonical five-suboperation enum eliot_mcp::contract::ObserveInput (crates/surfaces/eliot-mcp/src/contract.rs, itself frozen against the exact five kinds per bins/eliotd/src/task_binding_admission.rs) - so unify the advertisement or withdraw it and record which owner supplies it. Substitution must be deliberate: the live dispatch_observe handler in crates/eliot-app/src/mcp_stdio/verification.rs decodes eliot_types::ObserveInput and enforces OBSERVE_INPUT_SCHEMA_VERSION. Generation is at RUNTIME with no committed artifact and no build.rs, so the check must target the binding predicate, not a byte-identical file; do not add a generator or an artifact where none exists, do not change TOOL_SURFACE_CONTRACT_VERSION or any surface.rs value to make a check pass, and do not re-implement the FinishAttemptDraft / ObserveInput reconciliation in a bridge. Do not duplicate #1745 admitted-subset work - surface_decision.rs is READ ONLY here and that half waits on #1745.	"[""crates/surfaces/eliot-mcp/src/core.rs"", ""crates/surfaces/eliot-mcp/src/semantic_profile.rs"", ""crates/surfaces/eliot-mcp/src/schema.rs"", ""crates/eliot-app/src/mcp_stdio/dispatch.rs""]"	[1745]	reject_descriptor_version_skew compares at least one value that can differ - the dispatched descriptor digest and TOOL_SURFACE_CONTRACT_VERSION - so a changed canonical input type moves the advertised identity and a stale cached descriptor is detectable; eliot/schemaSha256 and eliot/definitionVersion each gain at least one non-test read in the production dispatch chain; crates/eliot-app/src/mcp_stdio/dispatch.rs advertises eliot.observe under one wire contract, recorded in the diff; crates/foundation/eliot-receipts/ and crates/surfaces/eliot-mcp/src/surface_decision.rs stay byte-identical to b7e9e334569639a6290baeacf82bf44941def506; the byte-parity and stale-descriptor acceptance proof plus the FinishAttemptDraft / ObserveInput unification review are deferred to product assembly; the diff touches exactly the four listed files.	8fb0a426f78e1d7ab9cd5a054ef13c981ef6e670	[3804]	CLAIM_AFTER_PREFLIGHT
182	4	1807	READY		bounded items; see cards/1807.md	"[""crates/kernel/eliot-ipc/src/lib.rs"", ""bins/eliot-kernel/src/front_door_session.rs"", ""bins/eliot-kernel/src/front_door_driver.rs"", ""bins/eliot-kernel/src/host_request_route.rs"", ""bins/eliot-kernel/src/host_request_route/daemon_claim_queue.rs"", ""bins/eliot-kernel/src/kernel_audit.rs"", ""bins/eliotd/src/daemon_kernel_client.rs""]"	[]	A same-launch reconnect is issued a new Kernel session generation, the prior attempt is fenced before any replacement claim is minted, and read/submit of the old attempt returns the existing typed stale/reconcile disposition across all five claim families.	8fb0a426f78e1d7ab9cd5a054ef13c981ef6e670	[]	CLAIM_AFTER_PREFLIGHT
183	4	1810	READY		1 ;; In HostCredentialControlCore::provision_or_reconcile create the second CSPRNG value under provision.provider_bootstrap_target with the same marker/ownership key/Host epoch, write it with the existing write_if_absent + authoritative readback beside provision.target, and refuse (Unknown, never Active) any half-written pair ;; 2 ;; In HostCredentialControlCore::inspect observe absence of BOTH references and carry the bootstrap reference in StoreCredentialAbsentSnapshot (credential_absent_response_digest :1406 already digests the whole snapshot, so no signature change is needed there) ;; 3 ;; In HostCredentialControlCore::delete / ::delete_credential_with_readback delete and verify both tar	"[""crates/kernel/eliot-installation/src/credential_provision.rs"", ""bins/eliot-host/src/credential_control.rs"", ""crates/kernel/eliot-installation/src/lib.rs"", ""crates/kernel/eliot-installation/src/tests.rs"", ""crates/kernel/eliot-installation/src/tests/rollback_recovery.rs""]"	[]	One credential-pair write path in the existing Host owner makes bins/eliot-store-surreal's already-implemented provider bootstrap reference resolvable on a real installation, and the five-file diff touches nothing else.	8fb0a426f78e1d7ab9cd5a054ef13c981ef6e670	[]	CLAIM_AFTER_PREFLIGHT
184	4	1818	READY		1 ;; register INTEGRATION_CANDIDATE_CREATE_NAME as an admitted daemon arm plus INTEGRATION_CANDIDATE_READ_NAME (also through trusted_daemon_operation, daemon_request_dispatch.rs:641) so create_integration_candidate has a production caller for every mutating swarm result before any integration work, with caller read-back so a retried request_id is refused as IntegrationCandidateError::Duplicate ;; 2 ;; register INTEGRATION_OWNER_ADVANCE_NAME (and INTEGRATION_OWNER_STATE_READ_NAME) as an admitted daemon arm so serve_integration_owner_request -> advance_integration_owner -> acquire_integration_lease and -> project_integration_pressure are reached; persist the Integrating record and lease on gra	"[""bins/eliot-kernel/src/integration_candidate.rs"", ""bins/eliot-kernel/src/integration_lease.rs"", ""bins/eliot-kernel/src/integration_owner.rs"", ""bins/eliot-kernel/src/integration_bridge.rs"", ""bins/eliot-kernel/src/daemon_request_dispatch.rs"", ""bins/eliot-kernel/src/frame_dispatch.rs"", ""bins/eliot-kernel/src/lib.rs"", ""crates/storage/eliot-store-api/src/lib.rs"", ""crates/storage/eliot-store-api/src/operation_catalogue.rs"", ""crates/storage/eliot-store-api/src/operation_parameters.rs"", ""crates/storage/eliot-store-api/src/write_admission.rs"", ""crates/storage/eliot-store-surreal-adapter/src/apply.rs"", ""crates/storage/eliot-store-surreal-adapter/src/apply/atomic_write.rs"", ""crates/storage/eliot-store-surreal-adapter/src/apply/read_boundary.rs""]"	[]	One A1 acceptance test and one git grep prove every mutating swarm result is created, leased once per target, applied only through the reachable governed bridge, receipted and durably persisted, with no second integration owner.	8fb0a426f78e1d7ab9cd5a054ef13c981ef6e670	[3811,3812]	CLAIM_AFTER_PREFLIGHT
185	4	1863	READY		bounded items; see cards/1863.md	"[""crates/governor/eliot-governor/src/learning_closure.rs"", ""crates/governor/eliot-governor/src/learning_delta_integration.rs"", ""bins/eliotd/src/lib.rs"", ""bins/eliotd/src/testd_terminal_completion.rs"", ""bins/eliotd/src/improvement_intake_dispatch.rs"", ""crates/governor/eliot-governor/tests/learning_closure_1863.rs""]"	[]	A real verifier Fail followed by a materially related retry on the live TestD terminal path commits a derived delta whose lineage the retry carries with its equivalence verdict and an allowed unchanged-retry reason, and an unadmitted proposed behavioural change is refused at the intake boundary.	8fb0a426f78e1d7ab9cd5a054ef13c981ef6e670	[]	CLAIM_AFTER_PREFLIGHT
186	4	1880	READY		1) delete the --http-credential, --http-credential= and --http-credential-ttl arms from cli_contract::parse_args and refuse any remaining credential-bearing --http-* argument with a typed CliError code instead of ignoring it, so no bearer value can enter argv, an error detail, a crash command string or a reusable environment snapshot ;; 2) add one local credential owner/setup seam in transport_profile.rs that mints only after admit_loop_bind succeeded AND main.rs::run_loopback_http_bridge's TcpListener::bind(profile.bind_addr()) returned, from the existing OS CSPRNG via the already-public WindowsInstallerSecretProvider::generate_secret (secret_store.rs:220, re-exported lib.rs:280-282 - no ne	"[""bins/eliot-agent-bridge/src/cli_contract.rs"", ""bins/eliot-agent-bridge/src/transport_profile.rs"", ""bins/eliot-agent-bridge/src/main.rs"", ""bins/eliot-agent-bridge/src/lib.rs""]"	[]	Issue #1880's W1/A1 credential gap is closed in source - no argv bearer, one owner-issued CSPRNG credential bound to the live attach and a per-bind listener incarnation, validation from observed carrier facts, revocation on session replacement - with the in-crate proofs green and stdio still the only default route, leaving only the live bridge-termination evidence deferred to post-assembly.	8fb0a426f78e1d7ab9cd5a054ef13c981ef6e670	[]	CLAIM_AFTER_PREFLIGHT
187	5	1725	READY		PR #4495 IS OBSOLETE AS A WHOLE - do not merge it, do not cherry-pick it, do not re-open it, do not port it. Everything it proposed is already on main by a stronger route: PRs #4568 and #4822. The headroom module on main is byte-identical to PR #4495's, admit_context_composed runs both gates before ONE selector, and recheck_headroom_handoff plus the live PacketHeadroomJoin exist. Re-applying it would add a second divergent wire builder. That is a coordination record, not a work item. THE RESIDUAL IS THE WHOLE-UNIT ALLOCATION ALGORITHM that the recipe module itself attributes to this issue: ContextSectionBudget::validate_admitted_section has ZERO non-definition call sites - grep over crates and bins returns only its own definition, two doc references inside the same file, and the serde-boundary data row. The whole unit's admission is validated by a function the product never runs. (a) Give validate_admitted_section its real caller at the point the admitted set is actually admitted, in crates/smart/eliot-context-admission/src/lib.rs, so a whole unit exceeding its approved floor is refused on admitted content rather than only at definition time. (b) Implement the whole-unit allocation in crates/smart/eliot-context-assembly/src/assemble.rs beside the assembly it already measures, raising the whole-unit floors and distributing the delivered byte budget across the unit's admitted sections from what the compilation actually measured; keep every existing refusal and validator byte-identical where it is not the target. (c) Bind it to bins/eliotd/src/kernel_context_read_client.rs::KernelContextReadClient::compile_context_packet, which produces exactly the inputs a whole-unit allocation needs - the recipe, the admitted set, the rendered atoms and the serialized measurement. #1724 records that compile_context_packet itself currently has no caller; if that still holds on this SHA, say so in the commit message and attach the allocation to the entrypoint the live route actually reaches rather than adding a caller here to make the wiring look complete. (d) PROOF OF VALUE: raising the whole-unit floors currently moves only policy_sha256, not a delivered byte. The acceptance test must be one where the floor constrains an ACTUAL admitted section - a real delivered-byte reduction or an honest refusal. If it only moves policy_sha256 the work is not done; report that honestly. DO NOT touch the headroom module - it IS the merged result of the obsolete PR and rewriting it diverges from PRs #4568/#4822. DO NOT change ContextSectionBudget or ProtectedReservePolicy fields, types or serde attributes - they are pinned in the shipped serde-boundary data row. DO NOT change validate_admitted_section's existing rules; add the caller, do not weaken or re-derive the check. DO NOT add a second budget, allocation ledger, headroom type or digest domain; extend the existing economy owners. DO NOT move the floor comparison out of the authorizing floor check - that is PRESERVE and correct. DO NOT invent an intensity, capacity or allocation number no owner issued. PARKED AFTER OSP1 - scheduling note only; the zero-caller validator is live on main at this SHA. DEFER: compile_context_packet's own missing caller is #1724's recorded defect, named there and not fixed here; the cloned policy_sha256 is #1724's; #1728's selection-chain wiring and #1729's coherence records are consumers, not prerequisites. Runtime execution proof is TEST-PHASE.	"[""crates/smart/eliot-context-admission/src/lib.rs"", ""crates/smart/eliot-context-assembly/src/assemble.rs"", ""bins/eliotd/src/kernel_context_read_client.rs""]"	[1724]	validate_admitted_section has a non-test call site in the admission owner and a whole unit that exceeds its approved floor is refused on admitted content; the whole-unit allocation runs inside the real compilation and binds to the recipe, admitted set and serialized measurement that compilation already holds; a test exists in which raising the whole-unit floors produces a real delivered-byte reduction or an honest refusal, not merely a moved policy_sha256; the headroom module, the authorizing floor comparison, the promotion/supersession records and every pinned serde boundary are byte-identical to main; no second budget, headroom type or digest domain exists; git diff --stat names exactly three files; PR #4495 stays closed and unmerged and none of it is cherry-picked, re-opened or re-applied	8fb0a426f78e1d7ab9cd5a054ef13c981ef6e670	[4495]	CLAIM_AFTER_PREFLIGHT
188	5	1731	READY		3 edges, all inside this issue's own files, no new mechanism: (1) one production call site for bins/eliotd/src/negative_memory_action_gate.rs::commit_gated_action from daemon_runtime.rs, where a live GovernorComposition, DaemonKernelClient, RequestIdentity and QualityScorecard already exist - the function's own '## Reachability' doc names the gap verbatim and git grep returns 4 hits of which none is a call; (2) one producer assembling ::NegativeMemoryPendingAction, whose 25 owner-issued fields (operation/attempt identity, contract/task/scope/environment identities and revisions, resources, predicate_dimensions, StateFence, resource_generation) each come from a real dispatch value, never a literal or default - git grep 'NegativeMemoryPendingAction {' origin/main returns only the struct definition; (3) one production caller of crates/governor/eliot-governor/src/negative_memory_activation.rs::commit_negative_memory_activation so an ActivationReceipt row exists for the gate's bounded named read - it has zero call sites outside its own definition and the crate re-export. Sequence (3) before (1). PRESERVE byte-for-byte: crates/smart/eliot-dreamer-failure/src/negative_memory_match.rs (typed equality only; IdentityRelation::ExactIdentity is the sole satisfiable variant; Incomplete is a distinct value from NoMatch), ::validate_negative_memory_activation, ::negative_memory_activation_mutation_request, ::NegativeMemoryActivationDocument, ::GovernorComposition::commit_canonical_gated_by_negative_memory, and the legacy FailureFingerprint vocabulary in crates/eliot-types/src/memory.rs. NOT VERIFIED and to be stated not asserted: which governed task/action entrypoint is the lawful call site - the issue says to trace it rather than assume one, so name it in the commit message. NOT this card's write set: the extinction/revision narrowing path (no admitted owner; registered as OPEN challenge CC-W9-MEMORY-REVISION in crates/smart/cognitive-contract-challenges.toml) and the Context-projection half, which reads the same ResolvedNegativeMemoryRuleSet and therefore shares the one missing production edge rather than being a second blocker.	"[""bins/eliotd/src/negative_memory_action_gate.rs"", ""bins/eliotd/src/lib.rs"", ""bins/eliotd/src/daemon_runtime.rs""]"	[]	git grep -n commit_gated_action shows a call rather than a definition; a non-test call site in daemon_runtime.rs reaches commit_gated_action; a producer assembles every NegativeMemoryPendingAction field from live owner values with no literal or default; commit_negative_memory_activation has at least one non-test caller so an ActivationReceipt row exists for the gate's bounded named read; an exact admitted match in scope refuses or demands the named admitted probe while a same-text near match in a different resource/environment only warns; no Unavailable/incomplete predicate is degraded to Proceed; crates/governor/eliot-governor/, crates/smart/eliot-dreamer-failure/ and crates/eliot-types/ are byte-identical to b7e9e334569639a6290baeacf82bf44941def506; the diff touches exactly the three listed files.	8fb0a426f78e1d7ab9cd5a054ef13c981ef6e670	[2369]	CLAIM_AFTER_PREFLIGHT
189	5	1750	READY		Everything except the supervision EVIDENCE is correct and PRESERVE: independent SCM registration, Host SCM lifecycle request with no Job or kill handle (HostJobBranches is exactly two-child kernel/store, and the two exhaustive constructors admit no Watchdog identity), the ACL-restricted challenge-bound heartbeat rendezvous bound to the exact SCM PID/start pair with signed consecutive beats, the signed lease join and the fail-closed Material/Critical gate. One defect remains, confirmed verbatim on main. bins/eliot-kernel/src/startup_coordinator.rs::StartupCoordinator::record_live_supervision_evidence marks I1.11 step 11 and advances supervision_progress_frontier with saturating_add(1), but its only caller bins/eliot-kernel/src/lib.rs::KernelComposition::record_host_observed_supervision_evidence is fed by the process-only carrier: crates/kernel/eliot-kernel-service/src/protocol.rs::HostStartupEvidence is deny_unknown_fields and carries only candidate_digest, state_fence, host_record_checksum, artifact_registry_digest, scm_watchdog_observation_digest, blob_manifest_digest and evidence_refs - no heartbeat sequence, receive time, challenge-bound receipt or coverage disposition - and bins/eliot-kernel/src/host_request_route.rs contains no heartbeat reference at all. The Host readiness contour therefore runs reobserve_watchdog_supervision_evidence then probe_kernel_readiness (Kernel marks step 11) BEFORE observe_watchdog_heartbeat_for_admission, the only place requiring two signed consecutive beats and HostHeartbeatCoverage::Continuous, so a Running Watchdog with a wedged responder still yields a current authority-bearing observation. Bind step 11 to the admitted heartbeat proof HostObservedWatchdogHeartbeat already carries (watchdog_readiness_sequence, handshake_count, host_boot_id, host_receive_monotonic_ms, host_receive_wall_ms, service_instance_guid, pipe_name, watchdog_incarnation_pid, watchdog_incarnation_start_100ns, kernel_epoch, watchdog_epoch, coverage) together with the consumer State Fence, validated in the same ReportHostStartupEvidence validate; derive supervision_progress_frontier from owner-observed Watchdog progress rather than incrementing a Kernel-local counter so re-reading the same live PID creates neither progress nor refreshed responsiveness; an exact heartbeat replay preserves the same observation without advancing it; reorder Host to verify SCM incarnation, obtain the fresh admitted heartbeat, report the combined evidence, and only then allow ProbeReady (a two-stage protocol is acceptable only if stage one cannot mark step 11 or authorise supervised work); and revoke or contradict the matching Kernel observation when a Host heartbeat admission fails, before returning the degraded Host result - git grep revoke_supervision_evidence returns exactly one call site, gated on Activate or ReconcileActivation in bins/eliot-kernel/src/control_plane.rs, so a heartbeat failure never withdraws the claim today, and a revocation failure must leave admit_material_authority_for_fence fenced or unknown rather than current, with that gate consuming the heartbeat-bound observation or a Kernel-owned digest derived from it. Per I1.5 a renewal is a new revision carrying fresh evidence, never inferred from an alive PID. Do not add a second validity bound - SUPERVISION_LEASE_RENEWAL_POLICY.max_observation_age_ms is the single timing owner and its comment forbids a parallel bound. Do not roll back the contiguous I1.11 cursor. Do not wire the still-undecided launch_eliotd_inner supervision gate recorded as open by the 2026-09-25 root review - gating the daemon process is a new authority decision. SEQUENCING: recorded a parked:after-osp1-era disposition, but the 2026-09-25 triage classified the queue P2 D0/D1 (not blocking the first OSP1 run) and the 2026-09-30 comment narrows the code work to this one defect; the no-Job invariant is a structural property of the type shape plus the absence of a Watchdog identity at the two construction sites, not a runtime gate, so a third branch would be caught by a structure diff on HostJobBranches and its two exhaustive constructors rather than by a failing test - record that residual, do not add an enumerating helper with no production consumer.	"[""bins/eliot-kernel/src/startup_coordinator.rs"", ""bins/eliot-kernel/src/control_plane.rs"", ""bins/eliot-kernel/src/lib.rs"", ""bins/eliot-host/src/lib.rs"", ""crates/kernel/eliot-kernel-service/src/protocol.rs""]"	[]	No step-11 observation can be recorded from the process-only HostStartupEvidence carrier alone, so git grep record_live_supervision_evidence shows its production inputs arriving with an admitted heartbeat proof; supervision_progress_frontier is derived from owner-observed Watchdog progress so re-reading the same live PID creates no progress and no responsiveness refresh, and an exact heartbeat replay preserves the observation without advancing it; a heartbeat failure observed by Host revokes or contradicts the matching Kernel observation before the degraded result returns, and a failed revocation leaves admit_material_authority_for_fence fenced or unknown rather than current; that gate consumes the heartbeat-bound observation or a Kernel-owned digest derived from it; bins/eliot-host/src/host_startup_evidence.rs, bins/eliot-host/src/watchdog_heartbeat.rs, bins/eliot-kernel/src/frame_dispatch.rs and SUPERVISION_LEASE_RENEWAL_POLICY are byte-identical to b7e9e334569639a6290baeacf82bf44941def506; the live clean-Windows SCM and crash matrix plus the #11 evidence line are deferred to product assembly; the diff touches exactly the five listed files.	8fb0a426f78e1d7ab9cd5a054ef13c981ef6e670	[]	CLAIM_AFTER_PREFLIGHT
190	5	1820	READY		bounded items; see cards/1820.md	"[""bins/eliot-kernel/src/coordination_mailbox.rs"", ""bins/eliot-kernel/src/daemon_request_dispatch.rs"", ""crates/storage/eliot-store-api/src/lib.rs"", ""crates/storage/eliot-store-api/src/mailbox.rs"", ""crates/storage/eliot-store-api/src/operation_catalogue.rs"", ""crates/storage/eliot-store-api/src/operation_parameters.rs"", ""crates/storage/eliot-store-surreal-adapter/src/surreal_mailbox.rs"", ""crates/storage/eliot-store-surreal-adapter/src/apply/atomic_write.rs""]"	[]	Every named mailbox leg besides admission has both a durable Store operation and a reachable Kernel production call edge, the kind and payload handle are persisted, the falsified module header is corrected, and the four named acceptance criteria pass as the smallest proofs.	8fb0a426f78e1d7ab9cd5a054ef13c981ef6e670	[3811,3812]	CLAIM_AFTER_PREFLIGHT
191	5	1881	READY		Host one per-connection `AdmissionQueue` in the real `eliot-ipc` transport owner (`NamedPipeServer`/`NamedPipeTransport`) armed from the `TransportLimits` that owner already receives on every `send_frame`/`receive_frame`, reserve after bounded decode + session validation but before dispatch/queue/worker execution, hold the `QueueReservation` to the terminal response / explicit rejection / cancel cleanup / retained unknown-outcome handoff and release exactly one token on every exit (a dropped task must not leak a permit); make the Kernel front-door read loop a bounded multiplex so control frames stay readable while ordinary capacity is saturated; make `admit_frame` take a codec-owned encoded result and compare the frame maximum against BODY length while charging the queue byte budget the full wire length (add the exactly-4-MiB-admitted and one-over-rejected pair); replace the conflated `inline_ceiling_for_kind` frame-kind table with a closed owner-derived response profile giving hot preview/handle responses a 64 KiB default, keeping 256 KiB as the absolute structured-MCP ceiling and the reserved lane bound as a lane property rather than borrowing the hot-response number; convert an over-64-KiB hot response into an immutable Blob/Resource handle plus bounded preview BEFORE the full inline body is serialized.	"[""crates/kernel/eliot-ipc/src/lib.rs"", ""crates/kernel/eliot-ipc/src/frame_codec.rs"", ""bins/eliot-kernel/src/front_door_driver.rs"", ""bins/eliot-agent-bridge/src/main.rs"", ""bins/eliot-kernel/src/tests.rs""]"	[]	"`cargo test -p eliot-kernel` passes a new real named-pipe proof in which, on one authenticated connection, ordinary item/byte permits are filled, the next ordinary request receives typed `TransportError::Backpressure` without reaching a handler, a `Cancel` and a heartbeat are read and executed from the reserved lane on the same connection, an ordinary request is admitted again after release, a 64 KiB hot response passes while 64 KiB+1 becomes a handle/typed size disposition, and an exactly-4-MiB body is admitted (with 4 MiB+1 rejected) — plus `cargo test -p eliot-ipc` still green on `WORK_UNIT_CASE: 1881/1` and `1881/2`, `cargo clippy --locked -p eliot-ipc -p eliot-agent-bridge -p eliot-kernel --all-targets -- -D warnings` clean, and `git grep -n ""AdmissionQueue"" origin/main -- '*.rs'` showing production callers outside `crates/kernel/eliot-ipc/src/lib.rs`'s `mod tests` and outside `crates/kernel/eliot-ipc/tests/unsafe_family_boundaries.rs`."	8fb0a426f78e1d7ab9cd5a054ef13c981ef6e670	[]	CLAIM_AFTER_PREFLIGHT
192	6	1734	READY		Wire the existing measurement producer layer at the real declared boundaries and fill the six hot_path_profile_ref slots; build no metric service. The #1733 prerequisite is ALREADY on main and PRESERVE: bins/eliot-kernel/hot-path.toml and bins/eliotd/hot-path.toml each declare six operations with explicit crate_closure lists and the Kernel runtime bind is production-wired via composition_bootstrap.rs::bind_hot_spine. The layer is unwired - re-verified searched negative: git grep over origin/main -- bins returns ZERO hits for correlate_operation, resolve_operation_evidence, HotPathStageSet, HotPathRecordSink, hot_path_clock and HotPathResourceCounters. (a) At enqueue, claim/eligible, service end and result retention/return emit a HotPathStageRecord with the exact HotPathJoinKey (request_id, attempt_id, stage, source_generation) and admit it via HotPathStageSet::admit; stage durations come from hot_path_clock() monotonic readings in one declared domain, in-service waits stay in service_wait_components rather than subtracted, refusals/timeouts/cancellations stay in the degradation denominator, and a replayed stored response is an is_replay observation not a second execution; (b) correlate the bounded stage set with correlate_operation and resolve readback with resolve_operation_evidence over HotPathRequiredStages::declared_for; (c) give eliotd a runtime binder - git grep over origin/main -- bins/eliotd returns zero hits for hot_path_manifest_path/admit_hot_path_manifest, so bins/eliotd/hot-path.toml has NO runtime loader and half the declared hot spine is admitted nowhere; read it through the existing hot_path_manifest_path/bind_hot_path_manifest_set owner against a real RunningBuildRegistration, exactly as bins/eliot-kernel/src/hot_path_runtime.rs::KernelHotSpine::bind already does. Then fill each hot_path_profile_ref with a profile_id/profile_revision a real produced HotPathProfile qualifies against; until then the honest state is {} and qualifies_manifest refusing with HotPathProfileError::ManifestProfileReferenceAbsent. The six declared entrypoints, transcribed from the manifests: daemon_runtime.rs::start_local_read_poll, governor_local_read.rs::forward_admitted_local_read, daemon_runtime.rs::submit_local_read_result_idempotent, host_request_route.rs::claim_local_read_pair, daemon_request_dispatch.rs::local_read_operation, host_request_route.rs::submit_local_read_result. NOT VERIFIED: the concrete content-addressed identity of a produced profile for a given operation, manifest revision and measured closure - the contract fixes the shape and qualifies_manifest fixes the checks, but nothing on main produces one. PR #4495 is OBSOLETE AS A WHOLE and must be dropped, not merged or rebased.	"[""bins/eliotd/src/daemon_runtime.rs"", ""bins/eliotd/src/governor_local_read.rs"", ""bins/eliot-kernel/src/host_request_route.rs"", ""bins/eliot-kernel/src/daemon_request_dispatch.rs"", ""bins/eliotd/hot-path.toml""]"	[]	git grep -n correlate_operation origin/main -- bins returns at least one production call site; a non-test call site in each of the four Rust files emits and admits HotPathStageRecord under the declared boundaries with real join keys; bins/eliotd binds its own hot-path.toml at runtime through hot_path_manifest_path/bind_hot_path_manifest_set; every filled hot_path_profile_ref names a profile_id/profile_revision pair a real produced profile qualifies against and unfilled ones stay honestly {}; sink loss raises HotPathRecordSink::missing_coverage and never changes a governed query result, receipt or cancellation behaviour; no global allocator replacement and no claim lease folded into service time; both hot-path.toml manifests are unchanged in operation identity, crate_closure, queue_id, bounds and the two unsupported_operations rows; crates/foundation/eliot-runtime-contracts/, crates/instrument/eliot-observability-runtime/, bins/eliot-kernel/hot-path.toml and scripts/audit-architecture-boundaries.py are byte-identical to b7e9e334569639a6290baeacf82bf44941def506; the diff touches exactly the five listed files.	8fb0a426f78e1d7ab9cd5a054ef13c981ef6e670	[4495]	CLAIM_AFTER_PREFLIGHT
193	6	1787	READY		1 attach-transport ingress supplying descriptor/authorizing_ref/sources/privacy/root to the existing WorkScope entries; 1 durable WorkScope quarantine write + readback + rehydrate behind push_scope_quarantine_record	"[""crates/governor/eliot-governor/src/composition.rs"", ""bins/eliotd/src/lib.rs"", ""bins/eliotd/src/task_binding_admission.rs"", ""crates/governor/eliot-governor/src/scope_identity_admission.rs"", ""crates/governor/eliot-governor/src/genesis_owner_packet.rs"", ""crates/governor/eliot-workscope/src/guard.rs""]"	[]	Every #1787 entry gains a non-test production caller; owners.work_scope is a real install value so the Quarantine branch is reachable; unresolved quarantine is rehydrated before memory reuse, Material effect or rebind; the in-process Vec is no longer treated as authority for rebind	8fb0a426f78e1d7ab9cd5a054ef13c981ef6e670	[]	CLAIM_AFTER_PREFLIGHT
194	6	1801	READY		bounded items; see cards/1807.md	"[""bins/eliot-host/src/runtime_restart_state.rs"", ""bins/eliot-host/src/lib.rs"", ""bins/eliot-host/src/host_composition_store_recovery.rs""]"	[]	A crash at any cut between attempt reservation and terminal outcome leaves exactly one admitted attempt per episode; direct RestartKernel/RecoverStore and the SCM reconcile path share one retained budget owner per failure scope; Host/SCM restart clears neither prepared nor exhausted state.	8fb0a426f78e1d7ab9cd5a054ef13c981ef6e670	[]	CLAIM_AFTER_PREFLIGHT
195	6	1878	READY		bounded items; see cards/1878.md	"[""bins/eliot-kernel/src/frame_dispatch.rs"", ""bins/eliot-kernel/src/lib.rs"", ""crates/kernel/eliot-ipc/src/lib.rs""]"	[]	A Quiesce to Checkpoint to DrainStatus to RestoreCheckpoint to Shutdown sequence over the live Kernel Frame gateway produces explicit ModuleControlEffect transitions instead of a fenced frame, a repeated Execute under one idempotency identity returns its prior disposition, and CancellationState reads back Expired for deadline expiry and Cancelled for explicit cancel.	8fb0a426f78e1d7ab9cd5a054ef13c981ef6e670	[4845]	CLAIM_AFTER_PREFLIGHT
196	7	1778	READY		"[""PRESERVE both intent owners: crates/governor/eliot-governor/src/operator_intent.rs::OperatorIntentCandidate (carrying plan: OperatorIntentPlan) and crates/governor/eliot-governor/src/operator_intent_execution.rs::OperatorIntentExecutionLink, plus bins/eliotd/src/dreamer_admission.rs::GovernorDreamerAdapter::submit_orientation (dreamer_admission.rs:188) and join_queued_execution (dreamer_admission.rs:343, calling OperatorIntentExecutionLink::join at :349). The candidate header already states it persists nothing and no caller is wired., Make: wire bins/eliotd/src/daemon_runtime.rs::attach_dreamer_intake (daemon_runtime.rs:1383) so the already-constructed DaemonComposition::dreamer_admission binding drives submit_orientation and join_queued_execution instead of only proving dreamer_route_context, and persist the admitted candidate plus plan through an existing durable owner so a restart shows the same public messages, exact source/result handles and terminal job state, with the effect held as PENDING APPROVAL and never direct chat., Evidence: git grep for submit_orientation outside its definition and doc returns only the test proof bins/eliot-dreamer/src/pipeline_e2e.rs:844::submit_orientation_stops_at_controller_gate; there is no durable persistence of the candidate or plan anywhere; and no SessionEpisode record exists - git grep returns only the maintenance family registration at crates/governor/eliot-maintenance/src/lib.rs:143 and bins/eliotd/src/maintenance_family_catalog.rs:918, whose own entry at maintenance_family_catalog.rs:1496 records that no cursor or retrieval maintenance owner exists anywhere in the workspace. No Ask-Watchdog record exists at all., SEQUENCING: parked(after-osp1) per the 2026-09-25 triage (P4/D3, I17.11 and I17.13) - owner scheduling disposition only; the unwired producer and the absent durable record are live on main regardless., Stated plainly rather than dressed up: there is no unguarded exposure path because NO exposure path exists - the client navigation has no Dreamer chat on main. Do not manufacture one in order to defend against it., Do not invent a state field, status vocabulary or session schema - no doc defines one and inventing one is an undesignated decision; stop and escalate instead. Do not create a second intake path, a second plan compiler or a second spool - reuse the Governor types and the existing bins/eliot-watchdog/src/watchdog_spool/intent.rs rows. Do not build the SessionEpisode cursor and retrieval maintenance owner: registering a maintenance family is not the same as building its owner, and this card does not authorise it.""]"	"[""bins/eliotd/src/dreamer_admission.rs"", ""bins/eliotd/src/daemon_runtime.rs"", ""bins/eliotd/src/maintenance_family_catalog.rs""]"	[]	git grep for submit_orientation outside tests shows a production caller reached from daemon_runtime.rs::attach_dreamer_intake, and join_queued_execution runs on that same path, producing an OperatorIntentExecutionLink validated against its plan. The admitted candidate and plan are durably persisted by an existing owner, and a daemon restart reconstructs the same public messages, exact source/result handles and terminal job state. The effect is held as pending approval and never executes as direct chat. No invented state field, status name or session schema appears. cargo fmt -p eliotd -- --check and cargo clippy --locked -p eliotd --lib --no-deps -- -D warnings show no NEW finding against a pristine baseline, and git diff --check is clean. No cargo test is run for this slice.	8fb0a426f78e1d7ab9cd5a054ef13c981ef6e670	[]	CLAIM_AFTER_PREFLIGHT
197	7	1791	READY		1 build SourceAdmissionRequest from ScopeAttachIngress and call admit_governing_sources_for_scope inside admit_scope_attach; 1 make promote_task_intake read self.origin; 1 live ingress caller for resolve_current_task_selection and the promote/exploratory entries	"[""crates/governor/eliot-governor/src/composition.rs"", ""bins/eliotd/src/task_binding_admission.rs"", ""bins/eliotd/src/lib.rs"", ""crates/governor/eliot-workscope/src/governance.rs""]"	[]	Two conflicting candidates with no applicable precedence produce SourceConflictSet with no admitted winner, source_readiness=Conflicted and UnresolvedSourceConflict so a Material operation stays ineligible; only an owner-admitted set plus a promoted binding reach READY_MATERIAL and a hand-built set with authority_basis None still fails; HostVisiblePrompt/Import candidates cannot self-authorize via their own decision_owner_ref	8fb0a426f78e1d7ab9cd5a054ef13c981ef6e670	[]	CLAIM_AFTER_PREFLIGHT
198	7	1846	READY		bounded items; see cards/1846.md	"[""crates/kernel/eliot-kernel-service/src/store_client.rs"", ""crates/kernel/eliot-kernel-service/src/store_exchange.rs"", ""crates/kernel/eliot-kernel-service/src/store_gateway.rs"", ""crates/storage/eliot-store-api/src/named_mutation_receipt.rs"", ""bins/eliot-kernel/src/daemon_request_dispatch.rs"", ""bins/eliot-kernel/src/execution_metrics.rs""]"	[]	Every apply_prepared attempt, including each uncertain arm, produces one durably appended MutationAuditRecord, one bounded store metric and one OperationalEventKind event; an interrupted-after-dispatch attempt plus its ResolveWriteReceipt follow-up both yield durable linked receipts with no assumed result.	8fb0a426f78e1d7ab9cd5a054ef13c981ef6e670	[3811,3812]	CLAIM_AFTER_PREFLIGHT
199	8	1681	READY		Two live defects per the 2026-10-02 code-complete FAIL, both git-grep-confirmed at b7e9e33. (1) Gate: add a bounded, generation-bound Store availability snapshot to bins/eliot-kernel/src/canonical_store_runtime.rs (snapshot owner state, release the lock, bounded observation, reacquire, revalidate revision/fence; no network await under an admission lock) and require it in the one shared Material/Critical contour at startup_coordinator.rs::admit_material_authority_for_governor_issued_fence and lib.rs::admit_material_authority_for_fence, publishing the snapshot in composition_bootstrap.rs on existing composition state, so observe_canonical_store_availability no longer has exactly one production caller (daemon_live_receipt.rs) and a stored startup probe or Governor projection cannot outlive a Store rebind; unknown or unclassified operations fail closed. (2) Classification: return a closed typed staging result from crates/kernel/eliot-ors/src/store.rs::reserve_campaign_source_publications separating measured item/byte exhaustion, identity/content conflict, invalid contract, storage unavailable/fault, stale fence/revision and unknown durability outcome, carrying owner-measured requested/available bytes and the ORS profile revision only on the measured arm; in daemon_request_dispatch.rs render STORAGE_BACKPRESSURE only from measured exhaustion (I14.4 allows it only on proven exhaustion of a durable dimension), keep an identity/content conflict non-retryable as capacity pressure per I5.27/I6.8, and populate recovery.staging_directive from that measured result so the field is a whole I14BackpressureResponseV1 beside value instead of the always-null output of store_staging_backpressure_directive(operation_id: &str) -> Option<serde_json::Value>; apply the same typed classification at every safe-staging path in that arm. PRESERVE the three-fact primitive, the typed DB_UNAVAILABLE read path, rebind_store durable replay, daemon_live_receipt.rs and the #1679 response vocabulary.	"[""bins/eliot-kernel/src/canonical_store_runtime.rs"", ""bins/eliot-kernel/src/startup_coordinator.rs"", ""bins/eliot-kernel/src/composition_bootstrap.rs"", ""bins/eliot-kernel/src/lib.rs"", ""bins/eliot-kernel/src/daemon_request_dispatch.rs"", ""crates/kernel/eliot-ors/src/store.rs""]"	[]	cargo fmt/clippy --locked clean for -p eliot-kernel -p eliot-ors; cargo test --locked -p eliot-kernel --lib canonical_store and --lib daemon_request_dispatch green; git grep shows the composition-bound consumer of observe_canonical_store_availability beside daemon_live_receipt.rs, STORAGE_BACKPRESSURE reachable only behind the measured-exhaustion arm, and a non-null staging_directive on every non-success staging response	8fb0a426f78e1d7ab9cd5a054ef13c981ef6e670	[]	CLAIM_AFTER_PREFLIGHT
200	9	1690	READY		"[""PRESERVE the implemented recovery contour on main: stable operation/idempotency/canonical-request identity, receipt lookup before any same-identity resend when an open record exists, exact receipt binding and evidence digest, one same-identity retry only after a proven rollback, the durable unknown-commit record plus Ordering Scope pause, the checked ORS observation that fails closed when the owner is unavailable, typed Dreamer retained-state handling, and crates/kernel/eliot-kernel-service/src/commit_recovery.rs::recover_commit (commit_recovery.rs:1035)., D1: crates/kernel/eliot-kernel-service/src/store_gateway.rs::BorrowedCanonicalStoreClient::apply_prepared (store_gateway.rs:935) calls gateway.store.apply_prepared directly, bypassing KernelStoreGateway::apply, recover_commit and the checked pause gate. Real UserAutomation paths construct it through CanonicalUserAutomationStore::new(BorrowedCanonicalStoreClient::new(self)), so a possible commit with no exact receipt yields no UnknownCommitRecord, no retained Ordering Scope set, no pause, no visible Problem State and no restart-resumable disposition. Route every canonical mutation through the one Kernel-owned recovery gateway; the borrowed client may expose reads but no second ungoverned write path may remain., D2: crates/kernel/eliot-kernel-service/src/store_gateway.rs::KernelStoreGateway::apply_reserved (store_gateway.rs:1490) treats only Err(StoreError::MissingReceiptEnvelope) as unknown (begin_execute_after_send then mark_unknown_outcome, keeping Executing/Reconciling). Every other Err reaches the catch-all at store_gateway.rs:1600 then refuse_determinate_reserved_write (store_gateway.rs:10103), which calls cancel_before_send (store_gateway.rs:10131). The EBP transport maps unknown delivery, receive failure, response decode or correlation failure and typed unknown-outcome Store failure to StoreError::UnknownOutcome and returns it unchanged, so each releases the ordering position after the send - the false-noncommit transition I14.21 forbids. Same for a wrong-kind, malformed or misbound post-send response. Use one post-dispatch classifier and release a reservation only on owner-issued evidence that the effect was definitely not attempted., D3: commit_recovery.rs::recover_commit stages the UnknownCommitRecord lazily, only after the send AND receipt reconciliation both remain unknown, so a fresh key has no durable write-attempt record before dispatch; a crash after the Store effect boundary leaves ORS with no retained record and the next presentation re-enters the fresh-send path instead of receipt-first recovery. Retain the exact operation id, idempotency key, canonical request hash, complete Ordering Scope set, StateFence, owner/schema version and write stage BEFORE the first possible effect, using the shape the reserved path already demonstrates - not a second recovery system., D4: store_gateway.rs::KernelStoreGateway::paused_ordering_scopes (store_gateway.rs:1450) and commit_recovery.rs::paused_ordering_scope_view (commit_recovery.rs:1622) have no production consumer - git grep finds only definitions and tests, so no Doctor route, Recovery View, CLI or wire method, or authenticated disposition command lists retained records or applies evidence-backed resolution. A caller-facing error string is not the Human/Doctor recovery surface I14.21 requires. Add a bounded authenticated readback plus an exact evidence-verifying disposition command that never accepts a caller-authored terminal outcome. crates/kernel/eliot-kernel-service/src/store_exchange.rs is in the write set so that readback is bounded in the existing exchange owner rather than invented elsewhere., D5: crates/kernel/eliot-ors/src/store.rs::list_open_unknown_commits (store.rs:6261) takes no page or limit and returns Vec<UnknownCommitRecord>; commit_recovery.rs:555 calls it and only checks records.len() against MAX_OBSERVED_OPEN_COMMITS (constant at commit_recovery.rs:308, check at :564) AFTER full materialization and decode. Replace it with a storage-bounded max-plus-one page and an explicit serialized-byte ceiling; over-limit or unreadable state closes mutation admission while preserving last-known positive pauses, and the existing incomplete-not-empty wording at commit_recovery.rs:568 stays., CONFLICTING PR: #4490 (fix: Restore canonical records only into an admitted isolated Store destination (#952)) is CLOSED AND UNMERGED and modifies crates/kernel/eliot-kernel-service/src/store_gateway.rs (+55/-8) plus four bins/eliot-kernel files - a coordination conflict on the same file, not absorbable source. Confirm its disposition before landing anything touching D1 or D2 there., Distinct from native-worker and process-start replay (protocol/native_worker_replay.rs, protocol/native_worker_claim.rs) - do not scope onto it. Never cancel_before_send after a possible send, never fabricate a terminal disposition on unknown effect, never blind-resend, do not weaken the exact receipt verifier, the same-identity rollback retry, the checked ORS pause observation, the Dreamer retained-state taxonomy or the prohibition on ACCEPTED_PENDING, do not add a second recovery coordinator or journal, and do not touch the legacy control_wal. Do not collapse typed failures into strings to make the classifier fit.""]"	"[""crates/kernel/eliot-kernel-service/src/commit_recovery.rs"", ""crates/kernel/eliot-kernel-service/src/store_gateway.rs"", ""crates/kernel/eliot-kernel-service/src/store_exchange.rs"", ""crates/kernel/eliot-ors/src/store.rs""]"	[]	git grep shows no remaining direct BorrowedCanonicalStoreClient::apply_prepared write path - every canonical mutation, CanonicalUserAutomationStore included, reaches the one Kernel-owned recovery gateway. A post-send StoreError::UnknownOutcome, an unknown delivery/receive/decode/correlation failure, or an unusable post-send receipt leaves the reservation Executing/Reconciling with the ordering position retained and cancel_before_send uncalled; a pre-send release happens only on owner-issued evidence of no attempted effect. A fresh key has a durable write-attempt record with its complete Ordering Scope set, StateFence, owner/schema version and write stage before the first possible effect, and a replay classifies that retained intent before any send. On restart or re-presentation the exact receipt is queried first, a committed outcome resolves in ORS, one byte-identical resend is permitted only after a proven rollback, and otherwise the pause and original identity are retained. The pause ledger read is bounded by a page and an explicit serialized-byte ceiling instead of being checked after materialization, and over-limit or unreadable state closes mutation admission while preserving last-known positive pauses. A bounded authenticated route lists an open unknown commit with its scopes and evidence and dispositions it only from a verified exact receipt. cargo fmt for -p eliot-kernel-service -p eliot-ors, cargo clippy --locked --lib --no-deps -D warnings per crate showing NEW=0 against a pristine baseline (eliot-kernel-service carries an inherited finding count and exits 101 on both sides, so compare finding sets not exit codes), scripts/audit-architecture-boundaries.py NEW=0 with the line N of the pre-existing store_gateway.rs untracked_direct_process_launch finding normalised, and git diff --check clean. No cargo test is run for this slice.	8fb0a426f78e1d7ab9cd5a054ef13c981ef6e670	[4490]	CLAIM_AFTER_PREFLIGHT
201	9	1733	READY		PARKED AFTER OSP1 - scheduling note, owner disposition only; the unwired bound status is live on main regardless and the work is recorded rather than dropped. The manifest EXISTS and is contract-derived, not a file list, and is PRESERVE: bins/eliotd/hot-path.toml declares local_read_claim / local_read / local_read_result with entrypoints daemon_runtime.rs::start_local_read_poll, governor_local_read.rs::forward_admitted_local_read and daemon_runtime.rs::submit_local_read_result_idempotent, explicit crate_closure lists, immutable_snapshot_dependencies, queues_and_capacity bounds and fallback_or_degradation; their union with bins/eliot-kernel/hot-path.toml IS hot-spine membership per hot_path.rs::hot_spine_membership. The Kernel binder, capacity acquire/release and the static audit are production-wired and PRESERVE (hot_path_runtime.rs::KernelHotSpine::bind reads KERNEL_HOT_PATH_MANIFEST = include_str! of ../hot-path.toml through admit_hot_path_manifest, driven by composition_bootstrap.rs::bind_hot_spine). Three edges are missing, all confirmed: (1) hot_path.rs::hot_path_bound_status has ZERO callers and hard-codes HotPathLimitingBound::None with a None degradation for every row, so every row claims no bound limited the operation; call it from the real hot-path audit surface and let an observation replace the row's limiting bound and degradation with the observed pair exactly as its doc prescribes, constructing HotPathDegradationReason (a published enum constructed nowhere in the tree) from real bounded facts mirrored on observe_hot_spine(operation, outcome, limit, held) and acquire_local_read_capacity/release_local_read; keep HotPathBoundStatus::of's pairing refusal, which already rejects a degradation without a limiting bound. (2) bins/eliotd/hot-path.toml has NO runtime loader at all - only include_str!/include_bytes! by crates/foundation/eliot-runtime-contracts/tests/shipped_hot_path.rs and tests/hot_path_queue_binding.rs and scripts/audit-architecture-boundaries.py::audit_hot_path_manifests - so half the declared hot spine is admitted nowhere; give eliotd the Kernel's binder shape, reading its own hot-path.toml bytes once through the already-public admitted-manifest loader in crates/foundation/eliot-runtime-contracts/src/hot_path_manifest_file.rs (HOT_PATH_MANIFEST_FILE_NAME, HOT_PATH_MANIFEST_SCHEMA, AdmittedHotPathManifest) and binding from bins/eliotd/src/lib.rs's existing composition entry, not a new startup path; bins/eliotd/Cargo.toml already declares eliot-runtime-contracts.workspace = true, so declare any further edge deliberately and name its owner. (3) hot_path.rs::optional_call_is_invocable has ZERO callers; call it where a declared synchronous_external_calls entry is about to start, with OptionalCallAuthentication built from the callee's real readiness, the declared call budget and the declared fallback's validity, producing the caller's declared fallback_or_degradation on refusal. Measured: NO shipped manifest declares an optional external call - every synchronous_external_calls entry in both hot-path.toml files is optional = false, so the gate's Ok(()) early arm is what the live path takes today and the wiring stays inert until a declaration exists; that is the honest state and the gate must precede such a declaration. DO NOT re-shape either manifest - no added/removed/renamed operation, entrypoint, crate_closure member, bound, snapshot id or revision_key - and do not touch the hot_path_profile_ref = {} slots (#1734 owns profile production, all six refs empty, qualifies_manifest would refuse a fabricated ref). DO NOT leave the hard-coded None, DO NOT construct a HotPathDegradationReason from a default or a guess (if nothing was observed to limit an operation, None is correct), DO NOT gate a call the manifest did not declare optional, DO NOT add a global allocator replacement, fold a claim lease into service time, move the hot spine into Kernel or ORS, duplicate the Kernel binder under a second name, or replace the include_str! test pins with generated artifacts. CHECKS: cargo fmt -p eliot-runtime-contracts -p eliotd -- --check; minimal cargo clippy --locked -p eliot-runtime-contracts -p eliotd --lib --bins --no-deps -- -D warnings against a pristine-baseline diagnostic SET (zero NEW); git diff --check; python scripts/audit-architecture-boundaries.py still passes for the eliotd hot-path manifest; git grep for hot_path_bound_status and optional_call_is_invocable on origin/main goes from definition-only to real call sites; both hot-path.toml files byte-identical. DEFER all profile_ref work to #1734 and every behavioural acceptance (a real saturated leg reporting its exact limiting bound and owner's degradation reason, an optional declared call refused on NotReady/BudgetExhausted/FallbackInvalid, restart and cross-daemon readback) to the test phase.	"[""crates/foundation/eliot-runtime-contracts/src/hot_path.rs"", ""bins/eliotd/src/lib.rs"", ""bins/eliotd/Cargo.toml"", ""bins/eliotd/hot-path.toml""]"	[1734]	cargo fmt -p eliot-runtime-contracts -p eliotd -- --check clean; minimal cargo clippy --locked -p eliot-runtime-contracts -p eliotd --lib --bins --no-deps -- -D warnings yields zero NEW against a pristine-baseline set; git diff --check clean; python scripts/audit-architecture-boundaries.py still passes audit_hot_path_manifests for the eliotd manifest; git grep shows hot_path_bound_status and optional_call_is_invocable at real production call sites; hot_path_bound_status no longer hard-codes HotPathLimitingBound::None and HotPathDegradationReason is constructed from an observed bound; bins/eliotd/hot-path.toml is read by product code through the existing hot_path_manifest_file.rs loader and bound from bins/eliotd/src/lib.rs; both hot-path.toml files and hot_spine_membership and HotPathBoundStatus::of are byte-identical to b7e9e334569639a6290baeacf82bf44941def506; the two shipped-hot-path contract tests stay green; diff touches exactly the four listed files.	8fb0a426f78e1d7ab9cd5a054ef13c981ef6e670	[]	CLAIM_AFTER_PREFLIGHT
202	10	1795	READY		bounded items; see cards/1807.md	"[""crates/kernel/eliot-ors/src/cutover_ownership.rs"", ""crates/kernel/eliot-ors/src/store.rs"", ""crates/kernel/eliot-ors/src/tests.rs"", ""bins/eliot-kernel/src/generation_control.rs"", ""bins/eliot-kernel/src/generation_recovery.rs""]"	[]	GenerationCutoverOwnership, CutoverRouteEntry, CutoverRouteSnapshot, commit_cutover_ownership and GenerationCutoverOwnershipClaim all carry EpochId; no code path orders two lineages by sequence number; a legacy scalar CUTOVER_OWNERSHIP row decodes to no current authority.	8fb0a426f78e1d7ab9cd5a054ef13c981ef6e670	[]	CLAIM_AFTER_PREFLIGHT
