seam	issues	shared_files_or_outputs	pr	disposition	evidence	lane
historical dependency group pairing is WRONG: not #8/#1746	8;1746;1790	eliot_governor::ColdStartSurfaceView -> BridgeRunner::note_owner_surface (bridge owner-surface transport)		recorrected_to_8_1790	BLOCKERS-AUDIT.tsv row 8 records a reciprocal whole-issue wait with #1746. #1746's body says Reuse #8's response and names #8's bootstrap response producer among its own files, so #1746 consumes #8 rather than producing what #8 needs. The real producer is open #1790, whose own comments name the same two blockers.	BASE
#18 current-owner MCP tool family and catalog emitter absent	18;7;19;203	eliot_operator_* / codex_controller / eliot-mcp-catalog-v2 emitter; MCPB manifest declares server/eliot-agent-bridge.exe	2956;3869;4240;2369	needed_waits_2968_2892	MISSING-CONTRACT I07-06 verified silent. Six Disposition::ExtractToCurrentOwner rows remain in crates/eliot-app/src/disposition.rs; PR #2956 needs a rebase (cut against ~line 2969, main now ~4271); #3869 and #4240 both pin integrations/agent-runtimes/host-bundle.manifest.json.	BASE
legacy store contour retirement	19;18;3980	crates/eliot-store/src/surreal_server.rs, canonical_store.rs, control_wal.rs	3869;3811;3812;4490;2956	one_writer_conflict_with_PLAN_row_1	PLAN row 1 (#3980 M-LEGACY, READY) is selected to edit exactly the file #19's W1/A1 retirement would rewrite. #4490 is the Kernel ORS side of A3; #2956 is release-side evidence for the legacy contour and must be sequenced with #18.	BASE
A8 erasure oracle	19;3811;3812	crates/storage/eliot-store-surreal-adapter/src/apply/read_boundary.rs	3811;3812	needed_after_them_one_writer	The stale unit oracle is real (read_boundary.rs returns Err(StoreError::Unavailable) on ErasureSuppression::Unknown while the in-file test expects a closed empty pack), but two open PRs write that exact file.	BASE
Kernel activation owner file	203;66;204	bins/eliot-kernel/src/agent_bridge.rs		needed_one_writer	#203 names agent_bridge.rs as exclusive scope; #66 anchors at activation_result_response_frame (:1684) and canonical_activation_denial (:46) in the same file.	BASE
daemon activation projection	66;839	bins/eliotd/src/lib.rs::DaemonComposition::map_activation_outcome		absorbed_for_66	#839 is OPEN but its objective is already on main - resolve_activation_outcome is called at lib.rs:2320 and the legacy resolver name survives only as a negative assertion in a test.	BASE
open draft PR #2369 unreadable diff	66;203;7;8;22;223;2899	bins/eliot-agent-bridge/src/{lib,main}.rs, bins/eliotd/src/{lib,daemon_runtime}.rs, crates/governor/eliot-governor/src/composition.rs, bins/eliot-kernel/src/lib.rs	2369	unknown_active_competing_writer	gh pr diff 2369 returns HTTP 406 (>20000 lines) or empty on every attempt by six separate reviewers. It is a concurrent writer on files in the #7/#8/#66/#203/#223 write sets and must be treated as an active claim.	BASE
process-evidence durable source composition	267;269;271;297;456;844;1812	crates/kernel/eliot-process/src/stream_sink/port.rs::ProcessStreamSinkClient -> BlobStoreStreamSink -> WindowsProcessExecutor::new_with_stream_sink	3024;2369	port_present_composition_absent	The port and adapter exist on main but new_with_stream_sink has zero callers (git grep returns only its definition) and BlobStoreStreamSink is never constructed outside crates/storage/eliot-blob, so no release-reachable path reaches a durable source. PR #3024 (draft) is NOT absorbed: base still carries permits_transition_to with Retired absorbing and the pre-change derive on ProcessStreamRecoveryProjection.	BASE
process-evidence one-file co-writer	267;297	crates/storage/eliot-blob/src/stream_sink.rs		collision_confirmed_one_writer	git log on that file interleaves #267 commits with #297 commits, and #267's own comment says the cluster ведёт один писатель. #267's handoff comment assigns the append-only staged object to #297 but it is unimplemented.	BASE
F-STU measurement chain	866;783;787;878;880;868	the frozen context-measurement estimator inventory consumed by four migration issues		producer_866_blocks_consumers	#783 says migrate FROM THE FROZEN INVENTORY and #787 says FROM the frozen estimator inventory; #878/#880 migrate the same crates/eliot-engine consumers as each other. The chain must be resolved by #866 naming the exact inventory artifact and freeze digest mechanism before any consumer card is written.	BASE
agent-contracts sibling ownership	228;369;370;371;1709	crates/agent/eliot-agent-api/src/{lib.rs,route_receipts.rs,host_event.rs} CONTRACT_VERSION v8 and the generated serde boundary fixture	2369;3869;4599	serialize_one_writer_per_file	#369/#370/#371 all read-modify lib.rs:99 CONTRACT_VERSION; only one writer may bump it. shipped_serde_boundaries.toml is generated by scripts/serde_boundary_inventory.py and must be regenerated after any agent-api schema change.	BASE
capability registry ActualRouteReceipt name collision	369;228	crates/governor/eliot-governor/src/route_registry.rs::ActualRouteReceipt vs crates/agent/eliot-agent-api/src/route_receipts.rs		needs_explicit_merge_or_retain_distinct_row	Two public types named ActualRouteReceipt with different semantics (RuntimeRoute/ObservedRoute/RouteBehaviorFingerprint vs route_receipts) and one production consumer at bins/eliot-agent-bridge/src/lib.rs:5371.	BASE
shared serde boundary fixture regeneration	88;228;369;370;371	crates/foundation/eliot-contracts/tests/data/shipped_serde_boundaries.toml		must_regenerate_not_hand_edit	Header says Generated by scripts/serde_boundary_inventory.py sync; do not hand-edit. Any retained-field addition to a shipped serde type pins new span/file digests; the DaemonSupervisionCurrentState row is already needs-repair/UNASSIGNED/BLOCKED.	BASE
cue family - two distinct CueKind types	246;835;706	crates/smart/eliot-cue-contracts::CueKind vs crates/eliot-types CueKind (already LegacyCueKindV1)		disjoint_by_construction	eliot-cue-contracts/Cargo.toml has no eliot-types dependency, pinned by a test asserting the crate is defined once without that dependency. The ledger text in crates/smart/eliot-cues/disposition.module.toml still attributes the removal to #246/#835/#706 while the line now re-exports the owner type only - a wording seam for the #835/#706 reviewers.	BASE
watchdog export driver	458;1754;3049;738;889	bins/eliot-watchdog/src/watchdog_spool/export_driver.rs	3049	obsolete_for_458_rescope_1754	PR #3049's two public builders have 0 hits on main; their role is already filled by main's private intent_batch_payload/intent_batch_submission/acknowledgements_from_kernel_outcome wired into a production impl WatchdogIntentSink on the live tick. Two residual deltas (strict deny_unknown_fields DTOs, governor_unavailability_code) belong to #1754. #3049 is CONFLICTING and must not be rebased into a #458 card.	BASE
named-pipe namespace - SECOND owner	726;791;789	crates/kernel/eliot-ipc/src/lib.rs::validate_pipe_name (own const PREFIX) vs crates/foundation/eliot-protocol/src/pipe_name.rs::EliotPipeOwner	3869	two_tables_must_be_reconciled	#726's own boundary is no second namespace catalogue, which cannot hold while #791 owns a second table with an independent component whitelist in eliot-ipc. Both crates' test-only adversarial pipe rows must be classified in the #726 frozen denominator.	BASE
Host recovery cleanup location undecidable in scope	448;1691;1686;4599	bins/eliot-host/src/{runtime_restart_state.rs,store_recovery_persistence.rs,host_composition_store_recovery.rs,lib.rs} and bins/eliot-kernel/src/shutdown_drain.rs::durable_replace	4599;3869;2369	escalate_location_decision	AUD1's repair site lib.rs:8805/:8808 gates the only production persist_runtime_restart_receipt call; PR #3869 and #2369 both write lib.rs (one-writer hazard). AUD2's is_fenced() Unknown at hcsr.rs:800-812 has no open PR. durable_replace is a Kernel path outside #448 scope: PR #4599 replaces File::open(destination)?.sync_all()? with a read+write handle and its hunk comment states Windows FlushFileBuffers requires a writable handle.	BASE
durable_replace read-handle flush	448;1691;1686	bins/eliot-kernel/src/shutdown_drain.rs::durable_replace	4599	needed_not_absorbed	At b7e9e3345 durable_replace is still File::open(destination)?.sync_all()? with the parent-directory sync under #[cfg(unix)] only. Established by three independent static sources: the code shape, the Microsoft FlushFileBuffers requirement that the handle have GENERIC_WRITE, and PR #4599's own hunk comment. #448 does not own it (Kernel path, excluded by its non-goal).	BASE
storage-exhaustion classification owner	864;876;297;862	crates/storage/eliot-blob/src/stream_sink.rs::map_blob_error vs legacy crates/eliot-store write path		verify_before_any_876_card	map_blob_error maps every non-integrity BlobError to ProviderUnavailable, which bears on whether capacity exhaustion is classified rather than flattened - must be checked by the #864 reviewer. #876 is the legacy eliot-store contour that #18/#19 are retiring, so new work there may land in a subsystem scheduled for retirement.	BASE
provider class enum reissue-or-retire	196;261;262;829;830	a real closed enum in crates/smart/eliot-context-contracts/src/identity.rs, or an explicit retirement row; MemoryContextProjectionRequest	5021	blocking_no_owner_found	Freeze [[family_disposition]] F6 and F5 both name owning_task as the cognitive-wave integrator and are implemented by no open issue. GoalTask/AuthorityAffordance/MemoryRecall have zero repository occurrences; MemoryContextProjectionRequest has never existed in Rust.	BASE
cognitive freeze vs challenges registry disagreement	196;262;261;223	crates/smart/cognitive-contract-challenges.toml rows vs crates/smart/cognitive-rev12-contract-schema-freeze.toml [[challenge_closure]]		two_authority_files_disagree	The registry reads status OPEN_PROVIDER_CONFORMANCE for CC-MEMORY-PROJECTION-SCHEMA, CC-FAILURE-OBSERVATION-SCHEMA and CC-PROVIDER-CONTRIBUTION-SCHEMA while the freeze's challenge_closure rows for the same challenges read CLOSED_BY_OWNER_CONTRACT. The registry is the one read by the gate.	BASE
stale package freeze pins	223;262;196	six FREEZE_ID constants still at r8/r5 while the authority freeze is r12		independently_dispatchable_once_owner_answers	r8 at eliot-experience-projection, eliot-dreamer-self-query, eliot-epistemic-context-provider, eliot-cognitive-quality, eliot-understanding-assessment; r5 at eliot-experience-provider, whose own module.toml donor note argues for keeping r5. Re-pin-or-keep is an owner decision, not derivable from code.	BASE
eliot-context-assembly test arity break blocks every acceptance run	223;196;1027;1725	crates/smart/eliot-context-assembly/src/assemble.rs::assemble_active_view signature vs its three test targets	4495	open_defect_on_main_blocks_runs	assemble.rs:524 takes six parameters (admitted, recipe, approved, quality, policy, measure) while tests/assembly.rs, tests/learning_gate_1869.rs and tests/learning_overlay_1864.rs each pass five and contain zero occurrences of approved or ResolvedContextRecipe. fe7ef391b (#1869, still OPEN) added the parameter and touched six src files and zero tests files. PR #4495 does not repair it.	BASE
retired donor crates must not be reintroduced	39;251;246;40;816	crates/smart/cognitive-donor-map.toml rows enforced by scripts/tests/test_cognitive_topology_contract.py	3869;5021;2369;4495;4599	obsolete_hunks_absorbed_rows_unchanged	PR #3869 rewrites only the three base SHAs (to 569bf807, an ancestor of main's 212db3db) plus a comment; PR #5021's freeze hunks are doc-code conformance wording. Neither touches the #39 rows, the #251 retired-understanding rows, or the #246 cue rows, so neither un-retires anything.	BASE
durable governed records vs product-entry ledger	520;250;327	whether routing/inventory state lives in the repository or only in the control directory		unresolved_scope	AGENTS.md names WORKFLOW.md, workstreams/ACTIVE.toml and WORKFLOW.md branch-validity as the authority surface and #327 forbids a new repository report; issue inventories in v2/review live outside the repository, so some bookkeeping issues may have no repository deliverable at all.	BASE
diagnostics family shared owner	889;738;740;742;458	the single structured-diagnostics contract and its sinks		889_is_the_foundation_card	#889 is numbered F-LOG-HOST-0 and its title says DEFINE Host structured diagnostics and Windows Event Log sinks, making it the defining card; #738/#740/#742 are the subsystem instances and must not each create a logging stack. #458's residual is test-only and must not add a Host log sink.	BASE
work-unit gate tooling already exists	837;852;852;5018	scripts/work_unit_gate/ (incl. doc_read_evidence.py) and scripts/docs_read.py as the mandatory documentation route	4999;2453;5018	reuse_existing_gate_no_second_cli	AGENTS.md makes python scripts/docs_read.py read-with-receipt the mandatory route before mutation, so the completed work-unit gate components are substantially on main. PR #4999 carries a retained REQUEST_CHANGES decision and must not be contradicted or counted as absorbed; PR #2453 is read-only on ROUTES.md/route-rules.toml.	BASE
cargo/GitHub-Actions scope boundary	250;764;3004	.github/workflows/	4110	out_of_scope_by_accepted_owner_decision	AGENTS.md: GitHub Actions use workflow_dispatch only, except .github/workflows/ci.yml, the sole automatic compile-only merge check (accepted issue #3004). Any issue whose only remaining work is a workflow file must name the existing local script/just recipe instead. PR #4110 is the accepted #3004 ci.yml change.	BASE
OFF foundation is refused, not strengthened	39;246;251;673	assessment/evaluation verdict to release-authority promotion		forbidden_preserved	STITCH-PLAN.md release rule names no fabricated evaluation receipt, no I/O inside the pure assessor and no promotion of package verdict to release authority as forbidden. #673 is in that contested area; #246 preserved a CandidateArtifact proof ceiling via preserve_v1_snapshot_bytes_with_rows for the same reason.	BASE
capability-cell registry has no WASM or Store row	21;19;18;2568	scripts/gen_capability_cell_registry.py::CELL_SOURCES plus per-package [package.metadata.eliot] tables		unowned_cardinality_decision	CELL_SOURCES holds exactly two entries (native-worker, research-provider); bins/eliot-wasm-host/Cargo.toml and bins/eliot-store-surreal/Cargo.toml have no [package.metadata.eliot] table, so no storage or wasm cell can be generated. Two independent issues (#21 item 7 one-or-seven; #19 W8 storage cells) both hit this and neither has an owner for the manifest source.	BASE
guest toolchain proof gates the first guest package	762;870;764;758;638;21;4495	rust-toolchain.toml targets line plus the clean-checkout wasm32-wasip2 compilation proof	871;2369;4599;4495	870_blocks_762_not_764	#762's body says E-LANE #764 is a later consumer, not a prerequisite; #870's owner comment says case 15 is NOT satisfied and verify-wasm-toolchain.py --probe returned RUSTUP_UNAVAILABLE with no real Rust compilation. #4495 adds recheck_headroom_handoff to the A-18 owner crate #762 must wrap, so it must land or rebase first.	BASE
workflow scope boundary excludes two lane cases	764;250;3004;4110	.github/workflows/ and the local just recipes that carry the lane	4110	out_of_scope_cases_deferred	.github/workflows contains only ci.yml, integration.yml, repository-policy.yml, source-candidate.yml at b7e9e3345. #764 case 16/21 and #250's only potential workflow need are deferred to the local just wasm-build/wasm-test recipes and the stdlib-only scripts/verify-agent-host-surfaces.py entrypoint.	BASE
agent host-bundle adapter-contract repin blocks the #250 receipt	250;18;19	integrations/agent-runtimes/host-bundle.manifest.json::hosts.opencode.adapter_contract_sha256 vs integrations/opencode/plugin-bridge-contract.json	3869;4240;6023cc261	no_open_owner_found	Manifest declares ffb3fb10... while the actual file hashes to 62db6ba7..., introduced by 6023cc261 (PR #5007). Both #3869 and #4240 carry the same stale value, so merging either does not clear it, and no open issue was found that owns repinning it. This blocks scripts/verify-agent-host-surfaces.py command host-bundles-verify and therefore the whole #250 receipt.	BASE
structurally candidate-only result contract is already on main	370;228;325;66	crates/agent/eliot-agent-api/src/lib.rs::ResultDisposition (nine values, no VerifiedComplete) and AgentResult with no effect_receipts		preserve_do_not_rebuild	A test asserts the schema string does not contain VerifiedComplete; ACP maps terminal Completed to DegradedNoProof; FinishService::evaluate returns CallerProofRejected on any caller-supplied completion_proof. #370 is a decomposed child of #228 whose remaining work is reachability, not contract.	BASE
provider-runtime driver slice is unowned and blocks three issues	369;370;22;1108;874	a real AcpTransport, a real completed-Codex-turn byte source, and a session/work-item driver for admit_candidate_result	2369	no_verified_owner_escalated	The in-code BLOCKED-BY comments defer to #22 and #874, but #874 is CLOSED and #22's body owns only worker artifact/epoch/process/facet boundaries. This single unowned slice is #369's A4, #370's release condition and #487's execution slice.	BASE
typed Finish decision producer is shared by two issues	740;325;2570;1741	a typed FinishDecisionOutcome plus attempt identity at bins/eliotd/src/finish_attempt.rs, and the TaskContractAcceptanceRecord writer		two_open_owners_name_the_same_gap	#740 blocks on #2570 for the daemon-side typed Finish decision; #325 blocks on #1741 for the acceptance-record writer and records that CanonicalVerifierPlanState::Decided has no producer at all. Both A12.3 second-writer prohibitions mean neither can be satisfied by a local fabrication.	BASE
model-preference publication is consumed by three swarm issues	485;481;486;501;487	HumanModelPreferencePolicy id/revision/digest on StaffedSlot, checked byte-for-byte by SwarmBoundSlot::check_staffing_pins	2369;4599	produced_now_consumed_later	swarm_staffing.rs:108 takes the policy as caller-filled with no A-02 path reading the owner store, so A-07 slots are staffed from a policy value of unproven provenance until #485's publication is read back. swarm_launch_bind.rs:61-73 names the exact owner read and defers the wiring into bins/eliotd/src/daemon_runtime.rs - the same file as open PR #2369.	BASE
admission receipt producer for the swarm chain	486;501;481;487;1678	ProviderAdmissionReceipt plus per-lane AdmittedRouteReceipt plus SwarmSlotAdmission		blocked_on_1678	agent_fabric.rs:4753-4778 names #1678 as the owner. bind_swarm_launch is itself callerless, so #501's live path is also unwired; #501's proof ceiling states it does not prove live WorkLease/StateFence issuance, which is exactly #486's external input.	BASE
rev12 freeze byte pin has four coupled consumers	261;223;259;5021	crates/smart/cognitive-rev12-contract-schema-freeze.toml bytes pinned by REQUIRED_FREEZE_DIGEST, CONSUMED_FREEZE_ID, CC-W9-REV12-HANDOFF and scripts/read_freeze_digest.py	5021	one_writer_must_move_whole_chain	verify_freeze_binding compares FREEZE_ID before the digest, so a digest-only move yields FreezeIdDivergence. PR #5021's three one-line edits to that same file are pinned twice and would fail closed at verify_freeze_binding while staling the recorded row - it must land first or be rebased onto the #261 candidate.	BASE
one diagnostics owner per partition, four partitions, no shared substrate named	738;740;742;889;984	each partition's package-local src/diagnostics.rs against the workspace tracing substrate		coordinator_must_rule_no_second_stack	#738 as written would install a SECOND subscriber because bins/eliot-watchdog/Cargo.toml has no eliot-observability entry while eliot-observability-runtime::install is already called by eliot-kernel, eliot-store-surreal and eliotd, and bins/eliotd/src/diagnostics.rs already reuses field_policy::looks_like_secret. #984 (OPEN) owns the Windows Event Log sink that #738/#889 correctly refuse to fake.	BASE
work-unit descriptor and gate are the shared lever for four F-LOG issues	738;740;742;889;837;852;974;786;708;764	.github/work-unit-cohort.toml numeric descriptor rows and .github/work-units/*.toml		one_release_unblocks_all	The cohort lock at b7e9e3345 reports numeric_descriptors = [], matrix_cases = 0, assigned = 0 with rows only for issues 728/748/750/818/838/839/843/846/859/974/994. Every F-LOG card declares exact marker-to-executed-pass binding as its ONLY completion route, so none can close until #852 commits descriptor rows and #837 lands the binding CLI.	BASE
orphan Windows event-log row is shared by two partitions	889;738;984	DiagnosticSink::WindowsEventLog		984_owns_it_others_refuse_to_fake	WatchdogDiagnosticsError::EventLogUnavailable and sink_status return Err for DiagnosticSink::WindowsEventLog with an explicit comment that #984 is still open and unlanded, so this facade has no Event Log sink and must not fake one. #889's own body says Full Host coverage belongs to #985.	BASE
canonical measurement inventory is an explicitly INCOMPLETE baseline	866;787;783;878;880;868;704;584	.github/work-units/context-measurement-inventory.toml and scripts/audit-context-measurement-ownership.py		866_is_sole_writer_of_row_schema	The inventory declares candidate_count = 72, unresolved_count = 4, coverage_disposition = INCOMPLETE, coverage_reason incomplete: 4 candidate(s) have no exact-scope owner, and owner_allocations = [#704:9, #783:21, #878:17, #880:21, unresolved:4]. ROW_KEYS is a closed 23-key frozenset enforced by the oracle, so three of #787's acceptance surfaces are unreachable by construction.	BASE
single context-measurement owner is already proved, zero competitors	787;704;584;866	struct SerializedContextMeasurement and fn stu_for_bytes/measure_serialized_context		preserve_zero_competitor_confirmed	git grep at b7e9e3345 gives exactly 1 hit for the struct (eliot-context-contracts/src/measurement.rs:114) and 3 for the functions, of which the third is a #866 producer fixture outside the 27 declared scan roots. Production competitors = 0. #787 must not weaken this while waiting on #866.	BASE
core-daemon inventory pins a closed issue as its integration owner	520;11;1233;13;88;297	workstreams/core-daemons/inventory.json scope.integration_issue and units[*].owner_issues, pinned by scripts/verify-core-daemon-inventory.py:395		needs_named_successor	#11 closed COMPLETED 2026-09-30T08:10:42Z via PR #4401 with no successor named in any #11 comment (none after 2026-09-27), yet three units and the scope still name it. #520 forbids guessing a successor. A fourth stale copy of the old normative-pair digest also lives in crates/kernel/eliot-kernel-core/src/module/runtime_health.rs::CURRENT_NORMATIVE_PAIR_KEY, and #520 forbids Rust source.	BASE
conformance admission exposed a latent clippy defect it did not own	744;971;2631;3101;837;852	crates/foundation/eliot-conformance-contracts/src/self_quality.rs:18 doc_markdown cell and the package [lints] workspace = true inheritance		route_back_to_closed_source_owner	Before admission the package had its own [workspace] and no [lints] table; the admission's required lint inheritance against root clippy pedantic is what made the bare LearningClosure fatal. 73a54b998 (#2631/#3101) repaired code lints and deliberately left the doc line, so this is not a trivially-unblocked local edit.	BASE
typed WASM component fixtures vs the real guest package	758;762;764;638;21;870	NEW bins/eliot-wasm-host/tests/data/typed-components/ vs a future crates/smart/eliot-context-assembly-wasm/	4599;2369	parallel_no_shared_file	#758 writes only inside bins/eliot-wasm-host; #762 would create a new guest package. The closest structural precedent on main is crates/smart/eliot-context-compiler-wasm. #764 owns no lane registry row, no Justfile recipe and no buildable guest crate.	BASE
agent-bridge host-request port cutover is a handoff freeze, not a code card	342;77;2369;3869;4599	workstreams/core-daemons/assignments/077-agent-bridge-host-request-port.toml and workstreams/surfaces/assignments/077-agent-bridge-kernel-port.toml	2369;3869;4599	four_provable_stale_facts_to_correct_on_release	The TOML claims status_response takes no client (FALSE - it probes client.has_settled_host_operation and check_kernel_binding), that check_kernel_binding returns Ok on an empty replay cache (FALSE - it unconditionally exchanges a health probe frame), that canonical_dispatch_entry routes State/Act/Verify/Coordinate all as SubmitAdmitOnly (FALSE - only Verify is admission-only), and that task_id/work_scope_id are always None (FALSE when activation resolved a binding). Its enum Request list omits 4 of 22 variants and its product_pulse names #11, which is CLOSED.	BASE
eight of ninety reviewed issues are blocked on the same eliot-context-assembly test arity break	223;196;1027;1725;4495;1869	crates/smart/eliot-context-assembly/src/assemble.rs::assemble_active_view signature versus its three test targets	4495	open_defect_on_main_blocks_acceptance_runs	assemble.rs:524 takes six parameters while tests/assembly.rs, tests/learning_gate_1869.rs and tests/learning_overlay_1864.rs each pass five and contain zero occurrences of approved or ResolvedContextRecipe. fe7ef391b (#1869, still OPEN) touched six src files and zero tests files. Because cargo aborts a whole invocation on a compile error even with --no-fail-fast, this silently yields zero executed tests rather than an error anyone notices.	BASE
process-evidence readback is blocked on a byte-resolution read the Blob owner must add	456;297;267;271;269;844	a locator-addressed source-expansion read yielding BlobReadChunk for a cited locator/ready-receipt pair	3024	narrower_than_the_prior_verdict_said	The prior owner comment said #267 has no production sink client; the sink client API DOES exist on main (ProcessStreamSinkClient, BlobStoreStreamSink, new_with_stream_sink). The real missing output is narrower: ProcessStreamSinkClient::readback is documented never to contain raw stream bytes, and BlobStoreClient::read needs a BlobReadRequest no public API can construct from the locator/receipt pair the process contract carries.	BASE
legacy store contour is scheduled for retirement while capacity classification still lives there	876;864;19;18;3980;726	crates/eliot-store write path versus crates/storage/eliot-blob capacity classification		do_not_schedule_new_work_into_a_retiring_subsystem	#876 targets the legacy eliot-store contour that #18/#19 are retiring and that PLAN row 1 (#3980) is already editing. #864 targets the modern BlobStore. PLAN.md M-STORE (#2691) already claims bins/eliot-store-surreal/src/diagnostics.rs for snapshot budget diagnostics, so any #742 Store-bridge diagnostics work must be serialized against it.	BASE
eliotd owns no owner-issued identity record in any of five issues	8;18;24;40;43	an owner-issued record or producer for cold-start/orientation/memory/research surfaces		cluster_of_unowned_producers	#1790 (cold start, #8), #2901 (orientation, #40/#41), #19 (storage read, #43), #1136 (admitted job, #40), #1233 (inventory verifier, #520) and I21-11 (research, #24) are six distinct open issues each owning one absent producer. #18's own summary records that eliot_operator_* has zero implementors outside crates/eliot-app, which is the same class of gap at a different layer.	BASE
clippy policy order is inverted on main	838;748;839	clippy.toml disallowed-methods policy plus the item-level annotation allocation		mutual_serialization_both_waits	#748 says Start policy activation after accepted #838; #838 says This baseline precedes #748 policy activation; yet #748's clippy.toml (371486a24) is already on main with zero annotations in any .rs, so #838's cases 31/32 can never pass and #748's own case-35 oracle cannot go green. Both issues WAIT on each other's artifact - root must break the cycle by ordering the annotation substep.	BASE
seven issues block on the same zero-numeric-descriptor cohort lock	837;852;738;740;742;889;744;786;708;764;870;846;844;783;673;791	.github/work-unit-cohort.toml numeric_descriptors/matrix_cases/assigned and .github/work-units/*.toml		single_gate_blocks_many	The cohort lock at b7e9e3345 declares numeric_descriptors = [], matrix_cases = 0, assigned = 0 with rows only for issues 728/748/750/818/838/839/843/846/859/974/994. Every F-LOG card names exact marker-to-executed-pass binding as its only completion route, and #737/#740/#742/#889 have no row. #852 is the sole writer and is OPEN.	BASE
provider-runtime driver unowned, blocks three swarm/agent issues	487;486;369;370;501;22;1108	a production SwarmAdmissionPlanCandidate publisher plus a supervised opencode serve process owner		no_verified_owner	#486 names #1678 for the ProviderAdmissionReceipt; #1678's body is the ORS AdmissionReservation saga and assigns launch wiring to #1701, and never mentions SwarmAdmissionPlanCandidate - BLOCK-MAP's claim that #1678 owns the plan is unsupported. #22 and #1108 own native-process driver slices, not provider adapter transport.	BASE
eliot-app test allocation disagrees between the issue body and the frozen inventory	783;866;787	crates/eliot-app/tests/ul_convenience_forms.rs and ul_e_surface.rs versus ul_control_treatment.rs and ul_pyramid_delivery.rs		inventory_precedence_per_issue_rule	#783's body names the latter two files; the frozen inventory's test_paths allocates the former two and #783 says any additional fixture must be explicitly allocated by the frozen inventory before work. The same disagreement exists for the production file count (body says 2, inventory says 8 and 8 were in fact migrated). Body text is stale; the inventory wins, but a controller may prefer to amend the body.	BASE
measurement decode path is unreachable from any allocated test file	783;787;787	crates/eliot-app/src/mcp_stdio/measurement_legacy_wire.rs decoders		needs_787_refreeze_or_owner_ruling	That file was created by merged PR #4640 but appears in NO #783 allocation - not in source_paths, not in scan_roots. It holds no cfg(test) module and its decoders are pub(super), so case 24's malformed-input decode assertion is unreachable from the two allocated integration test files. Only #787 can re-freeze the allocation.	BASE
erasure orchestration crate was deleted under an open retirement issue	688;1142;3811;3812;3130;3130	crates/security/eliot-erasure/** plus its Cargo.toml/Cargo.lock workspace membership	3542	escalate_owner_ruling	Commit dcc641640 (PR #3542, issue #1142, STILL OPEN) deleted the crate stating its types had no production caller - while #1142's mutable scope still claims crates/security/eliot-erasure/**. That removal also stripped the Cargo/root/lock membership #688's body forbids editing, and #688's store-api grant excludes the algorithm, so no path #688 is granted can host its 15 missing cases. Three divergent surface vocabularies now exist with no owner ruling.	BASE
orphaned ordering gate asserts a statement the template no longer renders	688;3130	crates/storage/eliot-store-surreal-adapter/src/apply.rs::erasure_template_ordering		needed_elsewhere	erasure_template_ordering still requires the literal DELETE while erasure_transaction_template renders only TX_ERASURE_INTENT plus TX_ERASURE_SCRUB_AUTHORITY/EVIDENCE plus TX_ERASURE_OUTCOME, so the live #[test] erasure_template_records_intent_before_delete_before_outcome_seal asserts a statement that no longer exists - in a file #688 does not own.	BASE
blob capacity cause is flattened at the process-sink boundary	864;297;267;269;456	crates/storage/eliot-blob/src/stream_sink.rs::map_blob_error versus crates/kernel/eliot-process/src/stream_sink/mod.rs::ProcessStreamSinkError		observed_out_of_scope_needs_new_variant	map_blob_error matches only IntegrityMismatch and MetadataPayloadMismatch to EvidenceInvariant and returns ProviderUnavailable from its catch-all arm, so StorageCapacity loses stage, cause, recovery disposition and effect typing. ProcessStreamSinkError has no capacity variant. The collapse is currently LATENT because BlobStoreStreamSink has no consumer outside eliot-blob, and the effect axis is still protected because possible_blob_effect deliberately excludes capacity from the provably-absent set. Fixing it needs a new ProcessStreamSinkError variant owned by eliot-process.	BASE
golden request digest literal diverged across three crates	63;3977	ISSUE_63_GOLDEN_CHAIN_DIGEST in eliot-canonical and eliot-store-memory versus the regenerated 21b8b2be store-api literal		needed_one_writer	PR #3977 (eed488c3a) regenerated only the store-api golden and its own comment names eliot-store-surreal-adapter and eliot-store-memory as updated, yet 32d92354 is still live in store-memory lib.rs:7280. The literal was introduced at 3f60670a2 and never modified, while 1ce1c6aaf and 2c22f4b45 each added a view field. This is the same drift-shape as the rev12 freeze pin chain (#261/#223/#259) with a smaller denominator.	BASE
cue-kind alias obligation was consumed by its own consumer before the producer closed	706;835;831;804;246	crates/eliot-types/src/ul/cue.rs pub type CueKind alias and its manifest row	2476	obsolete_by_consumption_escalate	Merged 9871e93e (PR #2476) removed the exact transitional alias #706 was required to leave behind, and four main-tree suites now assert the alias is ABSENT. #706 item 13 and paragraph R3 are unsatisfiable as written, and item 31's premise is void because eliot-cue-contracts::CueKind is non_exhaustive with the identical ten variants. Two manifest rows are genuinely red (an unlisted bins/eliotd cue consumer and a stale shipped_serde_boundaries digest count).	BASE
named-pipe second owner vs sole-owner requirement	726;791;789	crates/foundation/eliot-protocol/src/pipe_name.rs::EliotPipeOwner versus crates/kernel/eliot-ipc/src/lib.rs::validate_pipe_name		two_tables_must_be_reconciled_or_one_delegates	#726's own boundary is no second namespace catalogue, yet eliot-ipc keeps its own PREFIX constant and 240-byte check. #791's exclusive scope is crates/kernel/eliot-ipc/src/lib.rs, so the two owners overlap semantically with no shared file. An endpoint-owner ruling is needed on eliot\host\runtime-control-v1, which production opens but parse_current rejects.	BASE
role_lease local policy must never be hardened into authority by the unsafe audit	791;1943;726	crates/kernel/eliot-ipc/src/lib.rs::role_lease		do_not	role_lease.rs header: a role name never grants authority by itself; Scope: issue #1943. STITCH-PLAN #1943 confirms no owner operation supplies WorkScopePolicy or DelegatedAuthority and that the local policy is not product authority. #791's card must explicitly carry this as a DO NOT so the audit cannot accidentally legitimize it.	BASE
test-and-audit markers are the acceptance denominator for sixteen issues	708;738;740;744;764;783;786;791;829;830;837;844;846;858;862;864;870;673	WORK_UNIT_CASE: <issue>/<n> markers consumed by scripts/work_unit_gate/case_binding.py		reuse_existing_gate	#851 (CLOSED) already provides parse_rust_markers, parse_python_markers and reconcile_case_bindings; #850 provides descriptor_runner. #852 owns the immutable descriptor cohort. Precedents exist on main for 706/1..35, 831/1..20, 864/1..22, 862/1..14, 791/1..6 and 673/1..52/55..68. No issue in this batch may create a second marker parser or a second oracle.	BASE
four diagnostics partitions share no owner and each owns a package-local module	889;738;740;742	each partition's bins/<pkg>/src/diagnostics.rs against the workspace tracing substrate		premise_refuted_no_shared_foundation	#889 is NOT the shared foundation: each sibling body scopes itself to one package, git grep shows no eliot-host dependency in the watchdog, eliotd or store-surreal manifests, and the only candidate crates (eliot-diagnostic, eliot-observability) are referenced by none of the three bins. But #738 as written would install a SECOND subscriber because bins/eliot-watchdog/Cargo.toml has no eliot-observability entry while eliot-observability-runtime::install is already called by eliot-kernel, eliot-store-surreal and eliotd, and bins/eliotd/src/diagnostics.rs already reuses field_policy::looks_like_secret.	BASE
four F-LOG partitions and two of them are READY, one is blocked on a descriptor cohort	742;889;738;740;837;852	WORK_UNIT_CASE markers and the numeric descriptor cohort that binds them		two_ready_two_blocked	#742 (23 cases, no markers) and #889 (11 of 22 markers plus a stale Event Log assertion) are READY and need no descriptor to author their markers. #738 (1 of 18) and #740 (21 of 21 present but cases 9/18 unreachable) are blocked on #852's descriptor rows and #837's binding CLI.	BASE
PLAN row 2 M-STORE overlaps the #742 diagnostics file exactly	2691;742	bins/eliot-store-surreal/src/diagnostics.rs, src/lib.rs and src/main.rs	3869	serialized_seam_real_overlap	PLAN.tsv row 2 lists all three of #742's owned sources in #2691's EDIT set for snapshot budget diagnostics. #742's residual is one writer per file, so prefer tests/store_diagnostics.rs (not in #2691's five files) and take the three sources only after an explicit transfer. PR #3869's store-surreal hunks are all already on main, so it needs no merge but does need transfer.	BASE
guest toolchain pin is already correct; only the proof was missing	870;762;764;758;638	rust-toolchain.toml targets line and scripts/verify-wasm-toolchain.py Declaration.digest	871	pin_present_proof_absent	rust-toolchain.toml already declares wasm32-wasip2 exactly once with channel 1.97.1, matching I14-19 baseline. What was missing was the 16-case bound proof, which is now a READY card (#870). #762 therefore still WAITs on 870's clean-checkout COMPILATION evidence, not on the pin. scripts/wasm_component_lane.py re-derives its own toolchain/target digest instead of consuming Declaration.digest - recorded, not a blocker.	BASE
unsafe-audit siblings share one marker grammar and one oracle, not one file	789;791;726;860;1943	scripts/work_unit_gate/case_binding.py::parse_rust_markers plus ADR 0014 rows		reuse_the_grammar_never_edit_the_parser	crates/kernel/eliot-ipc/tests/unsafe_family_boundaries.rs (#791) already uses the strict bare form with 8 strict-anchored matches and zero tails, and is the in-repo precedent for the exact form #789's cases 13..42 must take. #789 must fix its own markers without touching #791's file and neither may edit case_binding.py to accommodate either. #791's role_lease.rs is a DO NOT: #1943 owns it and a role name must never grant authority.	BASE
windows abort-replacement vocabulary is decided by merged owner code, not by docs	860;1148;846;789;791	eliot_platform::GuardRevertOutcome and eliot-platform-windows/src/{installer_root,named_pipe_peer_auth}.rs		wait_on_1148_caller_side	The in-repo #860 handoff comment naming GuardRevertOutcome as the guard's normal-path return is an accepted owner decision; canonical docs I05-27, A00-03, I02-06 and I14-24 are all silent. Separately #846 owns package_staging.rs's Agent Bridge test module while #860's mapper-signature adaptation would land in the same file - a real one-writer collision.	BASE
cognition admission wave is one serialized root turn shared by three issues	829;830;836;725;690	root Cargo.toml, root Cargo.lock and both generated code-navigation indexes	2369;4495;2500;2453;4688;4240;3579	single_writer_lane_serialized	T11.md records #830 as the serialized root-admission owner and #830 alone applies the coherent membership/lock/index change after integrator review. #829's own delta is already absorbed on main even though #829 is still OPEN, so it needs closure rather than re-dispatch. Five open PRs carry generated-index hunks and three carry root-lock hunks, so the lane must be free and sole. #690 additionally regenerates both indexes and its index is currently stale.	BASE
eliot-engine F-STU allocations are disjoint, correcting the dispatch premise	878;880;787;783;866	crates/eliot-engine/** measurement seams	2369	parallel_on_source_serialize_only_the_final_green_gate	The frozen owner map allocates #880 exactly {memory_distillation, memory_lifecycle, skill, skill_curator plus three measurement-crate paths} and #878 exactly {context.rs, context_contracts.rs, context/packet_quality.rs, host.rs plus the contracts measurement file}; the sets are disjoint, and both worksets record parallel-with on disjoint paths. Their declared verification blocks are both package-wide over the same crate, so only the final green gate serializes. Shared unallocated hot file: crates/eliot-engine/src/error.rs, edited by #878 with no allocation row.	BASE
measurement freeze artifact is a stale, incomplete and unproven denominator for four issues	866;783;787;878;880	.github/work-units/context-measurement-inventory.toml and its owner map		producer_must_fix_before_any_consumer_closes	The artifact declares coverage_disposition INCOMPLETE with 4 unresolved rows that no open issue may own, 15 of 72 row source_sha256 values are stale at b7e9e3345, the recomputed header source_sha does not match the committed value, and the producer's own test file asserts schema v1 / rule 866.1 / 31 rows with zero bound cases. #783's workset nonetheless records dispatch_ready = true, so the two authorities disagree.	BASE
cue retirement gate is blocked by the descriptor cohort plus four admission inputs	835;706;852;837;3004;829;830;246	scripts/audit_cue_kind_retirement.py gate descriptor and admission inputs		shared_gate_block	The oracle reads .github/work-units/835.toml and four admission/*.json files, none of which exist at b7e9e3345, so all 28 coordinator cases currently fail with admitted input snapshot unavailable. #706 meanwhile is ESCALATE because #835's merged removal already consumed its deprecated-alias obligation and four suites now forbid re-adding the alias.	BASE
three inventory generators all use the same frozen-TOML-with-rule-revision pattern	866;885;929;710;2701	a frozen .github/work-units/*.toml read back by its own generator check --root .		reuse_the_pattern_do_not_build_a_fifth	#885's long-lived-collection inventory already uses SCHEMA/RULE_REVISION/DEFAULT_SCAN plus a 30-case suite and a --self-test, exactly like the #866 measurement inventory and the #929 serde-boundary inventory. All three regenerate only through their own tool and never hand-edit findings, and all three keep coverage and safety dispositions separate.	BASE
rev12 freeze byte pin has five coupled consumers across this batch	261;223;259;5021;269;864;688	crates/smart/cognitive-rev12-contract-schema-freeze.toml bytes pinned by four separate digests plus two golden literals in other crates	5021	one_writer_must_move_whole_chain	verify_freeze_binding compares FREEZE_ID before the digest, so a digest-only move yields FreezeIdDivergence. PR #5021's three one-line edits are pinned twice and would fail closed. The same drift-shape appears in #63's ISSUE_63_GOLDEN_CHAIN_DIGEST, which the store-api sibling regenerated while two cross-crate literals stayed stale.	BASE
five issues wait on producer outputs only four open issues can supply	43;40;41;233;24;8;297;456;271;267	owner-issued canonical projection, memory read, curation carrier, research job row, cold-start terminal, and Blob byte-resolution read		named_owner_gaps_do_not_fabricate	#1233 inventory verifier, #1790 cold start, #2901 orientation, #1136 admitted job, #19 storage read, #297 Blob append-only stage and #456 testd readback are the named owners. In every case the reviewer confirmed the consumer's own Hard boundaries forbid minting the missing identity locally, so these are real waits rather than wiring.	BASE
#7 records no wait on #839 or #77 - a dispatch-premise correction	7;839;77	none		premise_refuted	#7's body and all 15 of its comments contain no reference to #839 or #77, so #7 records no wait on them. The single #77 mention of #839 is a 2026-09-23 progress note on a zero-diff branch, not a dependency. #7's real wait is on #2899.	BASE
daemon activation slice is one split path shared by five sibling lanes	66;203;204;839;1115	bins/eliotd daemon activation projection and Kernel submit/reconcile transport	3766;3869;2369	sibling_lanes_one_reverse_dependency	#839's body says explicitly Do NOT wait for complete #66 closure: that closure needs this daemon result. #66's triage lists #66/#203/#204/#839/#1115 as five lanes of one split path. #839's remaining work is test rebinding only; lib.rs, daemon_runtime.rs and daemon_kernel_client.rs are read-only for it because open PRs #3766/#3869/#2369 already own them.	BASE
A-15 twelve-dimension contract is the shared output of two cognition issues with no shared file	868;878;787;866	crates/smart/eliot-context-contracts::QualityScorecard and QUALITY_DIMENSIONS		shared_output_no_file_conflict	#868 writes crates/smart/eliot-context/** and #878 writes crates/eliot-engine/**; facade.rs records that the engine type is a different type with its own owner. #868's donor crate has zero rows in the frozen measurement inventory, so it changes no estimator formula and cannot invalidate #783/#787/#880.	BASE
frozen serde-boundary golden and the facade disposition table both sit outside #868's scope	868;584;708;2701;929	crates/foundation/eliot-contracts/tests/data/shipped_serde_boundaries.toml row for PacketQualityScorecard and crates/smart/eliot-context/src/facade.rs::FACADE_DISPOSITIONS		owner_regeneration_required_before_merge	The frozen row pins span 467-490 and two digests for the exact struct #868 must migrate, and the facade table is a fixed [(&str,&str,&str); 64] array whose #832 precedent was bumped when a new public legacy item was added. Both files are outside #868's declared mutable scope, and #868 may avoid new public legacy items entirely.	BASE
two independent capacity classifiers must stay permanently separate	864;876	modern BlobStore capacity classification versus the legacy donor copy		permanent_separation_no_action	#876's body states This task covers only the legacy donor; #864 owns the current provider-neutral BlobStore API/implementation, and lists the modern crates as must-not-modify. The legacy donor keeps its own namespaced copy and never depends on the modern crate, and a guard case fails the build if either crate name ever appears in the legacy manifest or owned sources. Any future merge of the two classifiers would need a named owner on both sides.	BASE
no in-tree consumer discriminates the new typed storage-exhaustion variants	876;487;78	the anyhow boundary at crates/eliot-app/src/mcp_stdio.rs		unowned_design_question	The engine keeps the error typed while the MCP surface folds it through anyhow::Error by Display, so no current caller branches on the capacity or cleanup variants at all. The issue body says such a caller needs a named coordinated owner, not unowned edits - recorded, not this card's work.	BASE
legacy store crate is in use, not retired - a dispatch-premise correction	876;19;18;3980	crates/eliot-store/** and the PLAN M-LEGACY card		premise_refuted	crates/eliot-app imports the blob store and roughly twenty live call sites exist across the MCP handlers, the data/memory commands and four eliot-engine files. PLAN row 1 dispatches M-LEGACY work INTO that crate and its DO NOT list says revive legacy runtime, i.e. the lane treats it as in use. #19 and #18 are still open and close boundaries rather than retire this crate. Separately #3980 edits two different files in the same crate, so a one-writer-per-file rule still holds.	BASE
PLAN row 1 edits two files in the same crate as #876's four paths	3980;876;19	crates/eliot-store/src/surreal_server.rs and surreal_rpc.rs		same_crate_different_files	The four #876 paths do not occur outside crates/eliot-store, and the PLAN row touches only the server supervisor and RPC files in that crate, so no physical file conflict exists - but both issues must be dispatched with the one-writer-per-file rule explicit.	BASE
C0 admission proof is red over its own merged transaction	829;830;967;836	the recorded admission transaction and its case-16 zero-Rust assertion		escalate_rebaseline_decision	The recorded transaction contains 27 changed paths of which 8 are .rs (7 in the dreamer contracts crate, 1 in the curation-contracts test). case16 asserts rust == [] and also asserts the authorized delta paths are Rust-free, and the case own docstring says there is deliberately no formatting-only allowlist and that this case therefore fails on any .rs path in the recorded transaction. Option (a) re-baseline onto a new serialized root commit with no .rs path is forbidden by the body clause against duplicate membership or forced rollback; option (c) leaves it red pending a root-authorized turn this lane may not perform; docs are silent on any re-baseline or transaction-rewrite procedure.	BASE
the single admission gate is work_unit_gate, not the L1 suite	829;830;967	scripts/work_unit_gate contracts and descriptor runner plus the assignment auditor rules		one_gate_no_second_oracle	No second assignment or receipt oracle exists; both wave suites consume the same gate. But the L1 suite contains a landmine: it parses the challenges file and asserts blocking == [] for every OPEN entry whose needed_by intersects its five learning names, so any new OPEN challenge naming one of those five turns that suite red. Those names appear zero times today, so it is untriggered, and #829 must not route admission through it.	BASE
navigation index staleness is a foreign blocker both admission waves share	829;830;690;1914	docs/code-navigation/PACKAGE_DOCS_INDEX.md		foreign_blocker_do_not_repair_here	The index was last regenerated before a profile-resolver bin was added, so the package-docs check raises stale-or-hand-edited and the navigation check exits nonzero at this base. #829 records it as a navigation blocker it does not own. #690's index fix is already merged, so #690's own staleness finding is a different, still-open one for a different set of packages.	BASE
root-writer policy comment ownership is contested between the two waves	829;830;967	the root manifest policy comment		contested_needs_ruling	#830's must-not-modify forbids touching root policy comments already owned by #829, but the live comment now names the L1 wave as the single serialized root turn for proved learning cells, so #829's wording was superseded while the frozen fixture still records it. One writer must be named before either wave's turn.	BASE
guest target pin is present, not blocking, but its proof issue is thin	638;870;764;762;758;21	the pinned guest target and channel, the affected-component lane, and the typed-domain execution surface		present_not_blocking_but_870_is_its_own_READY_card	The toolchain file already declares the pinned channel and the guest target, the toolchain checker and the lane helper plus just recipes already exist, and the lane registry fixture ALREADY names this guest with its world and native contract. #638's own body states the lane is later qualification after #762, not a prerequisite to direct guest builds, so the card must build directly by manifest and not consume the lane. #870 is OPEN with only 3 of its declared 16 markers, which is why it has its own READY card rather than being folded in here.	BASE
the host typed-domain entry points exist but #758 owns their matrix	638;758;760		4599	read_only_dependency_do_not_depend_on_758_fixtures	Both typed-domain entry points and the contract-kit/test-capsule types exist on main, but the host test file carries ZERO of #758's declared 26 markers and no typed-world component fixture exists - only the legacy guest fixtures. #638's case 11 must therefore execute its OWN real component rather than depend on a #758 fixture.	BASE
two sibling guest packages are disjoint, not sequential	638;762	two separate guest crates		disjoint_separate_guests	The assembly guest path does not exist at this base; #638 explicitly excludes assembly from its scope and #762 targets a different world. Neither blocks the other; #762 independently waits on the toolchain proof issue.	BASE
root admission of the guest crate is a controller turn, not card work	638;829;830	root manifest members/exclude/dependency/lock and the two generated code-navigation indexes	4495	controller_turn_reserved_by_the_issue	#638 reserves root admission to its controller alone, so this card must NOT admit the package to the root workspace or edit the lockfile, the dependency-policy file or the standalone-crate dispositions. An open headroom PR touches the read-only upstream admission and contracts crates additively with no public item removed, so it neither conflicts with nor supplies the remaining work.	BASE
adding a build-dependency may trip the dependency-policy inventory	638;704;787;866	the dependency-policy inventory for a supply-chain-invisible nonmember manifest		controller_turn_if_it_trips	The bindgen crate is present in the lockfile only transitively through the WASI runtime, so adding it as a direct build dependency of this nonmember may raise a missing-from-inventory finding in the dependency scanner. If it does, that policy row belongs with the deferred root admission, not with this card.	BASE
daemon_runtime.rs serialization	2559 -> 2560	bins/eliotd/src/daemon_runtime.rs (2559 shutdown drain, 2560 readiness transitions and the owner-session mandatory gate)	2369	SERIALIZE_2560_FIRST. Both READY cards claim the same file. 2560 owns the readiness classification; 2559 owns the drain and must read 2560's transition owner. One writer at a time; 2560 first. Both bodies also say "Work on main only, no branches/worktrees", which conflicts with the CONTINUATION/PLAN manager-worktree rule - root must resolve before either claim.	https://github.com/UnknownAlienHuman/eliot-memory-os/issues/2559#issuecomment-5918923857;https://github.com/UnknownAlienHuman/eliot-memory-os/issues/2560#issuecomment-5900222641	BASE
daemon_request_dispatch.rs fan-out	1905; 1925; 1926; 1933; 1950; 1952	bins/eliot-kernel/src/daemon_request_dispatch.rs (1905 adds the lifecycle-persist route arm; 1933 lists it read-only; 1925/1926/1950/1952 all traverse it as the canonical write/restart route)	2369, 3811, 3812, 3869, 4490	SERIALIZE_ONE_WRITER_PER_FILE. Only #1905 claims it today. Four open PRs hold it. #1933's card lists it READ ONLY, so #1905 and #1933 may run concurrently; any new work on this file needs an explicit transfer, and different lines of one file are not independent claims.	https://github.com/UnknownAlienHuman/eliot-memory-os/issues/1905#issuecomment-5795084571;control-20260923-impl/v2/review/OPEN-PRS.tsv	BASE
eliotd admission edge	1929 -> 1930	bins/eliotd/src/kernel_transition_client.rs::check_identity_binding - the live admission edge #1929 must supply task selection to and #1930 must supply observed heads, predicate normal form and provenance to	[]	ONE_AMENDMENT_FOR_BOTH. Both are WAIT, and both wait on a different missing owner (#1790 cold-start receipt for #1929; the I05-06 candidate/projection read operations for #1930). When either releases, one scope amendment should cover the shared edge rather than two competing writers.	https://github.com/UnknownAlienHuman/eliot-memory-os/issues/1929#issuecomment-5847662268;https://github.com/UnknownAlienHuman/eliot-memory-os/issues/1930	BASE
eliotd read composition	2563 -> 2564; 2564 -> 1949	bins/eliotd/src/kernel_context_read_client.rs and bins/eliotd/src/context_reconstruction_route.rs. #2563 (PRESERVE) landed the seven-role reconstruction; #2564's State lane consumes it now while its Packet lane is held; #1949 needs the same file live for rank-trace delivery.	4495	#2564_SPLIT_STATE_FROM_PACKET. #2563 is done and supplies the seven-role output. #2564's State lane is dispatchable now; its Packet lane waits on #1724/#1725/#1726/#1728. PR #4495 changes compile_context_packet's signature for #1725 and is a real conflict surface for the Packet lane. #1949 waits on the I12-13 admission-bundle owner, which is the same supply #2564's Packet lane needs - release both together.	https://github.com/UnknownAlienHuman/eliot-memory-os/issues/2564#issuecomment-5857066915;https://github.com/UnknownAlienHuman/eliot-memory-os/issues/1949#issuecomment-5891658936	BASE
MCP observe carrier chain	2565 -> 2562 -> 2567	One bounded carrier: #2565 produces the retained Observation/handle with status+cancel readback; #2562's pending tools/call state machine consumes it; #2567's coordinate leg consumes it. None of the three has a live producer today.	2369	SERIALIZED_PRODUCER_FIRST. #2565 is the named producer (comment 5845541446 marks #2562 BLOCKED-BY it). #2562 step 1 makes #2565's owner flight its first serialized step. No bridge writer claim opens until #2565 lands, otherwise the front-door state machine would poll a handle that is never returned.	https://github.com/UnknownAlienHuman/eliot-memory-os/issues/2562#issuecomment-5857029622;https://github.com/UnknownAlienHuman/eliot-memory-os/issues/2565#issuecomment-5843661097	BASE
positive capability evidence	1957 -> 1958; 1957 -> 1959; 1957 -> 2567; 1891 -> 1957	One missing producer: an owner-issued RuntimeObservedFacts / positive capability evidence row. #1957 names the commit_production_observation producer, #1958 the observed-fingerprint key, #1959 the admission gate that reads it, #2567 the ModelRegistryPort adapter that supplies it, and #1891 needs the same Governor-owned registry projection identity.	3766	ONE_PRODUCER_FOUR_CONSUMERS. commit_production_observation has exactly two hits on main - its definition and a re-export. #1958 and #1959 are NOT missing-contract waits: I03.4:100-141 already fixes the fingerprint field list and the probe_passed/observed rule. Root should assign the producer once and let all four consumers follow, rather than scheduling three consumer cards that each re-derive authority.	https://github.com/UnknownAlienHuman/eliot-memory-os/issues/1957#issuecomment-5944599088;https://github.com/UnknownAlienHuman/eliot-memory-os/issues/1891#issuecomment-5943145131	BASE
I1.12 compatibility envelope	1890 -> 1968	crates/kernel/eliot-kernel-core/src/module/compatibility_handshake.rs and the I1.12 envelope. #1890 and #1968 are near-duplicate owners of the same envelope; both consume the pair identity owned by #1067.	4490, 2369	SERIALIZE_ONE_ENVELOPE_OWNER. #1890 additionally needs #1067: docs/normative-pair.toml declares pair_key sha256:ab2011bd... while CURRENT_NORMATIVE_PAIR_KEY is sha256:3ea4dc34..., both internally self-consistent, so the Kernel verifies a pair the accepted receipt no longer declares. REVIEWED.tsv already records #1968 as RECHECK with "Repair the I1.12 reference; verify pair/Blob-generation ownership" - that row is reused, not contradicted.	https://github.com/UnknownAlienHuman/eliot-memory-os/issues/1890#issuecomment-5942996901;https://github.com/UnknownAlienHuman/eliot-memory-os/blob/b7e9e334569639a6290baeacf82bf44941def506/docs/normative-pair.toml	BASE
Store bridge generation family	1933 -> 1925 -> 1926	bins/eliot-store-surreal/src/{lib.rs,connection_manager.rs} and crates/storage/eliot-store-surreal-adapter/src/{lib.rs,apply.rs,client.rs} (1933's five write files) versus #1926's Store reserved-write execution generation and #1925's reserved-write envelope.	3811, 3812, 3869	FILE_SERIALIZATION_ON_ORS_GENERATION. #1933 is READY and does NOT install install_concurrent_execution (its card forbids it, because that collides with CAPABILITIES advertisement and the Kernel session hello). #1926/#1925 are WAIT on the reserved-write execution generation and the ORS CanonicalEvidenceProvider. If #1933 lands first it must not make that generation installable by side effect. PR #3811/#3812 hold apply.rs and atomic_write.rs - different lines, serialize by file.	https://github.com/UnknownAlienHuman/eliot-memory-os/issues/1933#issuecomment-5927115456;https://github.com/UnknownAlienHuman/eliot-memory-os/issues/1925#issuecomment-5929869253	BASE
generation cutover ownership	1951 -> 1950; 1951 -> 1952; 1971 -> 1950	crates/kernel/eliot-ors/src/cutover_ownership.rs is one owner file for all three. #1950 defect 4 is #1951's permit; #1952 consumes the same DaemonCutoverOwnership block; #1971 must choose between two incompatible artifact-identity families in the same crate.	3869	ONE_OWNER_FILE_THREE_CONSUMERS. All three are WAIT/ESCALATE on #1951's per-scope resolution transition and OperationContinuationPermit::issue (zero callers). #1951 is the release gate. #1971's escalation must be answered first because it decides which artifact-identity family the other two persist. PR #3869 contacts store.rs where all three would add tables.	https://github.com/UnknownAlienHuman/eliot-memory-os/issues/1951#issuecomment-5856982593;https://github.com/UnknownAlienHuman/eliot-memory-os/issues/1971#issuecomment-5939864582	BASE
event/privacy sequencing cluster	1934 -> 2561 -> 1936; 1934 -> 2561 -> 1942	One current ORS schema. #1934 owns the ingest/normalization privacy decision; #2561 consumes its owner relations plus #2730/#2731/#2732; #1936 needs #2561's durable persistence plus #1934's projection rows; #1942 needs the same trigger lane.	3869, 3053	SEQUENCED_NO_PARALLEL_CLAIM. The STITCH-PLAN historical group "#1934/#2561/#2731/#2732; #2729/#2730" was rechecked, not trusted: #2729 is CLOSED with its binding on main, while #2730/#2731/#2732/#1934 are the four OPEN outputs #2561 still needs. store.rs:20641 names the second join verbatim ("the receiving-owner terminal disposition stays BLOCKED-BY #1934/#2561"). PR #3869's bridge material is absorbed; PR #3053's Host receipt type is absent from main and needs dispositioning.	https://github.com/UnknownAlienHuman/eliot-memory-os/issues/2561#issuecomment-5896675871;https://github.com/UnknownAlienHuman/eliot-memory-os/issues/1934#issuecomment-5906017754	BASE
Store read boundary	1931 -> 1930; 1931 + 1930 -> 3811/3812	crates/storage/eliot-store-surreal-adapter/src/apply/read_boundary.rs is claimed by draft PRs #3811 and #3812, and #1930 names the same files as where its missing read operations must be added.	3811, 3812	RESOLVE_PR_BEFORE_CLAIM. #1931's Store read-gate leg (audit items 1-4) is the only dispatchable slice once the Doctor leg is released by #1693, but read_boundary.rs currently has two open writers. #1930's missing NamedReadOperation variants are also meant for the same closed catalogue and read boundary. One writer, and decide the PR disposition first.	https://github.com/UnknownAlienHuman/eliot-memory-os/issues/1931#issuecomment-5940280156;control-20260923-impl/v2/review/OPEN-PRS.tsv	BASE
module/test corpus regeneration	1894 -> 1913 -> 1897 -> 1898	docs/code-navigation/capsules/index.json and the per-cell artifacts. #1894 must give all 118 cells a proof entrypoint; #1913's dev_crate_check reads two keys the corpus does not publish; #1897/#1898 both depend on the committed corpus and BuildFingerprint.	2369, 4495	CORPUS_INVALIDATED_BY_ANY_SOURCE_EDIT. check_capsules recomputes each artifact digest against the current tree, so any open PR editing a selected source file or a package Cargo.toml makes the committed corpus stale. Any capsule regeneration is root-only on combined source; a writer must not hand-edit under docs/code-navigation/capsules/. #1894's escalation (derived vs declared entrypoint) must be answered before #1913's carve-out is scheduled.	https://github.com/UnknownAlienHuman/eliot-memory-os/issues/1894#issuecomment-5924848350;https://github.com/UnknownAlienHuman/eliot-memory-os/issues/1913#issuecomment-5942270828	BASE
reactive-context durable owner	1886 -> 1942 -> 2369	Who owns durable reactive-context delivery/ack state. #1886 escalates the three-way choice; #1942 needs the daemon trigger lane; draft #2369's reactive_feed.rs module doc assigns the bridge "session ledger, delivery history, receipts, admission" - the opposite of the Kernel/ORS destination #1886's audit demands.	2369, 4599, 3053	ANSWER_ESCALATION_BEFORE_ANY_CLAIM. #1942's owner-file legs are WAIT on the same unnamed owner, and #1942 explicitly notes "meets #1886: #1886 must not be blocked by this issue - its journal allowlist work is separable." Do not let #1942 or #2369 resolve the destination by default; #1886's escalation must be recorded first or two owners will be created.	https://github.com/UnknownAlienHuman/eliot-memory-os/issues/1886#issuecomment-5944688876;https://github.com/UnknownAlienHuman/eliot-memory-os/issues/1942#issuecomment-5848543052	BASE
skills lifecycle files	1946 -> 1882 -> 3766	crates/governor/eliot-skill/** plus bins/eliotd/src/{lib.rs,skill_dispatch.rs,skill_lifecycle_adapters.rs}. PR #3766 for #1882 edits exactly these files and its AppliedDeliveryRecord material is verified absent from main.	3766	PR_DISPOSITION_BEFORE_CLAIM. #1946 is WAIT behind #1882/#1191, but even the two owner-local defects it confirmed (record_execution_evidence passing conflicts: &[] and the uncalled record_conflict) need an explicit file transfer because #3766 holds them.	https://github.com/UnknownAlienHuman/eliot-memory-os/issues/1946#issuecomment-5936912212;https://github.com/UnknownAlienHuman/eliot-memory-os/pull/3766	BASE
context admission bundle	1949 -> 2564; 1949 -> 1892	The four admission-closure identities (PriorityPolicyIdentity, AdmissionRuleIdentity, MeasurementCompositionProfile and the seven role projections) are constructed only in tests. #1949's live-caller residual, #2564's Packet lane and #1892's step-4/blob leg all wait on the same supply.	4495	ONE_SUPPLY_THREE_CONSUMERS. admit_context_traced's own note records "of the four admission-closure identities above exactly one now has a production construction site", and CampaignPacketGapCode::AdmissionClosureUnbound enumerates the same absent owners. Release the supply once (#1724/#1725/#1726/#1728 + the I12-13 contract) instead of three consumers each inventing a stand-in. Note: measure_exact_utf8 DOES have a production caller, so cognitive-edge-map.toml's unadmitted_campaign_view_join_reason text is partly stale.	https://github.com/UnknownAlienHuman/eliot-memory-os/issues/1949#issuecomment-5891658936;https://github.com/UnknownAlienHuman/eliot-memory-os/issues/2564#issuecomment-5933491434	BASE
eliotd context/evidence files	1910 -> 2563; 1910 -> 3766; 1910 -> 1963; 1957/1958/1959 -> 3766	bins/eliotd/src/lib.rs is claimed by READY #1910 and contacted by draft #3766; #1963's unfed consume_admitted_solo_coordinate producer and #1957/#1958/#1959's capability-evidence reads also live in the same eliotd region.	3766	SERIALIZE_ONE_WRITER. #1910's card names bins/eliotd/src/lib.rs in EDIT, so #3766 must be dispositioned or transferred before #1910 runs. #1963 was closed as CLOSE-CANDIDATE precisely because its unfed solo-queue producer belongs to the #2567/#1702 lineage - do not reattach it to #1963.	https://github.com/UnknownAlienHuman/eliot-memory-os/issues/1910#issuecomment-5931621811;https://github.com/UnknownAlienHuman/eliot-memory-os/issues/1963#issuecomment-5896683223	BASE
wasm host delivery	1956 -> 2568	bins/eliot-wasm-host: READY #2568 writes crates/kernel/eliot-kernel-service/src/wasm_dispatch.rs (the delivery owner the host's ordinary request loop depends on) and READY #1956 writes request_loop.rs/dispatch_drive.rs (the result path). #2568's completion criterion is that the host stops answering NoDeliverySet, which is what #1956's live result path needs.	4599, 2369	SERIALIZE_2568_BEFORE_1956_IF_ORDERED. The files are disjoint so both may run, but #1956's activation observation cannot be observed live until #2568 publishes a real delivery set. #4599 is obsolete for both (it touches wasmtime_provider.rs and tests only).	https://github.com/UnknownAlienHuman/eliot-memory-os/issues/2568#issuecomment-5944160703;https://github.com/UnknownAlienHuman/eliot-memory-os/issues/1956#issuecomment-5943244611	BASE
release/bundle provenance	1923 -> 1898 -> 1900; 1923 -> 2956	tests/release-security/build-sandbox-cache-tests.ps1 holds the provenance_binding record #1923 must derive from the staged manifest, while #1898's cache_isolation and #1900's release-flow profile are the same script's other FALLBACK_REQUIRED records. #1900 additionally needs #1227's signed release generation.	2956, 4599	ONE_SCRIPT_THREE_RECORDS. #1923 is READY and its DO-NOT list explicitly forbids rewriting the forbidden_secret_denied/network_deny_or_authorized/bounded_output/descendant_removal records that #1898 also depends on. Draft #2956 holds the same build script for the #1719 front-door selection change - transfer, not merge. #1898's cache owner is architecturally closed (eliot-engine is in forbidden_exact at 14 roots), so its record cannot be made PROVEN by #1923.	https://github.com/UnknownAlienHuman/eliot-memory-os/issues/1923#issuecomment-5932529523;https://github.com/UnknownAlienHuman/eliot-memory-os/issues/1898#issuecomment-5899156921	BASE
Kernel startup / Policy owner	1967 -> 1935 -> 1892; 1967 -> 2100; 1967 -> 2385	bins/eliot-kernel/src/daemon_request_dispatch.rs: #1967's step-8 ordering defect, #1935's revision recording, #1892's step-4 probe result and #2100's revocation resume all traverse it; #2385 needs a generation/rollback-capability fact the same startup authority would own.	3869, 4845	SERIALIZE_AFTER_TWO_PRODUCERS. #1967 needs a Policy owner record that no issue owns (MISSING-CONTRACT I03-10); #1935/#1892 need the Governor observation that #1937 owns. Two independent missing producers land in one file, so root should sequence them explicitly rather than letting either card claim daemon_request_dispatch.rs first. #2100's ingress is a separate MISSING producer (#1692) but the same revocation/authority theme.	https://github.com/UnknownAlienHuman/eliot-memory-os/issues/1967#issuecomment-5899670507;https://github.com/UnknownAlienHuman/eliot-memory-os/issues/1935#issuecomment-5868009046	BASE
T01 allocation denominator: main inventory row_count=14 omits all 38 ids.rs id_type! expansions and mislabels transparent newtype refusal	930;929	crates/foundation/eliot-contracts/tests/data/shipped_serde_boundaries.toml [[allocations]] child=#930		REPORT_FROM_LEAF: generator and generated artifact stay #929-owned writes; #930 reports the delta, edits neither	https://github.com/UnknownAlienHuman/eliot-memory-os/issues/930#issuecomment-5886313361	BASE
Family acceptance corpus handoff into shared workspace integration	930;710	crates/eliot-types/tests/serde_t01_core.rs		#710 owns shared workspace integration; #930 runs only its own scoped test	https://github.com/UnknownAlienHuman/eliot-memory-os/issues/710	BASE
HealthRecord.status decoder boundary owned by the T03 leaf, not T01	930;931	crates/eliot-types/src/records.rs::HealthRecord		DECOMPOSED: #930 explicitly does not certify HealthRecord.status; #931 owns it	https://github.com/UnknownAlienHuman/eliot-memory-os/issues/931	BASE
CompilePacketToolInput flat wire shape mirrors memory.rs::CompilePacketL3Request; mcp_contract.rs::COMPILE_PACKET_TOOL_FIELDS must stay identical to the memory.rs field list	933;937	crates/eliot-types/src/memory.rs::CompilePacketL3Request		SERIALIZED: #937 is OPEN and owns memory.rs. If it adds/removes/renames project_id, task_id, goal, candidate_handles or max_tokens, #933 updates COMPILE_PACKET_TOOL_FIELDS and its case-13 shape assertion in the same turn. #933 never edits memory.rs.	https://github.com/UnknownAlienHuman/eliot-memory-os/issues/937	BASE
T04 inventory row set, row count and readiness flag	933;929	crates/foundation/eliot-contracts/tests/data/shipped_serde_boundaries.toml [[allocations]] child=#933 family=T04		SEQUENCED: #929 owns the inventory tool. After #933 lands, #929 drops the :planned suffix and sets test_bytes>0. main row count is 54 (incl. CompilePacketToolInputVisitor), not the 53 in the issue body; #933 must cover 54.	https://github.com/UnknownAlienHuman/eliot-memory-os/issues/929	BASE
ObserveInput.hint alias=kind and schema_version helper default: closed control variant trial-accepted under two names, omitted version silently promoted	933;eliot-mcp owner	crates/eliot-types/src/mcp_contract.rs::ObserveInput; crates/surfaces/eliot-mcp/src/schema.rs::descriptor -> canonical_tool_schemas -> published_mcp_tool_surface -> tools/list		OUT_OF_SCOPE_HANDOFF: outside #933 exclusive mutable scope. APPENDIX-P makes a published-schema required change a major incompatibility, so the rows stay explicitly unresolved in source with named owners and #933 cases 9-12 record them as known non-clean paths, never as passes.	https://github.com/UnknownAlienHuman/eliot-memory-os/issues/933#issuecomment-5886155113	BASE
ObservabilityWriteReceipt strict decoder vs Surreal record id projection	931;2990	crates/eliot-store/src/surql/apply_observability.surql; crates/eliot-store/src/surql/observability_receipt_by_id.surql		ABSORBED: both now SELECT * OMIT id and build explicit nine-field replay/conflict objects, so the strict DTO stays. #2990 is code-complete on main and is not a blocker.	https://github.com/UnknownAlienHuman/eliot-memory-os/issues/2990	BASE
MemoryInfluenceToolInput acknowledgement branch vs its closed owner	931;941	crates/eliot-types/src/ul/injection.rs::MEMORY_INFLUENCE_ACK_FIELDS		ABSORBED: the visitor returns unknown_field on the ack arm too (PR #4500)	https://github.com/UnknownAlienHuman/eliot-memory-os/issues/941	BASE
Nested MemoryInfluenceTrace openness inside the Full variant	931;935	crates/eliot-types/src/cognition.rs		OUT_OF_SCOPE_RESIDUAL: named residual R4, outside the T02 file set. #935/T06 owns cognition.rs.	https://github.com/UnknownAlienHuman/eliot-memory-os/issues/935	BASE
T02 inventory readiness flag and test_files :planned entry	931;929	crates/foundation/eliot-contracts/tests/data/shipped_serde_boundaries.toml [[allocations]] child=#931 family=T02		SEQUENCED: #929 owns the inventory tool and must drop :planned plus set test_bytes after #931 lands serde_t02_runtime.rs	https://github.com/UnknownAlienHuman/eliot-memory-os/issues/929	BASE
terminal operation correlation shared by the #893 leaf observations and the single terminal record	893;889	bins/eliot-host/src/host_diagnostics.rs (frozen in #893 scope; #889 is the facade owner)		WAIT: #889 must accept/produce the typed terminal-correlation projection first; #893 items 3-5 then land in credential_control.rs and the six files	https://github.com/UnknownAlienHuman/eliot-memory-os/issues/889	BASE
HostTerminalGuard correlation retention for Phase-B / activation / store-recovery operations whose terminals are emitted from lib.rs	893;891	bins/eliot-host/src/lib.rs::HostTerminalGuard (frozen in #893 scope; #891 owns lib.rs boundaries)		WAIT: needs #891 or an explicit #893 scope amendment; without it defect 1 cannot be implemented without violating the issue's own freeze	https://github.com/UnknownAlienHuman/eliot-memory-os/issues/891	BASE
lib.rs file-level edit overlap	893;PR#2369,PR#3869	bins/eliot-host/src/lib.rs	2369;3869	OBSOLETE_FOR_893: #2369 is draft+CONFLICTING with no evidenced guard/observation hunk; #3869's diff matches none of HostTerminalGuard, ActivationObservation, reconcile_pending_activation, credential_control or observe_terminal_error. Any future lib.rs terminal edit must rebase past both.	https://github.com/UnknownAlienHuman/eliot-memory-os/pull/2369;https://github.com/UnknownAlienHuman/eliot-memory-os/pull/3869	BASE
five-module process/supervision boundary denominator shared with sibling leaf diagnostics tests	901;895;897;899;903	bins/eliot-kernel/src/kernel_diagnostics.rs (operation_context/bound_field/KERNEL_DIAGNOSTICS_TARGET) and the tests/data/kernel_*_diagnostics.json fixture convention		REUSE_ONLY: #901 must reuse #895's facade and the sibling fixture shape without editing the shared facade, registry or sibling fixtures	https://github.com/UnknownAlienHuman/eliot-memory-os/issues/895	BASE
store ingress row: Surreal output arrives as serde_json::Value, so canonical_record.rs cannot observe lexical duplicates at the decode entry	976;929	crates/eliot-store/src/canonical_store.rs::decode_value		NO_LOCAL_CHANGE: upstream raw->Value ingress ownership and the row stay with #929. #976 must not claim ingress-wide rejection from its own fix.	https://github.com/UnknownAlienHuman/eliot-memory-os/issues/929	BASE
CanonicalRecord legacy decoder vs the deprecated-CueKind gate that was the only named clippy blocker	976;PR#none	crates/eliot-store/src/canonical_record.rs		NOLONGER_APPLIES: comment 5751793704 named crates/eliot-types/src/ul/cue.rs::CueKind `deprecated` as the clippy gate; on main the enum is LegacyCueKindV1 with no deprecated attribute, so cargo clippy -p eliot-store --all-targets -D warnings is expected unblocked (not executed by this read-only reviewer)	https://github.com/UnknownAlienHuman/eliot-memory-os/issues/976#issuecomment-5794951746	BASE
IsolatedRestorePort::reconcile_operation default body vs the concrete owner implementation	950;952	crates/storage/eliot-store-surreal-adapter/src/backup_restore.rs::IsolatedRestorePort::reconcile_operation		NO_ADAPTER_CHANGE: the concrete override already derives its verdict from durable readback, so tightening the shared default to refuse needs no adapter edit	https://github.com/UnknownAlienHuman/eliot-memory-os/issues/952	BASE
CAPABILITY_STORE_BACKUP advertisement gate	950;975	crates/storage/eliot-store-api/src/wire.rs::CAPABILITIES		OUT_OF_SCOPE: #950 must leave the capability unadvertised; #975 owns the runtime gate	https://github.com/UnknownAlienHuman/eliot-memory-os/issues/975	BASE
Store API lib.rs reexport block overlap	950;PR#3812,PR#3811	crates/storage/eliot-store-api/src/lib.rs	3811;3812	STILL_NEEDED_DISJOINT: both hunks are epistemic_revision/integration_candidate modules, NamedRead/NamedMutation and operation_catalogue; neither touches the backup_io module or its reexport block, so no #950 repair overlap	https://github.com/UnknownAlienHuman/eliot-memory-os/pull/3812;https://github.com/UnknownAlienHuman/eliot-memory-os/pull/3811	BASE
blob-api CAS public surface (BlobCasRequest/BlobCasState/BlobCasOutcome/BlobCasFailure/BlobError::CasFailure)	946;864	crates/storage/eliot-blob-api/src/lib.rs		SERIAL_TURN_REQUIRED: both issues declare it and #946 forbids a parallel enum writer	https://github.com/UnknownAlienHuman/eliot-memory-os/issues/864	BASE
CAS consumer construction of BlobCasFailure/BlobError::CasFailure and public request field reads	946;730	crates/storage/eliot-blob/src/lib.rs (99 field accesses, 9 direct failure constructions)		OWNER_CLOSED: #730 is CLOSED, so its consumer surface has no open owner. This is the unowned seam that forces the escalation.	https://github.com/UnknownAlienHuman/eliot-memory-os/issues/730	BASE
BlobError public surface freeze before the exhaustive consumer freeze	946;864	crates/storage/eliot-blob-api/src/lib.rs::BlobError		SERIALIZED: #864 requires freezing exhaustive consumers before any BlobError change, and #946 items 3 and 5 alter that same variant set	https://github.com/UnknownAlienHuman/eliot-memory-os/issues/864	BASE
production Core Run dispatch of the RUNTIME provider lane	911;907	scripts/run-isolated-tests.ps1::New-HarnessRunProviderTable / scripts/integration/IntegrationHarness.Core.psm1::Invoke-IntegrationHarnessPrepare		BLOCKED: the file is on #911's Must-not-modify list, so #911 must not wire it	https://github.com/UnknownAlienHuman/eliot-memory-os/issues/907	BASE
exact row topology target reaching the provider	911;905	Requirement['target'] threading into scripts/run-isolated-tests.ps1		BLOCKED: the RUNTIME branch comment at run-isolated-tests.ps1:324 names the missing targetClass thread	https://github.com/UnknownAlienHuman/eliot-memory-os/issues/905	BASE
accepted STORE namespace/endpoint/credentialHandle triple	911;909	IntegrationHarness.Runtime.psm1::Resolve-RuntimeGovernorConfig -AcceptedStoreReceipt / IntegrationHarness.Store.psm1::Invoke-StoreAllocate result		BLOCKED: today only shape plus a same-run receipt is checked; the receipt contract carries testClass/providerRevision/digest/issuer/runId only	https://github.com/UnknownAlienHuman/eliot-memory-os/issues/909	BASE
authoritative generation / State Fence / authority epoch issuer	911;UNOWNED	IntegrationHarness.Runtime.psm1 $Script:RuntimeOwnerHandshakeIssuer = 'runtime-provider-owner' (module constant only)		ESCALATE_AS_SOURCE_OWNER_BLOCKER: no product producer exists on main, so the mandatory handshake cannot be satisfied by any current issue output	https://github.com/UnknownAlienHuman/eliot-memory-os/issues/911#issuecomment-5932228061	BASE
case-17 live proof consumes the ELIOT_BACKUP_EDGE_LIVE / ELIOT_BACKUP_EDGE_LIVE_CONFIG StoreLaunchConfig fixture	975;907;909;911	ELIOT_BACKUP_EDGE_LIVE_CONFIG StoreLaunchConfig fixture		WAIT: all producers OPEN; #975 supplies only the test that consumes it	https://github.com/UnknownAlienHuman/eliot-memory-os/issues/909	BASE
Kernel backup capture ports backup_begin/backup_page/backup_end have no production caller	975;959;960	crates/kernel/eliot-kernel-service/src/store_client.rs backup_* delegation		CONSUMER_OWNED: #975 binds the port; only backup_restore_batch has a caller today (KernelStoreGateway::backup_restore_batch -> bins/eliot-kernel/src/request_dispatch.rs:5040)	https://github.com/UnknownAlienHuman/eliot-memory-os/issues/959	BASE
bins/eliot-store-surreal + adapter file-level overlap	975;PR#3869	bins/eliot-store-surreal/src/lib.rs, crates/storage/eliot-store-surreal-adapter/src/backup_restore.rs	3869	OBSOLETE_FOR_975: every backup-named hunk in #3869 is actually bins/eliot-host/src/backup_config_projection.rs (#983 Host projection, v2->v3 digest pin); it supplies no #975 backup-edge code and no remaining #975 hunk	https://github.com/UnknownAlienHuman/eliot-memory-os/pull/3869	BASE
shared exclusive-scope file pair: PR #4599 (draft) edits ::_run_fixed and case 905/2 while #905 items 1-3 rewrite ::_run_fixed	905;PR#4599	scripts/integration/ignored_test_inventory.py::_run_fixed + scripts/tests/test_ignored_test_inventory.py	4599	SINGLE_WRITER: land #905 items 1-3 first, then rebase #4599 onto the merged head or fold its _compiler_failure_detail and PROGRAMDATA/SYSTEMDRIVE env work in	https://github.com/UnknownAlienHuman/eliot-memory-os/pull/4599	BASE
emitted inventory header/rows consumed by the read-only workflow validator and by #907	905;907;.github/workflows/integration.yml	emitted inventory header/rows artifact		ADDITIVE_FIELDS: keep SCHEMA v1, source_identity.head, row_count, aggregate_sha256 and per-row row_digest so the workflow keeps passing unchanged while #907 consumes the rows	https://github.com/UnknownAlienHuman/eliot-memory-os/issues/907	BASE
integration.yml evidence-cleanup directory-creation hunk	915;PR#4599	.github/workflows/integration.yml evidence-cleanup finalizer	4599	STILL_NEEDED_BUT_SPLIT: #4599's only integration.yml hunk is the 2-line .eliot creation for the verified defect; the rest of that PR (source-candidate.yml, Rust bins, Cargo.lock, operator-*.py) is outside #915's exclusive scope and must be split out, not merged under this issue	https://github.com/UnknownAlienHuman/eliot-memory-os/pull/4599	BASE
reserved-write client override	990;991	crates/storage/eliot-store-api/src/lib.rs::CanonicalStoreClient::apply_reserved_write default body		DIVIDED: #990 owns only the fail-closed default; #991 activates the wire variant and the concrete backend override	https://github.com/UnknownAlienHuman/eliot-memory-os/issues/991	BASE
daemon reserved-write routing	990;1925	bins/eliot-kernel/src/daemon_request_dispatch.rs (KernelStoreGateway::apply vs apply_reserved_write)		OUT_OF_SCOPE: #1925 owns live-path wiring	https://github.com/UnknownAlienHuman/eliot-memory-os/issues/1925	BASE
write_admission.rs doc-table row overlaps	990;PR#3812,PR#3811,PR#4490	crates/storage/eliot-store-api/src/write_admission.rs module doc table	3811;3812;4490	ADDITIVE_ROWS_ONLY: #3812 adds four mailbox doc rows, #3811 one integration_candidate row, #4490 touches store_gateway.rs outside #990 scope; merge after #990 closure with no rebase of #990 symbols	https://github.com/UnknownAlienHuman/eliot-memory-os/pull/3812	BASE
#942 sampler interface consumed by run_soak	944;942	scripts/integration/soak_samples.py		CONSUME_NEVER_DUPLICATE: if #942 changes record/result shape, #944 cases 1-2 and 11-12 rebind to the repaired API rather than pinning today's shape	https://github.com/UnknownAlienHuman/eliot-memory-os/issues/942	BASE
#943 analyzer interface; validate_run_evidence delegates producer validation and provenance to #944	944;943	scripts/integration/soak_analysis.py		COORDINATE: run_soak must emit eliot.soak_run_evidence/v1 RunEvidence and treat empty producer/issuer refs as unattested	https://github.com/UnknownAlienHuman/eliot-memory-os/issues/943	BASE
no supported Python-to-PowerShell bridge to the closed 9-op family (powershell_case_bridge.py::run_case is test-only)	944;907	scripts/integration/IntegrationHarness.Core.psm1::Test-IntegrationHarnessClosedOperation		MILESTONE_B_ONLY: Milestone A must return a bounded capability failure naming the required adapter	https://github.com/UnknownAlienHuman/eliot-memory-os/issues/907	BASE
owner-issued process binding cannot be manufactured from a PID/name/first sample	944;911	scripts/integration/IntegrationHarness.Runtime.psm1::Invoke-RuntimeStart, Get-RuntimeProcessBinding		MILESTONE_B_ONLY: Get-RuntimeProcessBinding returns only pid/imagePath/startUtc/alive with no retained handle or nonce	https://github.com/UnknownAlienHuman/eliot-memory-os/issues/911	BASE
root Cargo.lock / root Cargo.toml single-writer turn	965;PR#2369,PR#4495,PR#4599	Cargo.lock, Cargo.toml	2369;4495;4599	SERIALIZE: #965 preserves both files; serialize against any PR that edits them so no partial root admission lands	https://github.com/UnknownAlienHuman/eliot-memory-os/pull/2369	BASE
shared 20-case gate oracle semantics (BASE_SHA plus global counts)	965;966	scripts/tests/test_wave_admission_s1.py patterns reused by the S2 gate		AGREE_ONE_SHAPE: S2 must not copy the BASE_SHA/count model	https://github.com/UnknownAlienHuman/eliot-memory-os/issues/966	BASE
descriptor catalogue for the Curation leaf wave	965;852;837	.github/work-units/*.toml		SHARED_INTAKE: both waves consume the same materialized descriptors; neither may synthesize descriptor text in-test	https://github.com/UnknownAlienHuman/eliot-memory-os/issues/852	BASE
signal / shutdown-request observation in the front-door loop needed for #895 case 16	895;897	bins/eliot-kernel/src/front_door_driver.rs		UNASSIGNED: the file appears in neither #895's nor #897's mutable path list, so it needs an issue update or a new disjoint leaf, never silent absorption	https://github.com/UnknownAlienHuman/eliot-memory-os/issues/897	BASE
process-global tracing subscriber ownership and bounded non-blocking delivery	895;eliot-observability-runtime	crates/instrument/eliot-observability-runtime/src/bootstrap.rs::install_subscriber + rolling_log.rs::RollingLogWriter		CONVERGE_KERNEL_SIDE_ONLY: any runtime-crate change including its synchronous stderr layer needs a separate owner issue and an I2.17 ContractChallenge	https://github.com/UnknownAlienHuman/eliot-memory-os/issues/895	BASE
lib.rs registration-only serialization	895;PR#4490,PR#3869,PR#3811,PR#3812	bins/eliot-kernel/src/lib.rs	4490;3869;3811;3812	SERIALIZE: all four still need lib.rs; #895 keeps lib.rs to registration-only (pub mod kernel_diagnostics;) and adds no second mod or include! copy. #2369 is obsolete for this seam.	https://github.com/UnknownAlienHuman/eliot-memory-os/pull/4490	BASE
shared single-test-file convention: #903 has no markers and no boundary map while #897/#899 do	903;837	bins/eliot-kernel/tests/kernel_generation_control_diagnostics.rs marker set + fixture boundary map		#903 writes the markers and map inline; #837/#852 consume them for the receipt and must not require a second edit here	https://github.com/UnknownAlienHuman/eliot-memory-os/issues/837	BASE
live generation-cutover contour depends on the daemon operation registered outside #903 scope	903;3811;3812;2369	GENERATION_CUTOVER_OPERATION registration and without_daemon_routing_key decode path		NO_CONFLICT_BUT_RECHECK: none of those PRs edits generation_control.rs or the 903 test files, but a change to the routed payload shape would re-break #903 cases 8/12/30	https://github.com/UnknownAlienHuman/eliot-memory-os/issues/907	BASE
the Core-owned exact-test execution contour must consume the #850 bounded runner without giving the bridge command authority	907;850;851	scripts/work_unit_gate/descriptor_runner.py		STILL_NEEDED: the audit allows a typed runner-observation seam entering the same receipt validator; the worker must choose one and record it. No new contract required.	https://github.com/UnknownAlienHuman/eliot-memory-os/issues/850	BASE
per-group providerClass to typed provider activation binding consumed by New-HarnessRunProviderTable	907;909;911;913	IntegrationHarness.Core.psm1::Invoke-HarnessRun provider table and row providerClass		SPLIT_OWNERSHIP: the closed registry and missing-provider=InfrastructureBlocked rule are #907's; the concrete providers stay out of scope	https://github.com/UnknownAlienHuman/eliot-memory-os/issues/909	BASE
run-local inventory row normalisation consumed by Core	907;4599	scripts/integration/ignored_test_inventory.py		ADJACENT: the draft PR touches the #905 producer that #907 normalises read-only; recheck the row schema if #4599 lands	https://github.com/UnknownAlienHuman/eliot-memory-os/pull/4599	BASE
crates/meta/eliot-improvement/src/*.rs first use of eliot_learning_contracts, the consumer the edge exists for	970;819	crates/meta/eliot-improvement/Cargo.toml eliot-learning-contracts edge		READ_ONLY: #819 supplies the imported-type justification case 4 freezes; #970 must not add the import	https://github.com/UnknownAlienHuman/eliot-memory-os/issues/819	BASE
work-unit-gate descriptor selecting the 970 module/case scope	970;852	scripts/tests/test_learning_contract_link.py + scripts/testdata/work-unit-gate/learning-link/		#970 ships the module and fixtures only; #852 owns the descriptor and must not require whole-crate promotion	https://github.com/UnknownAlienHuman/eliot-memory-os/issues/852	BASE
root Cargo.lock base digest for the frozen lock-delta fixture	970;PR#4599,PR#4495,PR#2369	Cargo.lock	4599;4495;2369	REFREEZE_AT_DISPATCH: all three still move root Cargo.lock; #2369 also edits root Cargo.toml and can change workspace members, which cases 1 and 6 pin	https://github.com/UnknownAlienHuman/eliot-memory-os/pull/2369	BASE
case-13 live write/readback needs an approved isolated Event Log test source no open issue provisions in-repo	984;889;985	Event Log source registration owned by installation policy		EXTERNAL_PREREQUISITE: #984 writes the marker-bound case and the in-leaf readback only; the registered test source must not be created by this worker	https://github.com/UnknownAlienHuman/eliot-memory-os/issues/985	BASE
Host queue/admission/shutdown policy over the port	984;889	bins/eliot-host/src/windows_event_log.rs::WindowsEventLogQueue		OUT_OF_SCOPE: #984 owns only the low-level port	https://github.com/UnknownAlienHuman/eliot-memory-os/issues/889	BASE
MCP named-pipe ingress parses raw bytes to serde_json::Value before typed decoding, erasing duplicates the #938 decoders must reject	938;938-handoff	crates/eliot-app/src/mcp_stdio.rs::McpDaemon::handle_line and crates/eliot-app/src/named_pipe_ipc.rs::relay_request; reuse eliot_types::strict_json_value		OUT_OF_SCOPE_HANDOFF: must be a named repair issue; #938 stays non-complete until it exists	https://github.com/UnknownAlienHuman/eliot-memory-os/issues/938#issuecomment-5917060171	BASE
decoded RestoreReceipt consumed as rollback authorization without exact_action_hash or dry_run == false	938;938-handoff	crates/eliot-engine/src/safety.rs::RestoreService::rollback_isolated reading restore-evidence/restore-receipt.json		ASSIGN_BOUNDED_ISSUE: do not implement inside #938	https://github.com/UnknownAlienHuman/eliot-memory-os/issues/938#issuecomment-5841589809	BASE
T09 inventory test_files :planned entry	938;929	crates/foundation/eliot-contracts/tests/data/shipped_serde_boundaries.toml child=#938 family=T09		SEQUENCED: #929 owns the inventory tool and flips :planned plus sets test_bytes after #938 lands	https://github.com/UnknownAlienHuman/eliot-memory-os/issues/929	BASE
root Cargo.toml plus Cargo.lock single-writer lane	969;966;968;836;967;970;PR#2369	Cargo.toml, Cargo.lock		SERIALIZE: #969 needs no product write here (Preserve) and must yield the root-writer lane to PR #2369 and the sibling waves rather than re-deriving a lock delta	https://github.com/UnknownAlienHuman/eliot-memory-os/pull/2369	BASE
regenerated navigation indexes	969;PR#2500,PR#2453,PR#4688,PR#3579	docs/code-navigation/PACKAGE_DOCS_INDEX.md, PROTOTYPE_DOCS_INDEX.md		ABSORBED: regenerate only via python scripts/code_navigation.py; never hand-edit rows the four open doc-sync PRs also regenerate	https://github.com/UnknownAlienHuman/eliot-memory-os/pull/2500	BASE
work-unit descriptor cohort	969;852	.github/work-units/*.toml, .github/work-unit-cohort.toml		#969 must consume; creating the five leaf descriptors is #852's exclusive scope and #969's scope forbids descriptor edits	https://github.com/UnknownAlienHuman/eliot-memory-os/issues/852	BASE
gate execution route	969;837	scripts/work_unit_gate/__main__.py, scripts/verify-work-unit.py		READ_ONLY: #969 may call the accepted selected route but must not reimplement runner/argv/process logic (I18.27)	https://github.com/UnknownAlienHuman/eliot-memory-os/issues/837	BASE
caller-scope vs allocated-file-scope conflict inside #935	935;935-body	crates/eliot-app/src/mcp_stdio/cognition.rs, mcp_stdio/verification.rs, crates/eliot-engine/src/cognitive_disposition.rs, mcp_stdio/task_handlers.rs		SCOPE_CONFLICT: Implementation 3 requires the check at the real decode boundary but the body forbids other source. Manager must extend the write scope or open a child issue owning the caller guards, exactly as #2985 was opened for the ingress half	https://github.com/UnknownAlienHuman/eliot-memory-os/issues/935#issuecomment-5910456484	BASE
inventory row semantics for the version gap	935;929	crates/foundation/eliot-contracts/tests/data/shipped_serde_boundaries.toml		NO_CONFLICT: the 90 current-closed/29 E1-E3 rows already record derive-only closure; this is a caller finding and must not be relabelled as an inventory fix	https://github.com/UnknownAlienHuman/eliot-memory-os/issues/929	BASE
previously relevant PRs are absorbed	935;PR#2721,PR#2769	eliot-types DTO closure and shipped_serde_boundaries.toml refresh	2721;2769	ABSORBED: no open PR touches the T06 files, mcp_stdio/{cognition,verification,task_handlers}.rs, cognitive_disposition.rs, shipped_serde_boundaries.toml or serde_boundary_inventory.py	https://github.com/UnknownAlienHuman/eliot-memory-os/pull/2721	BASE
crate_reachability disposition record must keep saying MigrationFacade/retain while #1146 repairs helpers	1146;1720	scripts/testdata/crate-reachability/crate_extraction_decisions.toml		READ_ONLY: update only if a helper is deleted or migrated, which would then require the #1860 KEEP supersession path	https://github.com/UnknownAlienHuman/eliot-memory-os/issues/1720	BASE
eliot-test-support Cargo.toml and module.toml hunks already on main	1146;PR#3869	crates/foundation/eliot-test-support/Cargo.toml, module.toml	3869	ABSORBED: the execution_contour/runtime_class hunk and the module.toml addition are already byte-identical on main, so the relevant hunk needs no re-landing; the remaining files in that PR do not touch the fixture crate	https://github.com/UnknownAlienHuman/eliot-memory-os/pull/3869	BASE
profile source digest and accepted limits row shared with the #929 inventory tooling	977;929	scripts/testdata/serde-boundary-inventory/bridge_profile_acceptance.json + bins/eliot-agent-bridge/tests/data/request_input_cases.json		BLOCKED: #977 must not re-bind these digests itself; #929 owns the allocation row	https://github.com/UnknownAlienHuman/eliot-memory-os/issues/929	BASE
main.rs test-module markers and serialization	977;PR#4599,PR#2369	bins/eliot-agent-bridge/src/main.rs mod tests and file itself	4599;2369	ABSORBED_THEN_SERIALIZE: #4599's ResourceRead arm is already on main; #2369 is a draft touching main.rs with non-input-boundary hunks only, so serialize on the file	https://github.com/UnknownAlienHuman/eliot-memory-os/pull/4599	BASE
seal promotion_input::ClosureBinding and add a closure-validated constructor	973;972	crates/meta/eliot-improvement/src/promotion_input.rs		BLOCKED_OWNER_CLOSED: manager must reassign before #973 can close Acceptance 6/14	https://github.com/UnknownAlienHuman/eliot-memory-os/issues/972	BASE
migrate the public consumer tests/candidate_admission_edge.rs off ClosureBinding plus prepare_promotion_input	973;1145	crates/meta/eliot-improvement/tests/candidate_admission_edge.rs		BLOCKED_OWNER_OPEN: removing the root export breaks lines 22 and 420 first	https://github.com/UnknownAlienHuman/eliot-memory-os/issues/1145	BASE
root re-export list also carries the forgeable bypass	973;PR#3579	crates/meta/eliot-improvement/src/lib.rs + src/candidate_bounds.rs	3579	DISJOINT: #3579 edits candidate_bounds.rs only and changes no export	https://github.com/UnknownAlienHuman/eliot-memory-os/pull/3579	BASE
config/doc-code-conformance.toml one-writer sequence	1147;PR#5021,PR#4688	config/doc-code-conformance.toml	5021;4688	SERIALIZE: their hunks are append-only under repository_paths.allow_missing; rebase the #1147 writer after them and keep new keys inside [retired_references]	https://github.com/UnknownAlienHuman/eliot-memory-os/pull/5021	BASE
pattern-family classification of manager history inside scan_roots	1147;1147	workstreams/swarm/*.md		BOUNDED_DECISION_NEEDED: needs exact bounded exceptions or a scan-root/extension decision before a generic codebase_memory family can pass; BLOCK-MAP.tsv is currently outside the scan because .tsv is not in extensions	https://github.com/UnknownAlienHuman/eliot-memory-os/issues/1147#issuecomment-5932853503	BASE
production coordinator Store lane: ValidateRequirement/Plan/Allocate wired, the rest throwing unconditionally	909;907	scripts/run-isolated-tests.ps1::New-HarnessRunProviderTable		WAITING: #909 must not edit that file	https://github.com/UnknownAlienHuman/eliot-memory-os/issues/907	BASE
finite STORE selection rows that activate the provider	909;905	#905 inventory rows -> IntegrationHarness.Core.psm1::Invoke-HarnessRun binding testClass		WAITING on the #905 row set	https://github.com/UnknownAlienHuman/eliot-memory-os/issues/905	BASE
full-tier provider composition after the standalone Store smoke	909;915	run-isolated-tests.ps1 provider table / containment descriptor		NOT_A_PREREQUISITE for #909	https://github.com/UnknownAlienHuman/eliot-memory-os/issues/915	BASE
shared versioned wire eliot.soak_samples: adding plan_digest, an identity-bound stream key and new result counts changes what the merged analyzer decodes	942;943	scripts/integration/soak_samples.py imported by scripts/integration/soak_analysis.py		COORDINATE: decide the schema version bump in #942, then adapt soak_analysis.py::analyze_samples in the same branch or immediately after; one writer per file	https://github.com/UnknownAlienHuman/eliot-memory-os/issues/943	BASE
owner/clock/sink adapters must implement the new admitted-binding receipt	942;944	the admitted process-binding receipt type exported from scripts/integration/soak_samples.py		RECORD_THE_API: #944 supplies the runtime handoff, #942 only defines and validates the receipt; publish the exact type name and construction API in the PR description	https://github.com/UnknownAlienHuman/eliot-memory-os/issues/944	BASE
real isolated-child Windows smoke evidence	942;907;911	owner-issued process identity handoff		DEFER_CASE_16 and name the handoff in the emitted identity-unavailable event	https://github.com/UnknownAlienHuman/eliot-memory-os/issues/907	BASE
T12 family test target declaration	941;929	scripts/serde_boundary_inventory.py tests list and shipped_serde_boundaries.toml test_files :planned		SEQUENCED: #941 creates the file; #929 flips :planned on regeneration and also clears the four stale UL needs-repair rows. #941 must not edit the artifact.	https://github.com/UnknownAlienHuman/eliot-memory-os/issues/929	BASE
Ack wire closure shared between the nested decoder and the outer union	941;931	crates/eliot-types/src/observability.rs::MemoryInfluenceToolInputVisitor + crates/eliot-types/src/ul/injection.rs::MEMORY_INFLUENCE_ACK_FIELDS		ABSORBED: observability.rs refuses foreign keys via unknown_field; no #941 write	https://github.com/UnknownAlienHuman/eliot-memory-os/issues/931	BASE
serialized-boundary owner allocation for the Store activation-graph transport decoder	940;929	crates/foundation/eliot-contracts/tests/data/shipped_serde_boundaries.toml CHILDREN/owner+repair_child rows		#929 must allocate; #940's writer scope excludes crates/eliot-store/src	https://github.com/UnknownAlienHuman/eliot-memory-os/issues/929	BASE
UL activation graph projection vs transport decode seam	940;941	crates/eliot-types/src/ul/behavior.rs + concept.rs nested bodies behind UlArtifact and CoChangeEdge		SCOPED: nested closure stays with #941; #940 must not claim payload closure from the outer kind/body attribute	https://github.com/UnknownAlienHuman/eliot-memory-os/issues/941	BASE
raw-byte vs Value-normalized ingress boundary	940;976	crates/eliot-store/src/surreal_rpc.rs::parse_response -> serde_json::Value -> decode_value		RECORD_NOT_REUSE: #976's raw-versus-normalized boundary precedent must be recorded, not silently reused as proof	https://github.com/UnknownAlienHuman/eliot-memory-os/issues/976	BASE
shared-file edit surface and stale consumer files	1067;PR#5021,PR#2369	crates/foundation/eliot-bootstrap/src/capture.rs; bins/eliot-kernel/src/frame_dispatch.rs, bins/eliot-native-worker/src/kernel_admission_client.rs	5021;2369	DISJOINT_HUNKS: #5021's capture.rs hunks are doc-comment/conformance only and #2369 contains no CURRENT_* normative-pair hunk; order does not matter and #1067 needs no consumer edit	https://github.com/UnknownAlienHuman/eliot-memory-os/pull/5021	BASE
main.rs line/digest/caller pins in the shared host diagnostic coverage registry	982;985;980	scripts/testdata/host-diagnostic-coverage/coverage.toml		REGISTRY_OWNED: #982 must not edit it; #985 must regenerate B-main-ref-terminal, B-main-console-entrypoints, the B-main-scm-receipts absence over 933-1258 and the main.rs caller pins at 593/1080 in the same merge, or record the registry as deliberately stale	https://github.com/UnknownAlienHuman/eliot-memory-os/issues/985	BASE
acceptance suite path must match the #929 inventory allocation	939;929	crates/eliot-types/tests/serde_t10_skill.rs		ALIGNED: keep the filename unchanged and do not edit the generator	https://github.com/UnknownAlienHuman/eliot-memory-os/issues/929	BASE
fixture location differs between the issue and main	939;929	crates/eliot-types/tests/serde_t10_skill_eval.json vs crates/eliot-types/tests/data/serde_t10_skill_eval.json		DECIDE_IN_ITEM_9: if moved, the sibling tests/data convention wins and corpus() must be updated, with the path recorded in the issue	https://github.com/UnknownAlienHuman/eliot-memory-os/issues/939#issuecomment-5900564590	BASE
raw MCP ingress duplicate rejection feeding the memory.rs closed decoders	937;933	crates/eliot-app/src/mcp_stdio/input_validation.rs::decode_compile_packet_input (from_value over an already-collapsed Map)		DO_NOT_ABSORB: #933 item 7 names an ingress owner but does not claim it; #937 must not absorb the eliot-app edit	https://github.com/UnknownAlienHuman/eliot-memory-os/issues/933	BASE
CompilePacketL3Request flattened wrapper and max_tokens preferred-target semantics	937;933	crates/eliot-types/src/memory.rs::CompilePacketL3Request		CORRECTED_PREVIOUS_ROW: the prior SPLIT text "the wrapper belongs to #933" was WRONG and contradicted row 5. #933 is READY with write scope exactly crates/eliot-types/tests/serde_t04_agent.rs and crates/eliot-types/tests/data/serde_t04_agent_mcp.json, so #933 never edits crates/eliot-types/src/memory.rs and the wrapper is not #933 work. Row 5 (SERIALIZED, #937 owns memory.rs) is the correct disposition. The max_tokens preferred-target semantics half of this row is unchanged: already preserved on main, no edit required.	https://github.com/UnknownAlienHuman/eliot-memory-os/issues/933	BASE
crate_extraction_decisions.toml is the shared POLICY input consumed by check_admission_decisions and by the facade layer	1133;1720;1721	scripts/testdata/crate-reachability/crate_extraction_decisions.toml		READ_ONLY: any disposition change belongs to #1720/#1721	https://github.com/UnknownAlienHuman/eliot-memory-os/issues/1720	BASE
removing StoreConfig::surql_dir changes the GovernorConfig wire shape every [store] fixture writes	1221;1219	scripts/verify-legacy-config-retirement.py PENDING_ALLOWED_KEYS still pinning surql_dir		NO_CHANGE_NEEDED: that list is a static string set for the deleted config/eliot-governor.toml fixture, not a StoreConfig reference; leave it unless a gate fails	https://github.com/UnknownAlienHuman/eliot-memory-os/issues/1219	BASE
rehearsal/cutover/restore acceptance proof on a disposable Store generation	1221;960	crates/storage/eliot-backup/src/isolated_restore.rs (mints CutoverAuthorization, performs no cutover)		OUT_OF_SCOPE: #960/#961 own it; do not implement cutover in eliot-backup	https://github.com/UnknownAlienHuman/eliot-memory-os/issues/960	BASE
legacy raw-SQL migration executors MigrationRunner::run_all and SurrealStore::apply_migration	1221;1189	crates/eliot-store/src/migration.rs, crates/eliot-store/src/surreal_store.rs		RECORDED_LEGACY_NOT_ADMITTED: deletion belongs to the legacy core, not this issue	https://github.com/UnknownAlienHuman/eliot-memory-os/issues/1189	BASE
physical writer on front_door_driver.rs and frame_dispatch.rs, the file whose scope is under escalation	897;4490	bins/eliot-kernel/src/front_door_driver.rs, bins/eliot-kernel/src/frame_dispatch.rs		SERIALIZE after the owner scope decision; #4490's send_checked hunks are disjoint from diagnostics but share the physical file	https://github.com/UnknownAlienHuman/eliot-memory-os/pull/4490	BASE
one-writer serialization on daemon_request_dispatch.rs and lib.rs	897;3812;3811;2369;3869	bins/eliot-kernel/src/daemon_request_dispatch.rs, bins/eliot-kernel/src/lib.rs		EXCLUSIVE_TURNS: all still needed with disjoint non-diagnostic hunks; required before any #897 repair line	https://github.com/UnknownAlienHuman/eliot-memory-os/pull/3812	BASE
bins/eliot-dreamer/src/lib.rs and dispatch_stage.rs	1136;PR#3869	bins/eliot-dreamer/src/lib.rs, bins/eliot-dreamer/src/dispatch_stage.rs	3869	SERIALIZE: #3869 edits run_admitted_pipeline/dispatch_curation/dispatch_admitted; #1136 must not touch those hunks	https://github.com/UnknownAlienHuman/eliot-memory-os/pull/3869	BASE
Orientation carrier and typed result boundary	1136;2901	bins/eliot-dreamer/src/dispatch_stage.rs, pulse.rs, DreamResult::Orientation		DIVIDED: #2901 owns the CC-002/CC-004 supply contents and the complete/partial/blocked mapping; #1136 owns reaching the pipeline and submitting whatever DreamResult it returns	https://github.com/UnknownAlienHuman/eliot-memory-os/issues/2901	BASE
erasure destructive-step semantics: delete-the-row vs scrub-in-place	989;688	crates/storage/eliot-store-surreal-adapter/src/apply/atomic_write.rs::TX_ERASURE_SCRUB_AUTHORITY / TX_ERASURE_SCRUB_EVIDENCE		DECIDED: #688 already chose scrub with a surviving receipt row; #989 rebinds only its own stale assertion and must not reopen the protocol decision	https://github.com/UnknownAlienHuman/eliot-memory-os/issues/688	BASE
physical-file write overlap and open-PR overlap on the same two files	989;PR#3811,PR#3812	crates/storage/eliot-store-surreal-adapter/src/apply.rs	3811;3812	SERIALIZE_THEN_OBSOLETE: #3811 is still needed with different symbols (integration-candidate leg); #3812 is obsolete because #1820 already landed via 4e4f386f2	https://github.com/UnknownAlienHuman/eliot-memory-os/pull/3812	BASE
regenerated frozen serde boundary digests after the assertability wire change	1025;PR#4495	crates/smart/eliot-context-contracts context-contracts dependency block	4495	MERGE_ORDER_ONLY: #4495 is already on main via #4568; regenerate after the change so one serde-boundary dataset is produced	https://github.com/UnknownAlienHuman/eliot-memory-os/pull/4495	BASE
governor composition area both sides edit	1025;PR#2369	crates/governor/eliot-governor composition files	2369	NO_OVERLAP_TODAY: sequence the consumer migration after any #2369 merge to avoid two governor-crate rebases	https://github.com/UnknownAlienHuman/eliot-memory-os/pull/2369	BASE
RestorePorts gains the #955 Watchdog-spool owner channel	960;955;PR#4845	bins/eliot-kernel/src/backup_restore_ports.rs::RestorePorts + bins/eliot-watchdog/src/watchdog_composition.rs::WatchdogBackupPort	4845	BLOCKED: #955 is OPEN and its PR #4845 touches the same two kernel files; #960 must not pre-empt the owner-side type	https://github.com/UnknownAlienHuman/eliot-memory-os/pull/4845	BASE
production front door destination admission	960;958	RestorePorts::manifest_evidence / DestinationManifestEvidence::issue_from_owner_manifest		BLOCKED: #958 OPEN; the Kernel-side producer exists but the Host channel that issues the value does not	https://github.com/UnknownAlienHuman/eliot-memory-os/issues/958	BASE
authenticated Host/Watchdog owner channel reachability	960;962	bins/eliot-kernel/src/request_dispatch.rs::handle_backup_restore_test		BLOCKED: #962 owns the authenticated joins; #960 owns only the adapter files	https://github.com/UnknownAlienHuman/eliot-memory-os/issues/962	BASE
impl Default for GovernorConfig still carries exe surreal, user root, default_surreal_password_file and .eliot-governor roots but the verifier docstring assigns that file to HANDOFF H1-H5	1219;M-LEGACY-3980	crates/eliot-types/src/config.rs		READ_ONLY: #3980 is the single writer; #1219 must not widen BIN_ROOTS or the families over it. Every GovernorConfig consumer is crates/eliot-app or crates/eliot-engine, so this is foreign-lane work.	https://github.com/UnknownAlienHuman/eliot-memory-os/issues/3980	BASE
release build script is both a RELEASE_SCRIPTS member of the verifier and the changed file of a draft PR	1219;PR#2956	scripts/build-eliot-windows-x64-release.ps1	2956	DIFFERENT_LANE: #1219 does not edit it and its tokens match no LCR pattern, so neither side can flip the other's verdict; sequence #1219's additive gate wiring first	https://github.com/UnknownAlienHuman/eliot-memory-os/pull/2956	BASE
broker files the W2/A1 launch edge needs plus the Operator proof arm	1137;PR#2369,PR#3579,PR#4599	bins/eliot-user-broker/src/lib.rs, src/main.rs, bins/eliot/src/main.rs, scripts/operator-ui-diagnostic.py	2369;3579;4599	STILL_NEEDED_OBSOLETE_STILL_NEEDED: #2369 edits the exact broker files but is a draft WIP with no handoff env producer; #3579 is obsolete here; #4599 carries the installed-Windows proof arm and touches nothing under apps/Eliot.Operator	https://github.com/UnknownAlienHuman/eliot-memory-os/pull/2369	BASE
table digest vs Host source drift (236 stale markers; two new source files)	985;PR#3869,PR#2369	bins/eliot-host/src/lib.rs, journal_append.rs, backup_config_projection.rs, backup_preparation.rs	3869;2369	RE_DIGEST_AFTER: re-digest the table after those PRs merge, not before	https://github.com/UnknownAlienHuman/eliot-memory-os/pull/3869	BASE
B-prop-reactive missing_callsite	985;982	bins/eliot-host/src/reactive_context_delivery.rs		CHILD_OWNS: #982 repairs the callsite; #985 records it incomplete meanwhile	https://github.com/UnknownAlienHuman/eliot-memory-os/issues/982	BASE
B-sink-start/stop/failure host_seam_unavailable	985;984;889	crates/kernel/eliot-platform-windows/src/event_log.rs + bins/eliot-host/src/windows_event_log.rs		UNPROVEN_ON_MAIN: mapping-only port tests do not satisfy cases 13-15	https://github.com/UnknownAlienHuman/eliot-memory-os/issues/984	BASE
backup boundary sextet	985;983;958;961	bins/eliot-host/src/backup_*.rs		CHILDREN_OWN: #985 keeps them incomplete	https://github.com/UnknownAlienHuman/eliot-memory-os/issues/983	BASE
single-terminal ownership for a failed approved launch	978;891	bins/eliot-host/src/lib.rs::HostTerminalGuard / BOUNDARY_START_TERMINAL		SPLIT: #978 makes its own leaf guard phase-only in scope; #891 keeps the outer terminal	https://github.com/UnknownAlienHuman/eliot-memory-os/issues/891	BASE
coverage.toml rows 1234 and 1514 INTERACTION text plus the A8 ruling	978;985	scripts/testdata/host-diagnostic-coverage/coverage.toml		SEQUENCED: #985 refreshes the table after #978 lands the leaf-phase-only ruling	https://github.com/UnknownAlienHuman/eliot-memory-os/issues/985	BASE
bounded identity fields via the shared facade	978;889	bins/eliot-host/src/host_diagnostics.rs::bound_field / observe_entrypoint_with_detail		ABSORBED: the facade already exposes the bounded helpers; no #889 change required	https://github.com/UnknownAlienHuman/eliot-memory-os/issues/889	BASE
adding the transaction_id comparison invalidates a #947 claim that the id is not covered by validate_against_plan	949;947	crates/storage/eliot-backup/tests/restore_contract.rs (not editable here)		STALE_COMMENT: request a #947 comment update, do not edit	https://github.com/UnknownAlienHuman/eliot-memory-os/issues/947	BASE
the same function is called by the non-owned Kernel cutover path	949;960;961	bins/eliot-kernel/src/backup_restore.rs		VERIFY_DO_NOT_MODIFY	https://github.com/UnknownAlienHuman/eliot-memory-os/issues/960	BASE
admitted cutover dispatch registration in the same Host lib.rs	961;962	bins/eliot-host/src/lib.rs		SPLIT: #962 owns the accepted prepare/cutover dispatch registration; #961 must not invent a main.rs/CLI caller and must record the zero-caller state honestly	https://github.com/UnknownAlienHuman/eliot-memory-os/issues/962	BASE
one writer over backup_cutover.rs for the fresh/replay/reconcile split and bound status projection	961;2737;2738;2739	bins/eliot-host/src/backup_cutover.rs		RECONCILE_FIRST: their cited defects appear addressed on main but the issues are OPEN; reconcile their verdicts before editing the same file	https://github.com/UnknownAlienHuman/eliot-memory-os/issues/2737	BASE
complete live ORS introduction-set producer that read_and_verify_prior_authority needs	961;975	bins/eliot-kernel/src/control_plane.rs introduction_rows		FAIL_CLOSED_AND_RECORD: still refused with typed InvalidField, so live cutover validation cannot complete and no rows may be substituted	https://github.com/UnknownAlienHuman/eliot-memory-os/issues/975	BASE
CaptureReport new suspended-count field and receipt_identity semantics must not be serialized by a second vocabulary	959;2569	bins/eliot-kernel/src/request_dispatch.rs::projection_from_report / VerifiedProjection.capture_receipt		COORDINATE_BEFORE_MERGE: do not edit request_dispatch.rs in this issue	https://github.com/UnknownAlienHuman/eliot-memory-os/issues/2569	BASE
historical suspended:N capture_receipt values must not be silently upgraded	959;2862	bins/eliot-kernel/src/backup_verify_provenance.rs provenance readback		OWNED_BY_2862: this issue only stops emitting the value	https://github.com/UnknownAlienHuman/eliot-memory-os/issues/2862	BASE
typed Store receipt-query disposition	899;unassigned	crates/kernel/eliot-kernel-service/src/store_receipt_gateway.rs::receipt		BLOCKED: assignment revision required; #818 is D-ASSIGN-0 and unrelated, #1681 is a bare Goal	https://github.com/UnknownAlienHuman/eliot-memory-os/issues/899#issuecomment-5905675861	BASE
response delivery observation	899;897	bins/eliot-kernel/src/front_door_driver.rs::send_checked -> KernelComposition::observe_frame_write_outcome		REUSE: #899 must not emit delivered from dispatch	https://github.com/UnknownAlienHuman/eliot-memory-os/issues/897	BASE
same Display-string classification outside scope	899;unassigned	bins/eliot-kernel/src/daemon_request_dispatch.rs (StoreError::MissingReceiptEnvelope.to_string())		REPORT_TO_OWNER and frozen for #899	https://github.com/UnknownAlienHuman/eliot-memory-os/issues/899	BASE
shared-file merge conflict on composition_bootstrap.rs and kernel_config.rs	899;PR#2369	bins/eliot-kernel/src/composition_bootstrap.rs, bins/eliot-kernel/src/kernel_config.rs	2369	STALE_DRAFT: rebase only after the ownership decision	https://github.com/UnknownAlienHuman/eliot-memory-os/pull/2369	BASE
#943 consumes #942's record identity and plan digest; the 4-field stream key cannot reject PID reuse	943;942	scripts/integration/soak_analysis.py::analyze_samples + scripts/integration/soak_samples.py::ProcessBinding.stream_key		SEQUENCE_942_FIRST: #943 must not infer safety locally	https://github.com/UnknownAlienHuman/eliot-memory-os/issues/942	BASE
#944 is the intended sole consumer/persister of AnalysisResult; today analyze_samples has zero callers repo-wide	943;944	scripts/integration/soak_analysis.py::encode_analysis_semantic / AnalysisResult		WIRING_ONLY: #944 lands later and must persist, not reinterpret, the result	https://github.com/UnknownAlienHuman/eliot-memory-os/issues/944	BASE
serialized generated-artifact write ownership for shipped_serde_boundaries.toml	929;710;2701	crates/foundation/eliot-contracts/tests/data/shipped_serde_boundaries.toml		ONE_WRITER_REFRESH_LAST: #929's body transfers ownership to #710 and #2701 item 5 names the refresh. Never hand-edit, never sync from a #929 branch, never promote the 3 unknown / 9880 unassigned rows.	https://github.com/UnknownAlienHuman/eliot-memory-os/issues/2701	BASE
#929 check(root) result contract consumed read-only by the #2701 coordinator	929;2701	scripts/audit-serde-boundary-closure.py::load_checked_inventory -> scripts/serde_boundary_inventory.py::check		ABSORBED: the M-TOOLS card declares the #929 API accepted and READ ONLY; change it only if the API itself must change	https://github.com/UnknownAlienHuman/eliot-memory-os/issues/2701	BASE
#977 acquisition-boundary profile evidence bound into #929 rows/allocations	929;977	scripts/testdata/serde-boundary-inventory/bridge_profile_acceptance.json + the #977 allocation row		RECORDED_BLOCKED in the artifact; no #929 cycle with #977	https://github.com/UnknownAlienHuman/eliot-memory-os/issues/977	BASE
eliot-cues and eliot-dreamer-core aggregate-vs-owner-cell disposition ledger	1143;1136	crates/smart/eliot-dreamer-core/Cargo.toml, src/lib.rs, crates/smart/cognitive-donor-map.toml		SERIALIZE: #1136 must not delete or reshape eliot-dreamer-core while #1143's deletion is blocked. If #1136 lands a real runtime consumer, #1143 item 5 becomes executable and the zero-consumer measurement must be re-derived first.	https://github.com/UnknownAlienHuman/eliot-memory-os/issues/1136	BASE
cognitive-donor-map base identity and the donor-disposition verifier	1143;PR#3869	cognitive-donor-map.toml, scripts/verify-cognitive-donor-dispositions-816.py	3869	ABSORBED base-identity refactor only; re-read the map base after it lands before editing any disposition row	https://github.com/UnknownAlienHuman/eliot-memory-os/pull/3869	BASE
CLI public command surface for installation remove-canary	1138;PR#2369	bins/eliot/src/main.rs dispatch match + InstallationCommand enum	2369	REBASE_NEEDED: #2369 edits the same match arm region but not canary_removal_entry.rs	https://github.com/UnknownAlienHuman/eliot-memory-os/pull/2369	BASE
durable canary-removal wire type and redb table	1138;eliot-contracts	crates/foundation/eliot-contracts shipped_serde_boundaries.toml new CanaryRemovalPlanEnvelope entry		REGENERATE_THROUGH_OWNER never hand-edit	https://github.com/UnknownAlienHuman/eliot-memory-os/issues/1138#issuecomment-5945847833	BASE
real installed canary removal/recovery proof	1138;11	product pulse + isolated run evidence sink		DEFERRED: package candidate CANARY_REMOVAL_TRANSACTION_CANDIDATE does not satisfy #11	https://github.com/UnknownAlienHuman/eliot-memory-os/issues/11	BASE
oracle-boundary decision executed by the candidate's own copy of the merge gate	1225;2385	frozen outer script/generation per I18.31		BLOCKED_ON_2385	https://github.com/UnknownAlienHuman/eliot-memory-os/issues/2385	BASE
same module edited by both the oracle-set extension and an unrelated draft	1225;PR#4999	scripts/work_unit_gate/doc_read_evidence.py	4999	ONE_WRITER sequencing required	https://github.com/UnknownAlienHuman/eliot-memory-os/pull/4999	BASE
only automatic workflow inside ORACLE_PATH_PREFIXES	1225;PR#4110	.github/workflows/ci.yml	4110	STILL_NEEDED separate owner	https://github.com/UnknownAlienHuman/eliot-memory-os/pull/4110	BASE
eliot-controlboard crate disposition and the runtime-status consumer/projection/transport trio	1213;1187	crates/surfaces/eliot-controlboard/**, crates/meta/eliot-runtime-status/src/controlboard_{consumer,projection,transport}.rs, bins/eliotd/src/controlboard_adapters.rs, bins/eliot/src/controlboard_status.rs		ONE_WRITER: #1187 is OPEN and scopes the same files while instructing reuse; #1213 must not write Operator/CLI composition that #1187 owns, and #1187 must not delete or refreeze the crate while #1213 still owes W8. Branch A should execute inside #1187 with #1213 closed against it.	https://github.com/UnknownAlienHuman/eliot-memory-os/issues/1187	BASE
Kernel local-read admission arm for a controlboard read tool	1213;PR#2369,PR#3869	bins/eliot-kernel/src/host_request_route.rs	2369;3869	ISOLATE: both PRs rewrite the file but neither adds a controlboard arm; whoever lands branch A owns the file	https://github.com/UnknownAlienHuman/eliot-memory-os/pull/2369	BASE
downstream consumer of the ControlBoard crate disposition	1213;1783	bins/eliot/src/dashboard.rs, bins/eliot/src/main.rs::run_controlboard_status_windows		BLOCKED_BY_1213: closing #1213 on either branch releases or redirects #1783	https://github.com/UnknownAlienHuman/eliot-memory-os/issues/1783	BASE
crates/eliot-engine/src/external_review.rs is not editable by #936	936;2989	crates/eliot-engine/src/external_review.rs		ONE_WRITER: #2989 owns the external raw ingress; #936 treats it as already materially repaired and only re-verifies	https://github.com/UnknownAlienHuman/eliot-memory-os/issues/2989	BASE
T07 inventory/baseline rows must reflect the new version/exception decisions	936;929	crates/foundation/eliot-contracts/tests/data/shipped_serde_boundaries.toml + scripts/serde_boundary_inventory.py		SUPPLY_DELTAS_ONLY: #936 must not edit the artifacts	https://github.com/UnknownAlienHuman/eliot-memory-os/issues/929	BASE
CalibrationEvidenceGapService::report writes campaign_integrity "valid" on empty campaigns (absence promoted to clearance)	936;936	crates/eliot-engine/src/delegation_calibration.rs::CalibrationEvidenceGapService::report		EXPLICIT_DISPOSITION_REQUIRED: either an engine-side unknown value or a named follow-up ingress-owner issue; never a silent pass	https://github.com/UnknownAlienHuman/eliot-memory-os/issues/936#issuecomment-5932802970	BASE
release doc front-door sentence plus the build script front-door default	1227;PR#2956;#1719	docs/release/WINDOWS_X64_RELEASE.md	2956	SERIALIZE: draft and CONFLICTING; land or rebase its 1-line doc edit first and do not restate its retirement decision	https://github.com/UnknownAlienHuman/eliot-memory-os/pull/2956	BASE
governor/Codex-plugin retention prose and retained-legacy-entrypoint disposition	1227;18;2892;2968	scripts/build-eliot-windows-x64-release.ps1::Get-StagedPayloadManifest + the release doc		NO_EDIT_UNTIL_PROVEN: the doc must keep the legacy deletion owned by #18	https://github.com/UnknownAlienHuman/eliot-memory-os/issues/18	BASE
signed_scope / generation_binding prose shared with the install lane	1227;1225	scripts/invoke-eliot-windows-x64-production.ps1::Assert-ProductionSignedGenerationBinding		NO_WORKFLOW_EDIT: re-sync the doc string in the same pass if #1225 renames a scope constant	https://github.com/UnknownAlienHuman/eliot-memory-os/issues/1225	BASE
admitted isolated destination construction for tests	955;962	bins/eliot-watchdog/src/watchdog_admission.rs::admit_isolated_destination (the only producer has no caller and no test-only constructor)		NEEDS_AUTHORIZATION before the import-half cases can be proved inside scope	https://github.com/UnknownAlienHuman/eliot-memory-os/issues/962	BASE
cross-process backup invocation edge	955;945	WatchdogBackupPort reached from runtime_loop::start_supervision_backup_control		DEFERRED to #945, out of scope	https://github.com/UnknownAlienHuman/eliot-memory-os/issues/945	BASE
one writer for BOTH #957's receipt/retention work and #2653's append-ordering work	957;2653	crates/kernel/eliot-ors/src/store/restore_journal.rs (and src/restore_journal.rs)		FOLD: #2653's ordering defect is already fixed on main and its only live leg is the same replay-receipt change #957 item 1 makes; sequence or fold into one unit	https://github.com/UnknownAlienHuman/eliot-memory-os/issues/2653	BASE
the external expected-denominator commitment the audit asks for	957;949	RestoreJournalMemberDenominator::for_head fed by restore_journal_durable_head		DEFER_TO_949: #957's body disclaims being a second restore algorithm or authority issuer; I05-13 defines no expected journal member count	https://github.com/UnknownAlienHuman/eliot-memory-os/issues/949	BASE
backup dispatch owner outcome classification	983;891	bins/eliot-host/src/lib.rs (dispatch_backup_owner_operation, HostTerminalGuard, BOUNDARY_BACKUP_DISPATCH_TERMINAL)		#983 MUST NOT WRITE HERE: #891 owns the lib.rs terminal boundary	https://github.com/UnknownAlienHuman/eliot-memory-os/issues/891	BASE
unknown/reconciliation-required terminal emitter	983;889	bins/eliot-host/src/host_diagnostics.rs facade public API		#983's own body assigns a shared API extension to #889	https://github.com/UnknownAlienHuman/eliot-memory-os/issues/889	BASE
owner-wire outcome/refusal types	983;962	crates/kernel/eliot-host-service/src/runtime_control.rs::BackupOwnerOutcome, crates/kernel/eliot-host-control-endpoint/src/backup.rs::BackupDispatchRefusal		#954 is CLOSED and no open issue adds a reclaimed terminal shape	https://github.com/UnknownAlienHuman/eliot-memory-os/issues/962	BASE
cutover disposition leaf instrumentation	983;961	bins/eliot-host/src/backup_cutover.rs		SERIALIZE single writer	https://github.com/UnknownAlienHuman/eliot-memory-os/issues/961	BASE
preparation leaf instrumentation	983;958	bins/eliot-host/src/backup_preparation.rs		SERIALIZE single writer	https://github.com/UnknownAlienHuman/eliot-memory-os/issues/958	BASE
diagnostic coverage audit consumer	983;985	bins/eliot-host/src/{lib.rs,backup_cutover.rs,backup_preparation.rs,host_diagnostics.rs}		#985 consumes #983 output; do not close #983 before #985's audit	https://github.com/UnknownAlienHuman/eliot-memory-os/issues/985	BASE
T03 inventory row still advertises the unbuilt suite	932;929	crates/foundation/eliot-contracts/tests/data/shipped_serde_boundaries.toml T03 family rows		#932 supplies row evidence only; #929 owns the artifact rewrite after the target lands	https://github.com/UnknownAlienHuman/eliot-memory-os/issues/929	BASE
tainted HostEventEnvelope Value ingress	932;371;2989	crates/eliot-engine/src/host.rs::HostEventService::normalize		OUT_OF_SCOPE: duplicates are collapsed before HostEventEnvelope is built, so #932 may claim only the derived-encoder boundary	https://github.com/UnknownAlienHuman/eliot-memory-os/issues/371	BASE
Host prepare entry is armed but has zero call expressions; arming it is #962's exclusive lib.rs scope	958;962	bins/eliot-host/src/lib.rs::dispatch_backup_owner_operation Prepare arm + HostComposition::backup_dispatch_prepare		DEFER_TO_962: do not wire inside #958	https://github.com/UnknownAlienHuman/eliot-memory-os/issues/962	BASE
owner-issued caller credential for BackupCallerAuth::authenticate (standing always-refuse)	958;962	bins/eliot-host/src/backup_preparation.rs::BackupCallerAuth::authenticate		NEEDS_962_CREDENTIAL: not fabricated, signature unchanged	https://github.com/UnknownAlienHuman/eliot-memory-os/issues/962	BASE
prepared destination cannot be named across the #954 seam	958;MISSING-CONTRACT crates/foundation/eliot-protocol/src/backup.rs#BackupArtifactHandle	BackupOwnerOutcome::Completed.handle		UNOWNED: #954 is CLOSED and no open issue adds a prepared-destination contract identity	https://github.com/UnknownAlienHuman/eliot-memory-os/issues/958#issuecomment-5905786249	BASE
A2 installation-authority allocation at preparation	958;960;961;962	crates/kernel/eliot-installation allocation seam + prepare_isolated_destination signature		ESCALATED: needs a root decision (accept the fenced isolated_restore_root, or open an installation-owner issue)	https://github.com/UnknownAlienHuman/eliot-memory-os/issues/958#issuecomment-5869004014	BASE
eliot-kernel to eliot-host-service carrier edge	962;974	bins/eliot-kernel/Cargo.toml + root Cargo.lock		SERIALIZE: #974 owns the edge and the receipt; #962 consumes it without editing the manifest	https://github.com/UnknownAlienHuman/eliot-memory-os/issues/974	BASE
Host Prepare arm caller credential	962;958	bins/eliot-host/src/backup_preparation.rs::BackupCallerAuth::authenticate + lib.rs dispatch		#958 fills authenticate; #962 keeps the refusal arm typed until then	https://github.com/UnknownAlienHuman/eliot-memory-os/issues/958	BASE
Host Cutover arm admitted body	962;961	bins/eliot-host/src/lib.rs::dispatch_backup_owner_operation		#961 produces it; #962 routes it, never mints it	https://github.com/UnknownAlienHuman/eliot-memory-os/issues/961	BASE
Kernel public-command callers of the bound clients	962;963;2569	bins/eliot-kernel/src/lib.rs::KernelComposition::backup_owner_clients		#963/#2569 own CLI/front-door callers; #962 owns only the bound client seam	https://github.com/UnknownAlienHuman/eliot-memory-os/issues/963	BASE
eliot-kernel manifest and root Cargo.lock single-writer turn	974;994;728;738;959;962;964	bins/eliot-kernel/Cargo.toml, Cargo.lock		SERIALIZE at controller level and re-verify the #994 Store markers and #728/#738 watchdog markers after this edit	https://github.com/UnknownAlienHuman/eliot-memory-os/issues/994	BASE
shared lockfile turns	974;PR#4599,PR#4495	Cargo.lock	4599;4495	SAME_SERIALIZATION_CLASS: unrelated package additions; sequence before or after, never concurrently	https://github.com/UnknownAlienHuman/eliot-memory-os/pull/4599	BASE
same two product files and row-family/export contract	953;2967	crates/kernel/eliot-ors/src/store/backup_snapshot.rs (operational continuation and OrsAxisState::Exhausted)		SERIALIZE: #2967 is OPEN and owns the operational-paging acceptance cases; #953 must not duplicate its test file	https://github.com/UnknownAlienHuman/eliot-memory-os/issues/2967	BASE
PROCESS_STREAM_RECOVERY / VERSIONED_ARTIFACTS family cursors and census coverage	953;2884;1971	crates/kernel/eliot-ors/src/store/backup_snapshot.rs::family_table_definition and check_row_family_census		MERGED_CODE_OPEN_ISSUE: #953's census and family cases must not re-assert their owners	https://github.com/UnknownAlienHuman/eliot-memory-os/issues/2884	BASE
production consumer of the exported snapshot and import receipt	953;945	RedbRecoveryStore::export_backup_snapshot / reconcile_backup_import (zero callers on main)		#945 owns the cross-owner edge; #953 must not add a Kernel caller	https://github.com/UnknownAlienHuman/eliot-memory-os/issues/945	BASE
P-07 revocation canonical second phase	1110;2100	bins/eliotd/src/authority_revocation_ingress.rs -> GrantClosureSecondPhaseLink / GovernorComposition::apply_admitted_authority_revocation		OWNED_BY_2100: #1110 must not add a second resume owner; its end-to-end closure acceptance inherits it	https://github.com/UnknownAlienHuman/eliot-memory-os/issues/2100	BASE
shared edit target	1110;PR#2369,PR#3811,PR#3812,PR#3869	bins/eliot-kernel/src/daemon_request_dispatch.rs	2369;3811;3812;3869	OBSOLETE_EACH: no P-07 lifecycle hunk in any of them (notification/reactive/board wiring, two single-line Store transition validators, reserved-write analysis) — merge-order conflict only	https://github.com/UnknownAlienHuman/eliot-memory-os/pull/2369	BASE
Phase-B observation identity model owned by #893 in host_composition_phase_b.rs	980;893	observation detail string format consumed by observe_entrypoint_with_detail		REUSE_READ_ONLY: any change to PhaseBObservation or phase_b_observe_bound is #893's write	https://github.com/UnknownAlienHuman/eliot-memory-os/issues/893	BASE
frozen boundary/reason vocabulary vs the shared HostLifecycleBoundary table	980;891	bins/eliot-host/src/lib.rs::HOST_LIFECYCLE_BOUNDARY_TABLE		KEEP_LOCAL: do not register into lib.rs	https://github.com/UnknownAlienHuman/eliot-memory-os/issues/891	BASE
shared rewrite region in request_dispatch.rs (restore-admission constants and RESTORE_TEST_GATES doc blocks)	963;PR#4845	bins/eliot-kernel/src/request_dispatch.rs	4845	SEQUENCE_FIRST: merge #4845 before or rebase the suite after; line shift only	https://github.com/UnknownAlienHuman/eliot-memory-os/pull/4845	BASE
destination-admission channel that would turn restore-test's typed refusal into a receipt	963;958	bins/eliot-kernel/src/backup_restore_ports.rs::RestorePorts::manifest_evidence		OUT_OF_SCOPE: when #958 lands, re-derive cases 4/13 from refusal to receipt before closing #963	https://github.com/UnknownAlienHuman/eliot-memory-os/issues/958	BASE
create capture owner entry (no production BlobStoreService, no accepted CaptureRequest producer)	963;959	bins/eliot-kernel/src/request_dispatch.rs::handle_backup_create		KEEP_TYPED_REFUSAL until #959 lands	https://github.com/UnknownAlienHuman/eliot-memory-os/issues/959	BASE
daemon swarm composition root	1126;2866	bins/eliotd/src/swarm_composition.rs + bins/eliotd/src/lib.rs::DaemonComposition::swarm_composition		#2866 owns it; #1126 must not re-implement	https://github.com/UnknownAlienHuman/eliot-memory-os/issues/2866	BASE
durable ledger/store/executor owners and the failing disposition proof	1126;1699	crates/agent/eliot-swarm/src/lib.rs::durable_work types, bins/eliotd/src/agent_fabric.rs::launch_swarm_child_candidate, crates/agent/eliot-swarm/tests/disposition.rs		#1126 has no claim on disposition.rs (its header names #1699) and the declared proof entrypoint currently fails on main	https://github.com/UnknownAlienHuman/eliot-memory-os/issues/1699	BASE
admitted execution caller for the four agent_fabric_* seam methods	1126;2567	crates/agent/eliot-agent-coordinator/src/core.rs AgentCoordinator methods		#2567 owns the concrete owner ports and the real caller; all four have zero callers including tests	https://github.com/UnknownAlienHuman/eliot-memory-os/issues/2567	BASE
Kernel process generation and one-shot DispatchPermit evidence	1126;22;1701	ChildLaunchIntent.generation/generation_fingerprint + RegistryRouteAdjudication		#22 owns the boundary proof; eliotd selects neither eliot-engine nor eliot-native-worker so no registry/permit edge exists	https://github.com/UnknownAlienHuman/eliot-memory-os/issues/22	BASE
bounded cancellation/drain over the denominator	1126;2652	bins/eliotd/src/swarm_composition.rs::drain_bounded + MAX_PLAN_DRAIN_CANCELS		PRESERVE #2652's PlanDrainView fields and rotation; #1126 adds only the production caller	https://github.com/UnknownAlienHuman/eliot-memory-os/issues/2652	BASE
shared typed Watchdog observation vocabulary across the publication and service_start module trees	979;self	one closed observation type declared once with crate-visible visibility in one in-scope file and consumed from the other tree, never by editing lib.rs		NEEDED: declare once, consume twice, no lib.rs edit	https://github.com/UnknownAlienHuman/eliot-memory-os/issues/979#issuecomment-5909923856	BASE
the same dead event-log wrappers also exist in many other Host children	979;982;siblings	crate::host_diagnostics::note_event_log_sink_status()		DO_NOT_WIDDEN: fix only the five files here; the cross-child sweep belongs to the sibling issues	https://github.com/UnknownAlienHuman/eliot-memory-os/issues/982	BASE
required-nullable field decoder shape	934;933	crates/eliot-types/src/antigravity.rs::deserialize_required_nullable_model_observation		COORDINATE: disjoint write files; report any reusable-helper question to the family integrator	https://github.com/UnknownAlienHuman/eliot-memory-os/issues/933	BASE
shared generated serde-boundary denominator	934;710-family	crates/foundation/eliot-contracts/tests/data/shipped_serde_boundaries.toml and the 710/01..20 requirement rows		ONE_WRITER: #934 does not regenerate	https://github.com/UnknownAlienHuman/eliot-memory-os/issues/929	BASE
Skill lifecycle vocabulary: two Skill lifecycle record shapes in the tree	1191;939	crates/eliot-types/src/skill.rs::SkillLifecycleRecord vs crates/governor/eliot-skill/src/lib.rs::SkillLifecycleView		COORDINATE_ONLY: no file conflict; neither issue may redefine the other's lifecycle record or promotion vocabulary	https://github.com/UnknownAlienHuman/eliot-memory-os/issues/939	BASE
Skill delivery/activation admission: gate-first activation, applied receiver-ack delivery, host/profile drift	1191;PR#3766 (#1882)	bins/eliotd/src/lib.rs, skill_dispatch.rs, skill_lifecycle_adapters.rs, eliot-skill/src/catalogue.rs, install.rs		LAND_FIRST: #1191 items 5 and 6 build on #3766's drift/ack records	https://github.com/UnknownAlienHuman/eliot-memory-os/pull/3766	BASE
current-surface Skill port installation	1191;PR#3869,PR#2369	bins/eliotd/src/controlboard_adapters.rs, crates/surfaces/eliot-agent-bridge-core/src/lib.rs, bins/eliotd/src/daemon_runtime.rs, crates/governor/eliot-governor/src/composition.rs		REBASE onto whichever lands; #2369 is draft WIP and must not be treated as a base	https://github.com/UnknownAlienHuman/eliot-memory-os/pull/3869	BASE
hardcoded provider route literal named in this issue's AC3 is owned by the OpenCode adapter	1193;1835	crates/agent/eliot-agent-opencode/src/bin/eliot-opencode-bootstrap.rs::PROVIDER_ID/MODEL_ID		NOT_1193_WORK: record the live owner so the closure audit does not re-open #1193 for an adapter-route constant	https://github.com/UnknownAlienHuman/eliot-memory-os/issues/1835	BASE
eliot-ecxf and eliot-backup package metadata strings plus the generated projection	1141;1716;1871;1873	crates/storage/eliot-ecxf/Cargo.toml, crates/storage/eliot-backup/Cargo.toml, docs/code-navigation/capsules/index.json		ONE_WRITER: #1716 owns the parallel migration_inventory_1860.py and 1860-dispositions.md records, #1871 owns the export-edge wording, #1873 owns the eliot-backup pin text	https://github.com/UnknownAlienHuman/eliot-memory-os/issues/1716	BASE
ECXF single-coherent-read source	1141;2691;1871;951	crates/storage/eliot-store-surreal-adapter/src/backup_snapshot.rs (capture_ecxf_source, observed_capture_gaps)		OUT_OF_SCOPE_THIS_PASS: #2691 edits this exact file and #1871 A2 owns binding generation/revision/ordering heads into the fence there	https://github.com/UnknownAlienHuman/eliot-memory-os/issues/2691	BASE
backup product-consumer allowlist consumed by the B-BACKUP cluster	1141;959;962;963;964;1873	crates/storage/eliot-backup/tests/disposition.rs::ADMITTED_CONSUMERS		SHARED_OUTPUT_ONLY: do not let a B-BACKUP lane re-narrow the allowlist back to one consumer	https://github.com/UnknownAlienHuman/eliot-memory-os/issues/959	BASE
in-memory reference store disposition	1141;1715;994;1779	crates/storage/eliot-store-memory/**		NO_CHANGE: both gates already pass on main; any change comes from the owning lanes	https://github.com/UnknownAlienHuman/eliot-memory-os/issues/1715	BASE
backup-recovery operation matrix must enumerate the same eight operations and three classes the owner issues bind	964;959	crates/kernel/eliot-kernel-service/src/store_client.rs backup_begin/page/end plus the EBP-client edges		SHARE_ONE_MATRIX: #964 attributes the absent producer and must not close it	https://github.com/UnknownAlienHuman/eliot-memory-os/issues/959	BASE
capture leg has no production CaptureRequest producer	964;975	crates/kernel/eliot-kernel-service/src/store_gateway.rs::backup_restore_batch (the only wired #950 edge)		#964 records the capability gap; #975 owns the wiring	https://github.com/UnknownAlienHuman/eliot-memory-os/issues/975	BASE
cutover is a separate admitted scenario from restore rehearsal	964;961	isolated-restore rehearsal evidence vs owner-issued activation receipts		DEFER and keep the two in separate scenarios	https://github.com/UnknownAlienHuman/eliot-memory-os/issues/961	BASE
Host/Watchdog owner channels appear in matrix rows but are not executable yet	964;962	bins/eliot-host/src/backup_preparation.rs, backup_config_projection.rs		DEFER: record the absent live adapter rather than assert the channel	https://github.com/UnknownAlienHuman/eliot-memory-os/issues/962	BASE
frozen-fixture convention established by a sibling backup work unit	964;974	scripts/testdata/work-unit-gate/backup-link/		SHARE_CONVENTION: #964 uses its own backup-recovery location	https://github.com/UnknownAlienHuman/eliot-memory-os/issues/974	BASE
instrument-runner lib.rs and Cargo.toml	1128;PR#2369	crates/instrument/eliot-instrument-runner/src/lib.rs + Cargo.toml	2369	OBSOLETE: stale conflicting draft whose added files already exist on main; do not merge or rebase against #1128 work	https://github.com/UnknownAlienHuman/eliot-memory-os/pull/2369	BASE
bridge-projected ToolResultReceipt must reach the daemon's async tool-result ingest	1108;2567	ToolResultReceipt delivery leg into bins/eliotd/src/solo_agent_driver.rs		SPLIT: #2567 needs the delivery binding; #1108 owns only the daemon-side async ingest over restore_solo_fabric_async	https://github.com/UnknownAlienHuman/eliot-memory-os/issues/2567	BASE
six production FabricPorts report PortBindingState::Missing so no dispatch occurs in production yet	1108;2567	bins/eliotd/src/lib.rs::DaemonComposition::production_fabric_ports		OWNER_BINDINGS: #694/#696/#698/#839/#2567 own them; #1108 keeps the fail-closed Missing posture	https://github.com/UnknownAlienHuman/eliot-memory-os/issues/2567	BASE
bins/eliotd/src/lib.rs also edited by three open PRs	1108;PR#3766,PR#2369,PR#3869	bins/eliotd/src/lib.rs	3766;2369;3869	SERIALIZED: no hunk in any of the three reaches the solo/provider-admission region	https://github.com/UnknownAlienHuman/eliot-memory-os/pull/2369	BASE
RecordedRevocation shape and REVOCATION_HISTORY_PAYLOAD_VERSION in the Store revocation-history contract	1142;PR#3058;#686	crates/storage/eliot-store-api/src/revocation_history.rs	3058	COORDINATE_BEFORE_ITEM_4: #3058 edits the same file and states it does not change the row shape; land the version bump on top or sequence after it	https://github.com/UnknownAlienHuman/eliot-memory-os/pull/3058	BASE
Governor composition owner wiring on the live owner-feed pass	1142;PR#2369	crates/governor/eliot-governor/src/composition.rs + Cargo.toml	2369	READ_ONLY: do not take a second writer on the composition root	https://github.com/UnknownAlienHuman/eliot-memory-os/pull/2369	BASE
Context assembly fence/recipe binding shares assemble.rs with the headroom lane	1027;PR#4495	crates/smart/eliot-context-assembly/src/assemble.rs	4495	MERGE_ORDER_ONLY: #4495 adds headroom checks and changes no fence_digest line but rewrites a helper that re-reads recipe_digest; re-verify after merge	https://github.com/UnknownAlienHuman/eliot-memory-os/pull/4495	BASE
Revocation record materialization for the restore ledger	1027;PR#3058;#686	crates/storage/eliot-store-api/src/revocation_history.rs	3058	SUPERSEDED: the file already exists on main and is consumed by backup_restore.rs::gate_revocation_ledger; belongs to #686	https://github.com/UnknownAlienHuman/eliot-memory-os/pull/3058	BASE
disposition ledger and Testd dispatch table both live in eliot-instrument-runner	1140;1128	crates/instrument/eliot-instrument-runner/src/{registry.rs,lib.rs,provider_denominator.rs,testd_profile_dispatch.rs,testd_registry.rs} and bins/eliot-testd/src/{lib.rs,worker.rs}		SEQUENCE: #1128's PR #5014 is merged and absorbed; sequence #1140 after any further #1128 merge	https://github.com/UnknownAlienHuman/eliot-memory-os/issues/1128	BASE
workspace membership and shared manifests for all 17 packages	1140;1141;1142;1143;1144;1145;1146	Cargo.toml, Cargo.lock, crates/instrument/*/Cargo.toml		COORDINATED: one writer per file; reserve Cargo.toml/Cargo.lock for a single merged change	https://github.com/UnknownAlienHuman/eliot-memory-os/issues/1141	BASE
open draft WIP touching the runner, engine, governor and workspace manifests	1140;PR#2369	crates/instrument/eliot-instrument-runner/{Cargo.toml,lib.rs,cache_lane.rs,process_owner.rs}, eliot-build-test-graph, eliot-engine/src/cached_derivation.rs, governor composition.rs, Cargo.lock, Cargo.toml	2369	TEXTUAL_CONFLICT_ONLY: land #1140 first and let #2369 rebase	https://github.com/UnknownAlienHuman/eliot-memory-os/pull/2369	BASE
single terminal per failed operation across the nine files and their callers	981;891;893	bins/eliot-host/src/lib.rs::BOUNDARY_OPEN_TERMINAL (host-open-failed) and host_composition_store_recovery.rs::observe_terminal_error		NO_NEW_TERMINAL: #981 emits only subordinate observations whose correlated lower-stage details do not double count	https://github.com/UnknownAlienHuman/eliot-memory-os/issues/891	BASE
joint propagation table and 16-case reconciliation	981;985	bins/eliot-host/tests/data/host_journal_diagnostics.json and the nine-path inventory		SPLIT: #981 supplies the nine-file half; #985 owns final integration acceptance so the denominator must stay reconcilable	https://github.com/UnknownAlienHuman/eliot-memory-os/issues/985	BASE
stale-branch import reorganisation in journal_append.rs	981;PR#3869	bins/eliot-host/src/journal_append.rs	3869	OBSOLETE: main already performs that split via journal_append/readiness_append.rs and the PR touches none of the nine observation helpers	https://github.com/UnknownAlienHuman/eliot-memory-os/pull/3869	BASE
crates/meta/eliot-improvement/** is a shared write surface across three open improvement issues	1145;973;970;PR#3579	crates/meta/eliot-improvement/src/** and the package tests	3579	NO_WRITE_FOR_1145: all #1145 write paths are crates/governor/eliot-maintenance/** and bins/eliotd/**. #3579's only hunk there is already absorbed on main.	https://github.com/UnknownAlienHuman/eliot-memory-os/issues/973	BASE
improvement_pipeline.rs and improvement_candidate_route.rs owned by three sibling open issues	1145;2702;2703;2705	crates/governor/eliot-maintenance/src/improvement_pipeline.rs and bins/eliotd/src/improvement_candidate_route.rs		SERIALIZE: all three declare a main-only shared-file pass; #1145 must not open a competing writer	https://github.com/UnknownAlienHuman/eliot-memory-os/issues/2702	BASE
ControlBoard crate disposition and fixture_status text	1187;1213	crates/surfaces/eliot-controlboard/Cargo.toml		SERIALIZED: #1213 wrote the disposition; #1187 must not re-decide it, and any #1187 work making the board reachable invalidates that text so #1213 must be updated in the same turn	https://github.com/UnknownAlienHuman/eliot-memory-os/issues/1213	BASE
ControlBoard daemon composition and daemon-side local-read claim gate	1187;PR#2369	bins/eliotd/src/controlboard_adapters.rs, daemon_runtime.rs, lib.rs	2369	SEQUENCED: the draft rewrites the same files and adds controlboard_serve.rs; #1187 edits land after it	https://github.com/UnknownAlienHuman/eliot-memory-os/pull/2369	BASE
Kernel local-read admission/claim/submit for a new broker capability	1187;PR#2369	bins/eliot-kernel/src/host_request_route.rs	2369	CONFLICT_RISK: both edit the admission lane; rebase before any #1187 gate act	https://github.com/UnknownAlienHuman/eliot-memory-os/pull/2369	BASE
CLI/dashboard canonical view fallback	1187;1213	crates/surfaces/eliot-cli/src/lib.rs CONTROLBOARD_PLAN_GAP, bins/eliot/src/controlboard_status.rs		OUT_OF_SCOPE_FOR_1187: #1213 owns those literals; #1187 does not re-link eliot-cli to eliot-controlboard	https://github.com/UnknownAlienHuman/eliot-memory-os/issues/1213	BASE
Kernel user-broker registration route ownership (register/heartbeat/fence/authorize-launch)	1135;1889	bins/eliot-kernel/src/user_broker_registration_route.rs, user_broker_registration_authority.rs, crates/kernel/eliot-ors/src/user_broker.rs		EXTEND_NOT_DUPLICATE: #1889 landed the route and ORS records; #1135 must extend that same route, not create a second ingress	https://github.com/UnknownAlienHuman/eliot-memory-os/issues/1889	BASE
per-operation RequestIdentity discipline on the broker transport	1135;74	bins/eliot-user-broker/src/operation_identity.rs, eliot-user-broker-core::IssuedOperationIdentity		REUSE: schema-versioned identity rows are already on main; any retry/conflict work must reuse them unchanged	https://github.com/UnknownAlienHuman/eliot-memory-os/issues/74	BASE
Kernel-side broker session capability set	1135;1777	bins/eliot-kernel/src/front_door_session.rs::bind_user_broker_session		COORDINATE: adding USER_BROKER_AUTHORIZE_LAUNCH_OPERATION changes an exactly-broker-capabilities gate owned by #1777 work; do not fork	https://github.com/UnknownAlienHuman/eliot-memory-os/issues/1777	BASE
broker files also edited by an open draft	1135;PR#2369	bins/eliot-user-broker/src/{lib.rs,main.rs,Cargo.toml}, bins/eliot-kernel/src/{lib.rs,frame_dispatch.rs,front_door_driver.rs}	2369	REBASE_FIRST: merge hazard on the same dispatch seam	https://github.com/UnknownAlienHuman/eliot-memory-os/pull/2369	BASE
guard bodies must call prepare_terminal_containment and emit the composite to record_guard_revert / reconcile_retained_guard_evidence	1148;860	crates/kernel/eliot-platform-windows/src/installer_root.rs, named_pipe_peer_auth.rs		#860 owns both files; #1148 supplies signatures and error rules only and must not touch them	https://github.com/UnknownAlienHuman/eliot-memory-os/issues/860	BASE
eliot-installation test module registration	1148;PR#2369	crates/kernel/eliot-installation/src/tests.rs	2369	SERIALIZE writers; no semantic overlap	https://github.com/UnknownAlienHuman/eliot-memory-os/pull/2369	BASE
ReadOutcome::Partial accept-set becomes reachable from the experience lane; the ProjectionState::Partial consumer arm stops being dead	1144	crates/governor/eliot-read/src/lib.rs::classify_payload_coverage and crates/governor/eliot-governor/src/context_inputs.rs::classify_read_outcome		SINGLE_WRITER on the two write paths; context_inputs.rs is READ ONLY	https://github.com/UnknownAlienHuman/eliot-memory-os/issues/1144#issuecomment-5919587588	BASE
KernelContextReadClient is edited by an open PR while #1144 reads it as the read owner's production composition edge	1144;PR#4495	bins/eliotd/src/kernel_context_read_client.rs	4495	NO_HUNK_OVERLAP: headroom/composition hunks only; #1144 takes READ ONLY there	https://github.com/UnknownAlienHuman/eliot-memory-os/pull/4495	BASE
eliot-installation package collision between two READY rows: shared write file plus a three-way write/read inversion	1138;1148	crates/kernel/eliot-installation/src/tests.rs, crates/kernel/eliot-installation/src/{lib.rs,redb_state.rs,transaction.rs}		SERIALIZE_TURNS: #1148 first (its WRITE crates/kernel/eliot-installation/src/transaction.rs is #1138's READ ONLY), then #1138 re-freezes. #1148 READ ONLY names crates/kernel/eliot-installation/src/{lib.rs,redb_state.rs} while #1138 WRITES both. Different lines of one file are not independent claims.	https://github.com/UnknownAlienHuman/eliot-memory-os/blob/b7e9e334569639a6290baeacf82bf44941def506/crates/kernel/eliot-installation/src/tests.rs	BASE
eliot-installation/src/tests.rs shared write surface between #1138 and #1148	1138;1148	crates/kernel/eliot-installation/src/tests.rs (9657 lines, mod registration table)		SERIALIZE: no canonical doc names a new test file, so neither card may create one and both land proofs in the one existing module registration table; the second writer rebases its mod additions onto the first. No semantic overlap between canary-removal and guard-containment proofs.	https://github.com/UnknownAlienHuman/eliot-memory-os/blob/b7e9e334569639a6290baeacf82bf44941def506/crates/kernel/eliot-installation/src/tests.rs	BASE
native-worker adapter registry pins the #1112 claude sidecar seam by compile-time assertion, not by behaviour	1112;1135	crates/agent/eliot-agent-claude/src/execution.rs (1112 WRITE) -> bins/eliot-native-worker/src/adapter_registry.rs::{CLAUDE_FACTORY_ID, build/registry arm} and bins/eliot-native-worker/tests/adapter_registry_wiring.rs (both 1112 READ ONLY)		SEQUENCE_CONSTRAINT, not a wait: adapter_registry.rs:890-901 holds let _ = assertions binding ClaudeSidecarFactory::new, ::prepare, ClaudeFactoryInput, ClaudeFactoryOutcome and admit_with_port, so a #1112 writer must keep those exact signatures or land the registry change in the SAME unit (it is outside #1112's scope). #1135 does not write adapter_registry.rs; the native-worker broker scope named by #1135 is bins/eliot-user-broker/src, so this seam is unshared with it and needs only one writer.	https://github.com/UnknownAlienHuman/eliot-memory-os/blob/b7e9e334569639a6290baeacf82bf44941def506/bins/eliot-native-worker/src/adapter_registry.rs	BASE
#944 soak harness adapter is specified to tolerate the absent #909 live bridge	944;909	scripts/integration/soak_run.py (944 WRITE) against the #909 authenticated isolated SurrealDB provisioner		NOT_A_RELEASE_GATE: #944 s own item requires its harness adapter to return a bounded capability failure when no live bridge exists, which is precisely the #909-absent condition, so #944 Milestone A goes green without #909. Do not serialize #944 behind #909; record the #909 provisioner as a later capability edge.	https://github.com/UnknownAlienHuman/eliot-memory-os/blob/b7e9e334569639a6290baeacf82bf44941def506/crates/storage/eliot-backup/Cargo.toml;https://github.com/UnknownAlienHuman/eliot-memory-os/issues/909	BASE
#985 coverage rebaseline would bake in #983 unrepaired lib.rs terminal-classification defect	985;983	scripts/testdata/host-diagnostic-coverage/coverage.toml (985 WRITE; 480 boundary entries, every parent = bins/eliot-host/src/lib.rs)		ORDER_CONSTRAINT: #983 open defect is that the lib.rs guard disarms only for Admitted, so both PossibleEffect producers publish host-backup-dispatch-failed, contradicting the comment three lines above it. #985 rebaselines 272 stale digests over that same table. Either land #983 lib.rs repair first, or have #985 exclude the affected terminal-classification boundaries and record them as incomplete rather than proven. #983 is WAIT, so #985 must not silently rebaseline over it.	https://github.com/UnknownAlienHuman/eliot-memory-os/blob/b7e9e334569639a6290baeacf82bf44941def506/scripts/testdata/host-diagnostic-coverage/coverage.toml;https://github.com/UnknownAlienHuman/eliot-memory-os/issues/983	BASE
#1141 backup consumer pin can drift when #960 changes the production selector set	1141;960	crates/storage/eliot-backup/tests/disposition.rs::ADMITTED_CONSUMERS and docs/code-navigation/capsules/index.json (both 1141 WRITE)		COORDINATE_NOT_WAIT: main pins ADMITTED_CONSUMERS as a 1-element array containing only the eliot selector, while four production binaries already select the crate (bins/eliot, bins/eliot-host, bins/eliot-kernel, bins/eliot-store-surreal; the fifth edge is the eliot-blob library, not a binary). #1141 does not wait on #960: it re-freezes the selector set at dispatch, and root re-runs the pin if #960 adds or removes a production selector.	https://github.com/UnknownAlienHuman/eliot-memory-os/blob/b7e9e334569639a6290baeacf82bf44941def506/crates/storage/eliot-backup/tests/disposition.rs;https://github.com/UnknownAlienHuman/eliot-memory-os/issues/960	BASE
#951 in-crate capture fixtures vs the #2689 in-crate test module: both drive read_snapshot_page/end_snapshot	951;2689	crates/storage/eliot-store-surreal-adapter/src/backup_snapshot.rs (read-only for #951; #2689 exclusive write path)		SEPARATE_WRITERS: that module currently has zero cfg(test)/#[test], so #2689 owns the in-crate fixtures. #951 adds only tests/backup_snapshot.rs and tests/data/backup-snapshot/ and must not add in-crate tests to the same module.	https://github.com/UnknownAlienHuman/eliot-memory-os/blob/b7e9e334569639a6290baeacf82bf44941def506/crates/storage/eliot-store-surreal-adapter/src/backup_snapshot.rs	BASE
UNOWNED RED ON MAIN: a #975 edge test asserts the backup capability is NOT advertised while wire.rs::CAPABILITIES now contains it	951;975(closed)	bins/eliot-store-surreal/tests/backup_store_edge.rs::backup_denominator_covers_every_accepted_operation_end_to_end vs crates/storage/eliot-store-api/src/wire.rs::CAPABILITIES		UNOWNED_NEEDS_ROOT_OWNER: the plain #[test] at line 880 asserts !CAPABILITIES.contains(&CAPABILITY_STORE_BACKUP) with message "the backup capability is declared but never advertised without backend proof", and imports the same eliot_store_api::CAPABILITIES that now lists CAPABILITY_STORE_BACKUP, so this test is red on main. It is not #[ignore]d and not env-gated. Closed #975 named only the env-gated live case 17 as its residual, so no open issue owns this assertion. #951 must NOT fix it (outside its Exclusive mutable scope); report only. It blocks cargo test -p eliot-store-surreal, not the -p eliot-store-surreal-adapter check #951 runs.	https://github.com/UnknownAlienHuman/eliot-memory-os/blob/b7e9e334569639a6290baeacf82bf44941def506/bins/eliot-store-surreal/tests/backup_store_edge.rs;https://github.com/UnknownAlienHuman/eliot-memory-os/pull/4804	BASE
#952 restore fixture tree is the only existing backup fixture precedent; #951 must not reuse it in place	951;952(closed)	crates/storage/eliot-store-surreal-adapter/tests/data/backup-restore/ (six fixtures on main)		READ_ONLY_REFERENCE: #951 Exclusive mutable scope names a separate tests/data/backup-snapshot/, so do not extend or reuse the #952 tree in place.	https://github.com/UnknownAlienHuman/eliot-memory-os/blob/b7e9e334569639a6290baeacf82bf44941def506/crates/storage/eliot-store-surreal-adapter/tests/data/backup-restore/manifest.json	BASE
#951 case 18 provider proof needs the isolated SurrealDB provisioner	951;909;907	isolated SurrealDB 3.1.4 provision output (cases 1..17 need none)		PARTIAL_RELEASE: cases 1..17 proceed now through CanonicalSnapshotPort. Case 18 stays deferred until #909 lands the authenticated isolated provisioner and #907 the coordinator. The #952 precedent (conditional surreal.exe version probe at ELIOT_TEST_SURREAL_EXE) is acceptable for 1..17 but is not a substitute for case 18 stated obligation. No whole-issue wait.	https://github.com/UnknownAlienHuman/eliot-memory-os/issues/909	BASE
#893 waits on #891 for a HostTerminalGuard correlation change that #891 never asks for and main does not have	893;891	bins/eliot-host/src/lib.rs::HostTerminalGuard (main: struct HostTerminalGuard { boundary: &	'	static HostLifecycleBoundary, armed: bool })		BASE
#983 already added backup-*.terminal rows inside the #891 boundary-table region of lib.rs	891;983	bins/eliot-host/src/lib.rs::HOST_LIFECYCLE_BOUNDARY_TABLE		ABSORBED: the four backup-*.terminal rows #983 added are on main and the lifecycle fixture pins them (rows 121 / emitting 118), so #983 no longer conflicts with #891. #891 must not re-edit or renumber those rows.	https://github.com/UnknownAlienHuman/eliot-memory-os/blob/b7e9e334569639a6290baeacf82bf44941def506/bins/eliot-host/tests/data/host_lifecycle_diagnostics.json	BASE
case-22 allowed-diff proof duplicates the #893 case-26 obligation that has no product seam on main	891;893	diff-guard proof obligation (both are TEST-PHASE with impl NONE)		SHARED_OBLIGATION_NO_SEAM: build it once inside each issue own test target rather than inventing a shared harness, and do not let one issue deferral mask the other.	https://github.com/UnknownAlienHuman/eliot-memory-os/issues/893	BASE
AUTHORITATIVE PR STATE at main@	b7e9e334569639a6290baeacf82bf44941def506	: v2/review/OPEN-PRS.tsv is STALE and must not be used as the PR authority	ALL	v2/review/OPEN-PRS.tsv lists 24 open PRs; gh pr view verifies only 5 are still open	2369,2956,3058,3579,3766,3869,4110,4490,4495,4599,4688,4999,3811,3812,4845,5021,2721,2769	BASE
REFUTED disposition: #3869 is NOT backup-inert outside bins/eliot-host, and is NOT obsolete for the Store restore module	975;3869	crates/storage/eliot-store-surreal-adapter/src/backup_restore.rs (gh pr diff 3869 --name-only confirms it) against bins/eliot-host/src/backup_config_projection.rs	3869	REFUTED_PRIOR_CLAIM: the earlier row asserting every backup-named #3869 hunk is bins/eliot-host/src/backup_config_projection.rs is FALSE. #3869 also carries a substantive hunkset in crates/storage/eliot-store-surreal-adapter/src/backup_restore.rs (validate_reference_closure, dispositions[i] -> dispositions_by_member keyed by member_reference, BTreeMap import) - one of the two files that very row names as shared. #3869 is CLOSED-unmerged, so this hunkset is now orphaned work that must be dispositioned per file, not dismissed.	https://github.com/UnknownAlienHuman/eliot-memory-os/pull/3869/files	BASE
REFUTED file-membership claims used to justify no-conflict serialization	ALL	bins/eliot-kernel/src/lib.rs, bins/eliotd/src/lib.rs, bins/eliot-watchdog/src/watchdog_composition.rs	3869,4490,3811,3812,2369,4845	REFUTED_PRIOR_CLAIMS, corrected membership: (1) #3869 does NOT edit bins/eliot-kernel/src/lib.rs (gh pr diff --name-only confirms absent) - #4490/#3811/#3812 do; a row crediting #3869 with that overlap is wrong. (2) #3869 does NOT touch bins/eliotd/src/lib.rs at all (it edits campaign_packet, controlboard_adapters, daemon_kernel_client); #2369 does, so the no-overlap claim held only trivially and #3869 was wrongly credited with it. (3) #4845 files are exactly bins/eliot-kernel/src/{backup_restore,backup_restore_ports,request_dispatch}.rs - it does NOT touch watchdog_composition.rs, so a row naming two kernel files as shared is half wrong.	https://github.com/UnknownAlienHuman/eliot-memory-os/pull/4845/files	BASE
REFUTED: #5021 capture.rs is a CODE TABLE change, not doc-comment/conformance only	1147;5021	crates/foundation/eliot-bootstrap/src/capture.rs::WORKSPACE_SOURCE_DOCUMENT_PATHS	5021	REFUTED_PRIOR_CLAIM: the row claiming capture.rs hunks are doc-comment/conformance only is FALSE. The hunk edits the WORKSPACE_SOURCE_DOCUMENT_PATHS const array (drops docs/AGENTS.md, ARCHITECTURE.md, IMPLEMENTATION.md, BUILD.md, TESTING.md, SCHEMA.md, CHANGELOG.md; adds docs/ARCHITECTURE_CONTRACT.md, docs/CODE_NAVIGATION.md). That is a source table whose classification decides which workspace documents are canonical, so a writer must treat it as a production write, not a docs touch.	https://github.com/UnknownAlienHuman/eliot-memory-os/pull/5021/files	BASE
STALE premise: #4110 is closed and origin/main ci.yml already carries the automatic merge check	ALL	.github/workflows/ci.yml	4110	PREMISE_STALE: the row dispositioning #4110 as STILL_NEEDED for a separate ci.yml owner is wrong on both halves - #4110 is CLOSED-unmerged and origin/main:.github/workflows/ci.yml already carries the automatic compile-only merge check (triggers pull_request to main plus workflow_dispatch; concurrency group merge-compile-* keyed on the PR number). No separate owner is needed for that check; the W4 CONTEXT line about ci.yml being the sole automatic merge check is confirmed by source.	https://github.com/UnknownAlienHuman/eliot-memory-os/blob/b7e9e334569639a6290baeacf82bf44941def506/.github/workflows/ci.yml	BASE
backup.create reply contract shared by bins/eliot-kernel/src/request_dispatch.rs::handle_backup_create and crates/surfaces/eliot-cli/src/backup.rs::backup_create	2569;959	backup.create envelope key set: the refusal-only six keys (command/status/idempotency_key/code/missing_owner/reason) versus the closed state-specific variants that must replace them		single-writer - land the Kernel create arm and the CLI create decoder in the same change; neither is reviewable alone, and the decoder must not accept arbitrary extra fields or status strings to paper over the gap	https://github.com/UnknownAlienHuman/eliot-memory-os/issues/2569;https://github.com/UnknownAlienHuman/eliot-memory-os/issues/2569#issuecomment-5868679433;https://github.com/UnknownAlienHuman/eliot-memory-os/issues/2569#issuecomment-5930321623	BASE
envelope owner-issued task/scope/revision binding (bins/eliot-agent-bridge/src/lib.rs::ActivatedTaskBinding + bins/eliot-agent-bridge/src/kernel_host_request_client.rs::build_invocation_envelope)	2570;#1746 (OPEN) item 6 "Carry and revalidate the binding through dispatch. The admitted operation/payload identity must include the relevant task/scope/fence" and its acceptance "Both bridge and direct internal entrypoints enforce the same required binding"	the single owner-issued task/work_scope/task_revision triple from the Kernel typed Authenticated activation disposition (bins/eliot-kernel/src/host_request_route.rs retains it as ActivatedApplicationBinding)	1746	serialize, do not duplicate: #2570 may populate the binding only for the eliot.finish invocation envelope and must not add a second activation read, a second binding type or a new resolver; #1746 owns the general-lane wiring over the same fields, so the two must land as one writer turn on these two files or #1746 goes first	https://github.com/UnknownAlienHuman/eliot-memory-os/issues/2570;https://github.com/UnknownAlienHuman/eliot-memory-os/issues/2570#issuecomment-5900495657;https://github.com/UnknownAlienHuman/eliot-memory-os/issues/2570#issuecomment-5840322193;https://github.com/UnknownAlienHuman/eliot-memory-os/issues/2570#issuecomment-5839675656	BASE
claim attempt binding contour (crates/foundation/eliot-protocol/src/finish_attempt.rs::FinishAttempt)	2570;crates/foundation/eliot-protocol/src/task_controller.rs::TaskControllerAttempt (already on main, the audited precedent named by the owner audit item 3)	the scope_id + task_id + state_fence field contour and its validate() epoch/fence equality		mirror the existing contour verbatim; no third attempt-binding shape and no wire-version bump beyond the existing FINISH_ATTEMPT_WIRE_VERSION	https://github.com/UnknownAlienHuman/eliot-memory-os/issues/2570;https://github.com/UnknownAlienHuman/eliot-memory-os/issues/2570#issuecomment-5900495657;https://github.com/UnknownAlienHuman/eliot-memory-os/issues/2570#issuecomment-5840322193;https://github.com/UnknownAlienHuman/eliot-memory-os/issues/2570#issuecomment-5839675656	BASE
logical-key retirement producer lands in the ORS store/model while the owner-neutral key encoder host stays read-only	2571;3812	crates/kernel/eliot-ors/src/store.rs + model.rs; crates/foundation/eliot-contracts/src/lib.rs must not be re-edited		serialize - PR 3812 is mailbox-only and carries no logical-key hunk	https://github.com/UnknownAlienHuman/eliot-memory-os/issues/2571;https://github.com/UnknownAlienHuman/eliot-memory-os/issues/2571#issuecomment-5934987096;https://github.com/UnknownAlienHuman/eliot-memory-os/issues/2571#issuecomment-5848335307;https://github.com/UnknownAlienHuman/eliot-memory-os/issues/2571#issuecomment-5870713443	BASE
present-tense non-member standalone denominator count (ten -> nine)	2612	docs/DEPENDENCY_POLICY.md::Multi-ecosystem denominator and inventory workstreams/security/standalone-crate-dispositions.toml::standalone_package_count scripts/verify-standalone-crates.py::standalone_crates		single-paragraph owner edit; no other open issue or open PR touches these files, so no cross-card merge conflict	https://github.com/UnknownAlienHuman/eliot-memory-os/issues/2612;https://github.com/UnknownAlienHuman/eliot-memory-os/issues/2612#issuecomment-5908611108	BASE
KernelIdleLeaseCensus::store_stop_obligations / RuntimeLeaseCensus::store_stop_obligations	2625;#1751	the #1751 RuntimeLease table is now one of 33 families inside crates/kernel/eliot-ors/src/store/stop_census.rs::StoreStopObligationCounts, and the Host mirror reads the same typed census over ReadRuntimeLeaseCensus	1751	already-serialized by merge 2fa07c628; any incomplete #1751 RuntimeLease mapping stays a #1751 residual and must not be reported as full-idle	https://github.com/UnknownAlienHuman/eliot-memory-os/issues/2625;https://github.com/UnknownAlienHuman/eliot-memory-os/issues/2625#issuecomment-5905983499;https://github.com/UnknownAlienHuman/eliot-memory-os/issues/2625#issuecomment-5913414188;https://github.com/UnknownAlienHuman/eliot-memory-os/issues/2625#issuecomment-5913417322	BASE
KernelComposition::canonical_store_claimed	2625;#1086	single-attachment ownership latch, untouched by this issue	1086	unchanged on main; read only in canonical_store_runtime.rs	https://github.com/UnknownAlienHuman/eliot-memory-os/issues/2625;https://github.com/UnknownAlienHuman/eliot-memory-os/issues/2625#issuecomment-5905983499;https://github.com/UnknownAlienHuman/eliot-memory-os/issues/2625#issuecomment-5913414188;https://github.com/UnknownAlienHuman/eliot-memory-os/issues/2625#issuecomment-5913417322	BASE
owner-census revalidation at the DrainCommit append (bins/eliot-host/src/lib.rs::HostComposition::stop Draining arm) and at the Kernel StoreStopLeaseZero consumption	2626;#2625 #1686	the one owner-issued RuntimeLeaseCensus (crates/kernel/eliot-kernel-service/src/protocol.rs::RuntimeLeaseCensus: state_fence + supervision_lease_id, plus crates/kernel/eliot-ors/src/store/stop_census.rs::StoreStopObligationCensus admission_revision/observation_revision) that rearm_cancelled_drain already digests into `idle:<sha>`	2625	still needed — deferred, closing the true linearization-point gap is the shutdown engine's, outside #2626 scope	https://github.com/UnknownAlienHuman/eliot-memory-os/issues/2626;https://github.com/UnknownAlienHuman/eliot-memory-os/issues/2626#issuecomment-5906086103;https://github.com/UnknownAlienHuman/eliot-memory-os/issues/2626#issuecomment-5945757676	BASE
bins/eliot-kernel/src/shutdown_drain.rs	2627;1686 2625	ShutdownDrainCoordinator receipt gate and run_shutdown_drain phase order; #1686 owns durable-state publication and the phase rewrite, #2625 owns the StoreStopLeaseZero census downstream of this phase		serialize	https://github.com/UnknownAlienHuman/eliot-memory-os/issues/2627;https://github.com/UnknownAlienHuman/eliot-memory-os/issues/2627#issuecomment-5853538937;https://github.com/UnknownAlienHuman/eliot-memory-os/issues/2627#issuecomment-5854876428;https://github.com/UnknownAlienHuman/eliot-memory-os/issues/2627#issuecomment-5856371672;https://github.com/UnknownAlienHuman/eliot-memory-os/issues/2627#issuecomment-5934225255	BASE
bins/eliot-kernel/src/lib.rs	2627;4490 2369 3812 3811	KernelComposition module surface; those PRs hunks are module declarations and operation catalogues outside the drain receipt region		serialize	https://github.com/UnknownAlienHuman/eliot-memory-os/issues/2627;https://github.com/UnknownAlienHuman/eliot-memory-os/issues/2627#issuecomment-5853538937;https://github.com/UnknownAlienHuman/eliot-memory-os/issues/2627#issuecomment-5854876428;https://github.com/UnknownAlienHuman/eliot-memory-os/issues/2627#issuecomment-5856371672;https://github.com/UnknownAlienHuman/eliot-memory-os/issues/2627#issuecomment-5934225255	BASE
crates/kernel/eliot-ors/src/store.rs	2627;3869	RedbRecoveryStore read surface; #3869 hunks are the use-crate list and a legacy backup-verify classifier, not these families		serialize	https://github.com/UnknownAlienHuman/eliot-memory-os/issues/2627;https://github.com/UnknownAlienHuman/eliot-memory-os/issues/2627#issuecomment-5853538937;https://github.com/UnknownAlienHuman/eliot-memory-os/issues/2627#issuecomment-5854876428;https://github.com/UnknownAlienHuman/eliot-memory-os/issues/2627#issuecomment-5856371672;https://github.com/UnknownAlienHuman/eliot-memory-os/issues/2627#issuecomment-5934225255	BASE
apps/Eliot.Operator/Services/IGovernorClient.cs member surface + MainViewModel UserAutomation submission/recovery path	2644;#2643	both issues edit the prepared-request interface and the same MainViewModel submit/reconcile call sites	2643	coordinate, one writer at a time; #2643's client/envelope change already landed via PR #2685, so this is sequencing, not a blocker	https://github.com/UnknownAlienHuman/eliot-memory-os/issues/2644;https://github.com/UnknownAlienHuman/eliot-memory-os/issues/2644#issuecomment-5946069833;https://github.com/UnknownAlienHuman/eliot-memory-os/issues/2644#issuecomment-5848170130;https://github.com/UnknownAlienHuman/eliot-memory-os/issues/2644#issuecomment-5912481583	BASE
startup-readiness owner facts + slot adoption APIs in bins/eliotd/src/startup_readiness.rs and the local-read settle path in bins/eliotd/src/daemon_runtime.rs	2647;2560	startup_readiness.rs::CoreReadinessRequirements / ::MANDATORY_CORE_CAPABILITIES / ::reevaluate_capability daemon_runtime.rs::skill_capability_refusal / ::run_local_read_poll		coordinate: #2560 (OPEN) owns the mandatory-core vs optional-capability split and must stay byte-unchanged in the mandatory set, slot accounting and actual-owner validation; #2647 must only widen the owner-identity basis and the failure ordering	https://github.com/UnknownAlienHuman/eliot-memory-os/issues/2647;https://github.com/UnknownAlienHuman/eliot-memory-os/issues/2647#issuecomment-5908971951	BASE
loop-local adoption tokens vs polled-flight lock discipline	2647;2559	daemon_runtime.rs::run_loop (settlement at :1919-1926, heartbeat ::observe_owner at :3266) startup_readiness.rs::StartupReadinessProjection		coordinate: #2559 (OPEN) owns keeping activation lock waits inside the polled flight; the settle-before-report reorder in #2647 must not reintroduce a long-held guard or block the health/activation/owner-feed/shutdown branches	https://github.com/UnknownAlienHuman/eliot-memory-os/issues/2647;https://github.com/UnknownAlienHuman/eliot-memory-os/issues/2647#issuecomment-5908971951	BASE
bins/eliotd/src/swarm_composition.rs ChildRunner/LaunchIntentLedger port + SwarmComposition::drain_bounded and bins/eliotd/src/lib.rs::DaemonComposition::swarm_composition root	2652;#2866 items 1, 2 and 8 (inject one real durable launch-intent/state ledger and native-worker runner; owner-issued registry/generation receipt; wire bounded cancellation/drain and coverage from that denominator) and #1126 What-to-do items 1-5	the only write file for both issues is bins/eliotd/src/swarm_composition.rs, and #2652 items 2/3/8 must extend the ChildRunner cancel signature into a typed request/receipt that only a real adapter can satisfy	2866	serialize #2866 before #2652; #2652 must not pre-shape the ChildRunner port or touch the composition root	https://github.com/UnknownAlienHuman/eliot-memory-os/issues/2652;https://github.com/UnknownAlienHuman/eliot-memory-os/issues/2652#issuecomment-5940387547;https://github.com/UnknownAlienHuman/eliot-memory-os/issues/2652#issuecomment-5842000149;https://github.com/UnknownAlienHuman/eliot-memory-os/issues/2652#issuecomment-5860765441	BASE
crates/kernel/eliot-ors/tests/restore_journal.rs	2653;957	same proof file and fixture vocabulary (WORK_UNIT_CASE 957/n markers, binding(), operation(), result_for(), predecessor_of()); #957 is the open parent journal issue whose proofs live in this file		serialize - only one writer on this file; if #957 opens a proof card, run it after this one	https://github.com/UnknownAlienHuman/eliot-memory-os/issues/2653;https://github.com/UnknownAlienHuman/eliot-memory-os/issues/2653#issuecomment-5840036882;https://github.com/UnknownAlienHuman/eliot-memory-os/issues/2653#issuecomment-5848176654;https://github.com/UnknownAlienHuman/eliot-memory-os/issues/2653#issuecomment-5848597781;https://github.com/UnknownAlienHuman/eliot-memory-os/issues/2653#issuecomment-5848844374;https://github.com/UnknownAlienHuman/eliot-memory-os/issues/2653#issuecomment-5848872066	BASE
bins/eliotd/src/skill_dispatch.rs + crates/governor/eliot-skill/src/activation.rs + Skill transport/result schema	2663;2664	same commit leg and the same private candidate/result shape		one serialized writer turn, #2663 first then #2664 (comment 5856960648); do not make two successive incompatible schema edits	https://github.com/UnknownAlienHuman/eliot-memory-os/issues/2663;https://github.com/UnknownAlienHuman/eliot-memory-os/issues/2663#issuecomment-5935845808;https://github.com/UnknownAlienHuman/eliot-memory-os/issues/2663#issuecomment-5870714286;https://github.com/UnknownAlienHuman/eliot-memory-os/issues/2663#issuecomment-5856960648	BASE
bins/eliotd/src/skill_dispatch.rs::commit_activation_candidate	2663;3766	same function		PR hunk obsolete; take nothing from it	https://github.com/UnknownAlienHuman/eliot-memory-os/issues/2663;https://github.com/UnknownAlienHuman/eliot-memory-os/issues/2663#issuecomment-5935845808;https://github.com/UnknownAlienHuman/eliot-memory-os/issues/2663#issuecomment-5870714286;https://github.com/UnknownAlienHuman/eliot-memory-os/issues/2663#issuecomment-5856960648	BASE
skill_dispatch.rs execution leg vs PR #3766 activation leg (same file, disjoint hunks: main 382-648 vs 892-1043)	2664;1882	bins/eliotd/src/skill_dispatch.rs		no shared hunk; serialize only because both writers touch one file	https://github.com/UnknownAlienHuman/eliot-memory-os/issues/2664;https://github.com/UnknownAlienHuman/eliot-memory-os/issues/2664#issuecomment-5856963175;https://github.com/UnknownAlienHuman/eliot-memory-os/issues/2664#issuecomment-5860578041;https://github.com/UnknownAlienHuman/eliot-memory-os/issues/2664#issuecomment-5897517248	BASE
skill transport wire revision v5 (Assessment variant) shared with the open #2663 qualification work	2664;2663	crates/surfaces/eliot-agent-bridge-core/src/skill_transport.rs		one coordinated wire change; #2663 work already landed via 5ca69c004 (#4159) while #2663 stays open	https://github.com/UnknownAlienHuman/eliot-memory-os/issues/2664;https://github.com/UnknownAlienHuman/eliot-memory-os/issues/2664#issuecomment-5856963175;https://github.com/UnknownAlienHuman/eliot-memory-os/issues/2664#issuecomment-5860578041;https://github.com/UnknownAlienHuman/eliot-memory-os/issues/2664#issuecomment-5897517248	BASE
crates/storage/eliot-store-surreal-adapter/src/backup_snapshot.rs - one writer per file	2689;#2691	the whole file; PLAN.md's already-planned M-STORE #2691 card lists backup_snapshot.rs as write path 1 of 5 and forbids a second writer for #2688/#2689 state	2691	serialize - #2689 must not run concurrently with M-STORE #2691; #2689 is an additive end-of-file #[cfg(test)] mod with no field edit, so it rebases cleanly onto #2691 rather than competing	https://github.com/UnknownAlienHuman/eliot-memory-os/issues/2689;https://github.com/UnknownAlienHuman/eliot-memory-os/issues/2689#issuecomment-5950903716	BASE
SnapshotState evidence field set and CaptureRegistry budget dimensions	2689;#2688 #2691	SnapshotState::{issued,claim,progress_revision,interruption,payload,last_page,terminal}, BudgetDimension::{ActivePageCalls,CleanupSteps}, MAX_INTERRUPTION_REASONS, RetainedClose	2688	read-only for #2689 - the fixtures only read these fields and add none, so #2689 cannot conflict semantically with the #2688 handle binding (SnapshotState::issued, ::require_retained_handle, ::bind_capture_principal) or the #2691 budget/expiry accounting	https://github.com/UnknownAlienHuman/eliot-memory-os/issues/2689;https://github.com/UnknownAlienHuman/eliot-memory-os/issues/2689#issuecomment-5950903716	BASE
docs/architecture/route-rules.toml + docs/architecture/ROUTES.md (generated projection coupled to the config)	2699;#2453	docs/architecture/route-rules.toml, docs/architecture/ROUTES.md	2453	no #2699 work to stitch; #2453 is CONFLICTING and stale against the merged improvement-learning rule, so whichever PR lands last must re-run scripts/docs_router_core.py::sync rather than carry hand-edited ROUTES.md bytes	https://github.com/UnknownAlienHuman/eliot-memory-os/issues/2699;https://github.com/UnknownAlienHuman/eliot-memory-os/issues/2699#issuecomment-5842236271;https://github.com/UnknownAlienHuman/eliot-memory-os/issues/2699#issuecomment-5842245815;https://github.com/UnknownAlienHuman/eliot-memory-os/issues/2699#issuecomment-5846140832;https://github.com/UnknownAlienHuman/eliot-memory-os/issues/2699#issuecomment-5846161791;https://github.com/UnknownAlienHuman/eliot-memory-os/issues/2699#issuecomment-5908672800	BASE
crates/governor/eliot-maintenance/src/improvement_pipeline.rs — new #[cfg(test)] mod tests at end of file	2702;#2703 #2705	#2702/#2703/#2705 shipped as one bundle (PR #2775) and all three acceptance phases add tests to the same file and share its fixtures, the terminal-disposition vocabulary and the commitment envelope	2703	serialize — one writer merges all three test sets into one module; three parallel appends of mod tests would collide	https://github.com/UnknownAlienHuman/eliot-memory-os/issues/2702;https://github.com/UnknownAlienHuman/eliot-memory-os/issues/2702#issuecomment-5842168573;https://github.com/UnknownAlienHuman/eliot-memory-os/issues/2702#issuecomment-5842783478;https://github.com/UnknownAlienHuman/eliot-memory-os/issues/2702#issuecomment-5847394866;https://github.com/UnknownAlienHuman/eliot-memory-os/issues/2702#issuecomment-5848811750	BASE
ImprovementProposal::privacy_class owner classification	2703;1145	privacy identity binding and the exact ImprovementProposal identity definition (#1145 acceptance: 'Every proposal binds exact current evidence, target, mechanism, expected delta, experiment, risk/effect ceiling, budget, deadline, privacy and invalidation identity')		blocked on 1145	https://github.com/UnknownAlienHuman/eliot-memory-os/issues/2703;https://github.com/UnknownAlienHuman/eliot-memory-os/issues/2703#issuecomment-5944522860;https://github.com/UnknownAlienHuman/eliot-memory-os/issues/2703#issuecomment-5848768719	BASE
ProposalCommitment profile and IMPROVEMENT_PIPELINE_WIRE_REVISION stamping for the two reshaped public enums	2703;2702	check_commitment_profile / commitment_of / check_handoff_wire_revision, revision 8		already shared on main — do not re-touch	https://github.com/UnknownAlienHuman/eliot-memory-os/issues/2703;https://github.com/UnknownAlienHuman/eliot-memory-os/issues/2703#issuecomment-5944522860;https://github.com/UnknownAlienHuman/eliot-memory-os/issues/2703#issuecomment-5848768719	BASE
proposal commitment digest content binding	2703;2705	proposal identity and digest content binding		already shared on main — do not re-touch	https://github.com/UnknownAlienHuman/eliot-memory-os/issues/2703;https://github.com/UnknownAlienHuman/eliot-memory-os/issues/2703#issuecomment-5944522860;https://github.com/UnknownAlienHuman/eliot-memory-os/issues/2703#issuecomment-5848768719	BASE
bins/eliot-kernel/src/front_door_driver.rs:816 `let directive: Option<eliot_runtime_contracts::I14BackpressureResponseV1> = None;` - the bridge-event saturation reply carries the BackpressureSignal dimension/recovery_action/shed_work triple but a null whole I14 disposition	2731;I14.3 control-reserve owner (crates/kernel/eliot-kernel-core/src/control_reserve_rejection.rs::FrontDoor::normal_saturation_response / protected_exhaustion_response / guarantee_lost_response)	eliot_runtime_contracts::I14BackpressureResponseV1		reserve-owner leg, not #2731 work - the in-code STITCH note at front_door_driver.rs:793-815 names it the only permitted supplier; never synthesize a directive from the three strings	https://github.com/UnknownAlienHuman/eliot-memory-os/issues/2731;https://github.com/UnknownAlienHuman/eliot-memory-os/issues/2731#issuecomment-5843302489;https://github.com/UnknownAlienHuman/eliot-memory-os/issues/2731#issuecomment-5845247582;https://github.com/UnknownAlienHuman/eliot-memory-os/issues/2731#issuecomment-5847810833;https://github.com/UnknownAlienHuman/eliot-memory-os/issues/2731#issuecomment-5847984419;https://github.com/UnknownAlienHuman/eliot-memory-os/issues/2731#issuecomment-5929904139	BASE
crates/kernel/eliot-ors/src/store.rs:19048 - record_bridge_event_handoff_checked runs its own bounded retire page at saturation, separate from the reconcile-driven maintenance page	2731;#2732 (OPEN) bounded recovery continuation consumption through the real Bridge route	retirement_continuation / repair_continuation cursors on BridgeEventCursorRow	2732	already wired on main; re-verify no double-advance once the retire arm terminalizes	https://github.com/UnknownAlienHuman/eliot-memory-os/issues/2731;https://github.com/UnknownAlienHuman/eliot-memory-os/issues/2731#issuecomment-5843302489;https://github.com/UnknownAlienHuman/eliot-memory-os/issues/2731#issuecomment-5845247582;https://github.com/UnknownAlienHuman/eliot-memory-os/issues/2731#issuecomment-5847810833;https://github.com/UnknownAlienHuman/eliot-memory-os/issues/2731#issuecomment-5847984419;https://github.com/UnknownAlienHuman/eliot-memory-os/issues/2731#issuecomment-5929904139	BASE
recovery-window refresh vs live walk	2732;2798	crates/kernel/eliot-ors/src/store.rs + crates/surfaces/eliot-agent-bridge-core/src/lib.rs RecoveryWindow		blocked-on-2798	https://github.com/UnknownAlienHuman/eliot-memory-os/issues/2732;https://github.com/UnknownAlienHuman/eliot-memory-os/issues/2732#issuecomment-5845071843;https://github.com/UnknownAlienHuman/eliot-memory-os/issues/2798#issuecomment-5943748403;https://github.com/UnknownAlienHuman/eliot-memory-os/issues/2799#issuecomment-5946571389;https://github.com/UnknownAlienHuman/eliot-memory-os/issues/2800#issuecomment-5946550423	BASE
reply validation vs ack-cache mutation	2732;2799	bins/eliot-agent-bridge/src/lib.rs ConsumedFrontierOffer/retain_acknowledgement_receipt*		blocked-on-2799	https://github.com/UnknownAlienHuman/eliot-memory-os/issues/2732;https://github.com/UnknownAlienHuman/eliot-memory-os/issues/2732#issuecomment-5845071843;https://github.com/UnknownAlienHuman/eliot-memory-os/issues/2798#issuecomment-5943748403;https://github.com/UnknownAlienHuman/eliot-memory-os/issues/2799#issuecomment-5946571389;https://github.com/UnknownAlienHuman/eliot-memory-os/issues/2800#issuecomment-5946550423	BASE
offer-to-window binding	2732;2800	bins/eliot-agent-bridge/src/lib.rs consumed_offer_proven_by_import		blocked-on-2800	https://github.com/UnknownAlienHuman/eliot-memory-os/issues/2732;https://github.com/UnknownAlienHuman/eliot-memory-os/issues/2732#issuecomment-5845071843;https://github.com/UnknownAlienHuman/eliot-memory-os/issues/2798#issuecomment-5943748403;https://github.com/UnknownAlienHuman/eliot-memory-os/issues/2799#issuecomment-5946571389;https://github.com/UnknownAlienHuman/eliot-memory-os/issues/2800#issuecomment-5946550423	BASE
bins/eliot-host/src/backup_cutover.rs — the execution gate set and ValidatedCutover body re-proof inside execute_cutover_inner	2737;#2738	one writer: #2738 binds the complete cutover body to its admitted payload (cutover_payload / BackupCutoverPayload::validate_admitted_payload / recheck_admitted_body are all read inside the gate set #2737 must reorder)	2738	sequence #2738 first, then #2737 reorders the recovery branch above it	https://github.com/UnknownAlienHuman/eliot-memory-os/issues/2737;https://github.com/UnknownAlienHuman/eliot-memory-os/issues/2737#issuecomment-5917710474	BASE
bins/eliot-host/src/backup_cutover.rs::reconcile_cutover_outcome decision table	2737;#2739	the Failed-vs-committed-receipt arm ordering at backup_cutover.rs:4408/:4414 is claimed by BOTH audits — issuecomment-5917710474 lists it in #2737's completion criteria, and #2739 owns the rest of the read/disposition mapper	2739	one writer only: #2737 takes the Failed/receipt ordering; #2739 takes the retirement-evidence and contradictory-registry arms	https://github.com/UnknownAlienHuman/eliot-memory-os/issues/2737;https://github.com/UnknownAlienHuman/eliot-memory-os/issues/2737#issuecomment-5917710474	BASE
live production caller for HostComposition::backup_dispatch_cutover	2737;#962	no shared write file; #2737's execution paths stay unreachable until #962 connects the authenticated Host/Watchdog backup owner ports	962	not a blocker for the #2737 edit (missing caller is WIRING, not a wait); acceptance evidence needs #962	https://github.com/UnknownAlienHuman/eliot-memory-os/issues/2737;https://github.com/UnknownAlienHuman/eliot-memory-os/issues/2737#issuecomment-5917710474	BASE
production caller for HostComposition::backup_dispatch_cutover that delivers the exact admitted body and evidence (audit item 6)	2738;962	bins/eliot-host/src/lib.rs		still needed - #962 exclusive mutable scope is 'exact accepted prepare/cutover dispatch registration' and its case 7 is 'preparation/cutover reaches Host only under the separate correct admission'; this card does not edit that file	https://github.com/UnknownAlienHuman/eliot-memory-os/issues/2738;https://github.com/UnknownAlienHuman/eliot-memory-os/issues/2738#issuecomment-5842317756;https://github.com/UnknownAlienHuman/eliot-memory-os/issues/2738#issuecomment-5847449631;https://github.com/UnknownAlienHuman/eliot-memory-os/issues/2738#issuecomment-5849145609;https://github.com/UnknownAlienHuman/eliot-memory-os/issues/2738#issuecomment-5918618039	BASE
status/retirement observation ingress for backup_dispatch_cutover_disposition	2738;2739	bins/eliot-host/src/backup_cutover.rs		absorbed here - untouched by this card; #2739 owns read_cutover_disposition	https://github.com/UnknownAlienHuman/eliot-memory-os/issues/2738;https://github.com/UnknownAlienHuman/eliot-memory-os/issues/2738#issuecomment-5842317756;https://github.com/UnknownAlienHuman/eliot-memory-os/issues/2738#issuecomment-5847449631;https://github.com/UnknownAlienHuman/eliot-memory-os/issues/2738#issuecomment-5849145609;https://github.com/UnknownAlienHuman/eliot-memory-os/issues/2738#issuecomment-5918618039	BASE
bins/eliot-host/src/lib.rs::HostComposition::dispatch_backup_owner_operation BackupDispatchTarget::Cutover arm (pre-effect refusal) must call ::backup_dispatch_cutover, and a new status target must call ::backup_dispatch_cutover_disposition	2739;#962	bins/eliot-host/src/lib.rs (BackupDispatchTarget, HOST_BACKUP_DISPATCH_REGISTRATION, backup_dispatch_target) plus the eliot_host_control_endpoint BackupRuntimeControlRequest/Response wire	962	serialize - one writer per file; #2739 takes none of these and adds no variant	https://github.com/UnknownAlienHuman/eliot-memory-os/issues/2739;https://github.com/UnknownAlienHuman/eliot-memory-os/issues/2739#issuecomment-5844597642;https://github.com/UnknownAlienHuman/eliot-memory-os/issues/2739#issuecomment-5847390593;https://github.com/UnknownAlienHuman/eliot-memory-os/issues/2739#issuecomment-5845858900;https://github.com/UnknownAlienHuman/eliot-memory-os/issues/2739#issuecomment-5883004412	BASE
durable predecessor-retirement relation read by bins/eliot-host/src/backup_cutover.rs::retirement_binds_request and produced by bins/eliot-host/src/backup_cutover.rs::owner_predecessor_retirement_relation via crates/kernel/eliot-installation/src/approved_generation_registry.rs::last_committed_activation_fence	2739;#2868	crates/kernel/eliot-installation/src/installation_registry.rs, crates/kernel/eliot-installation/src/approved_generation_registry.rs, crates/kernel/eliot-host-state, bins/eliot-host/src/backup_cutover.rs	2868	#2868 writes the relation; #2739 then only reads it - no shared writer conflict once #2868 lands	https://github.com/UnknownAlienHuman/eliot-memory-os/issues/2739;https://github.com/UnknownAlienHuman/eliot-memory-os/issues/2739#issuecomment-5844597642;https://github.com/UnknownAlienHuman/eliot-memory-os/issues/2739#issuecomment-5847390593;https://github.com/UnknownAlienHuman/eliot-memory-os/issues/2739#issuecomment-5845858900;https://github.com/UnknownAlienHuman/eliot-memory-os/issues/2739#issuecomment-5883004412	BASE
eliot-ors recovery inventory revision family (RecoveryInventorySource, RecoveryInventorySnapshot digest, RECOVERY_INVENTORY_REVISION_SCHEMA_V1 initialization), introduced by 176c31823 for #1713 which is still open	2763;1713	crates/kernel/eliot-ors/src/model.rs, crates/kernel/eliot-ors/src/store.rs		flag: adding an UnknownCommits source edits a shared startup-recovery contract whose V1 schema path returns early, so the sixth source needs an explicit frozen baseline or schema bump; decide the additive counter alternative instead if that would change the startup inventory's meaning	https://github.com/UnknownAlienHuman/eliot-memory-os/issues/2763;https://github.com/UnknownAlienHuman/eliot-memory-os/issues/2763#issuecomment-5847953455	BASE
checked pause observation and release admission shared with #2764	2763;2764	crates/kernel/eliot-kernel-service/src/commit_recovery.rs, crates/kernel/eliot-kernel-service/src/store_gateway.rs		absorbed on main by 1dad82f43 (#3820); its disposition-first read-first recovery must keep working unchanged under the new binding	https://github.com/UnknownAlienHuman/eliot-memory-os/issues/2763;https://github.com/UnknownAlienHuman/eliot-memory-os/issues/2763#issuecomment-5847953455	BASE
Dreamer-job send boundary versus the #2970 durable send claim	2763;2970	crates/kernel/eliot-kernel-service/src/store_gateway.rs		adjacent only: #2970's claim is UserAutomation-owned (086d8f3c9) and must not be generalized or rewritten here	https://github.com/UnknownAlienHuman/eliot-memory-os/issues/2763;https://github.com/UnknownAlienHuman/eliot-memory-os/issues/2763#issuecomment-5847953455	BASE
bounded owner-side open-unknown-commit read + durable owner revision in PauseLedgerBinding	2764;#2763	crates/kernel/eliot-kernel-service/src/commit_recovery.rs PausedScopeMirror/PauseLedgerBinding/observe and crates/kernel/eliot-ors/src/store.rs unknown-commit table	2763	one writer for these files; #2763's open post-merge cross-check demands the same bounded API plus a lookup-to-send revision recheck, so build the bound and the durable revision once and satisfy both issues	https://github.com/UnknownAlienHuman/eliot-memory-os/issues/2764;https://github.com/UnknownAlienHuman/eliot-memory-os/issues/2764#issuecomment-5943914526;https://github.com/UnknownAlienHuman/eliot-memory-os/issues/2764#issuecomment-5846662084	BASE
eliot-ors table-definition header region where a new open-set index table would be declared	2764;3869	crates/kernel/eliot-ors/src/store.rs hunks @@ -74,26 and @@ -337,6		serialize after that PR's store.rs hunks or rebase onto them; do not reapply its compatibility hunks	https://github.com/UnknownAlienHuman/eliot-memory-os/issues/2764;https://github.com/UnknownAlienHuman/eliot-memory-os/issues/2764#issuecomment-5943914526;https://github.com/UnknownAlienHuman/eliot-memory-os/issues/2764#issuecomment-5846662084	BASE
the host-request correlation carriers (HostCorrelationProjection::occurrence_text, host_request_logical_key under eliot.host-request.logical.v2, McpFrontDoor handle table) that #2765 preserves	2765;2766 2799 2800	bins/eliot-agent-bridge/src/main.rs (McpFrontDoor::retain_handle/find_handle/note_cancelled/is_cancelled), bins/eliot-agent-bridge/src/kernel_host_request_client.rs (replay_or_build_invocation Absent arm -> LegacyCorrelationUnresolved), crates/foundation/eliot-contracts/src/lib.rs		PRESERVE constraint, not a writer conflict: #2765 has zero write paths. #2799 and #2800 are the only READY rows writing the Bridge and neither touches the correlation carriers or the McpFrontDoor table, but their joint ack-cache swap must not re-key or evict a retained correlation occurrence, and must keep the Absent arm failing closed to LegacyCorrelationUnresolved with no second dispatch	https://github.com/UnknownAlienHuman/eliot-memory-os/issues/2765;https://github.com/UnknownAlienHuman/eliot-memory-os/issues/2765#issuecomment-5847842784;https://github.com/UnknownAlienHuman/eliot-memory-os/issues/2765#issuecomment-5856240251	BASE
claim-bound durable result record and served/InFlight marker writes (dispatch_material.rs::write_served_result, read_served_result, write_served_marker, write_inflight_marker, clear_inflight_marker)	2786;#2787	bins/eliot-wasm-host/src/dispatch_material.rs, bins/eliot-wasm-host/src/request_loop.rs	2787	one writer - #2787 owns the versioned result shape and event retention; #2786 reuses that record and adds only the guarded expected-identity transition around its removal	https://github.com/UnknownAlienHuman/eliot-memory-os/issues/2786;https://github.com/UnknownAlienHuman/eliot-memory-os/issues/2786#issuecomment-5868578172;https://github.com/UnknownAlienHuman/eliot-memory-os/issues/2786#issuecomment-5852707598;https://github.com/UnknownAlienHuman/eliot-memory-os/issues/2786#issuecomment-5847475704	BASE
Kernel publication and launch admission (daemon_request_dispatch.rs::wasm_dispatch_bundle_operation, wasm_dispatch.rs::publish_wasm_dispatch_bundle)	2786;#2568	crates/kernel/eliot-kernel-service/src/wasm_dispatch.rs, bins/eliot-kernel/src/daemon_request_dispatch.rs	2568	one writer per function - #2568 owns grant-to-request-loop authentication and its check set; #2786 owns publication, claim, disposition and cleanup and must not alter the grant or JoinGate checks	https://github.com/UnknownAlienHuman/eliot-memory-os/issues/2786;https://github.com/UnknownAlienHuman/eliot-memory-os/issues/2786#issuecomment-5868578172;https://github.com/UnknownAlienHuman/eliot-memory-os/issues/2786#issuecomment-5852707598;https://github.com/UnknownAlienHuman/eliot-memory-os/issues/2786#issuecomment-5847475704	BASE
drain/settlement evidence on the failure edge (request_loop.rs::hand_off_observed_sequence)	2786;#2785	bins/eliot-wasm-host/src/request_loop.rs	2785	absorbed - #2785 is closed and merged (a5174e755 #4212); treat its on-main shape as fixed input	https://github.com/UnknownAlienHuman/eliot-memory-os/issues/2786;https://github.com/UnknownAlienHuman/eliot-memory-os/issues/2786#issuecomment-5868578172;https://github.com/UnknownAlienHuman/eliot-memory-os/issues/2786#issuecomment-5852707598;https://github.com/UnknownAlienHuman/eliot-memory-os/issues/2786#issuecomment-5847475704	BASE
crates/kernel/eliot-ors/src/store.rs recovery-window Open/create path	2798;2799 2800	bins/eliot-agent-bridge/src/lib.rs + crates/surfaces/eliot-agent-bridge-core/src/lib.rs are touched by #2799's joint commit and #2800's offer confirmation, and bins/eliot-kernel/src/host_request_route.rs by both; this card must stay ORS-store-only so the three issues serialize in one coordinated Bridge/ORS writer turn per comment 5856968924		serialize #2798 ORS store.rs first, then #2799, then #2800	https://github.com/UnknownAlienHuman/eliot-memory-os/issues/2798;https://github.com/UnknownAlienHuman/eliot-memory-os/issues/2798#issuecomment-5943748403;https://github.com/UnknownAlienHuman/eliot-memory-os/issues/2798#issuecomment-5856968924	BASE
bins/eliot-agent-bridge/src/lib.rs	2799;2798 2800	the single shared Bridge writer: validate_reconciliation_window_response / reconcile_external_attempt / reconcile_external / retain_acknowledgement_receipt_evidence / retain_acknowledgement_receipt / mark_consumed_offer_disposition / reconciliation_imported / ConsumedFrontierOffer		serialize one writer per file after #2798 and #2800 (audit comment 5856970368: 'Land them in that order and serialize the shared Bridge file')	https://github.com/UnknownAlienHuman/eliot-memory-os/issues/2799;https://github.com/UnknownAlienHuman/eliot-memory-os/issues/2799#issuecomment-5856970368;https://github.com/UnknownAlienHuman/eliot-memory-os/issues/2799#issuecomment-5920233252;https://github.com/UnknownAlienHuman/eliot-memory-os/issues/2799#issuecomment-5946571389	BASE
crates/surfaces/eliot-agent-bridge-core/src/lib.rs	2799;2798	ReconciliationPortResult carrier + AgentBridgeCore::reconcile_external / import_reconciliation_page / recover_next_page		co-edit with #2798; one writer per file	https://github.com/UnknownAlienHuman/eliot-memory-os/issues/2799;https://github.com/UnknownAlienHuman/eliot-memory-os/issues/2799#issuecomment-5856970368;https://github.com/UnknownAlienHuman/eliot-memory-os/issues/2799#issuecomment-5920233252;https://github.com/UnknownAlienHuman/eliot-memory-os/issues/2799#issuecomment-5946571389	BASE
single-writer turn on bins/eliot-agent-bridge/src/lib.rs (KernelMcpForwardingPort offer lifecycle + joint import)	2800;2798 2799	offer/window identity fields and the #2799 joint ack-cache commit		serialize - issue comment 5856972160 forbids parallel edits to this file; #2800 lands in the same turn after #2798's typed window contract and with #2799's core/cache swap	https://github.com/UnknownAlienHuman/eliot-memory-os/issues/2800;https://github.com/UnknownAlienHuman/eliot-memory-os/issues/2800#issuecomment-5856972160;https://github.com/UnknownAlienHuman/eliot-memory-os/issues/2800#issuecomment-5946550423	BASE
bins/eliot-kernel/src/request_dispatch.rs::KernelComposition::handle_backup_verify provenance assignment (request_dispatch.rs:3299) + bins/eliot-kernel/src/backup_verify_provenance.rs::OwnerProvenanceEvidence::unissued	2802;#2862	OwnerProvenanceEvidence's five Option fields and the three ORS identity fields (archive_handle/capture_receipt_digest/validity_attestation_digest)	2862	#2862 owns; #2802 must not edit these files until #2862 lands	https://github.com/UnknownAlienHuman/eliot-memory-os/issues/2802;https://github.com/UnknownAlienHuman/eliot-memory-os/issues/2802#issuecomment-5844226036;https://github.com/UnknownAlienHuman/eliot-memory-os/issues/2802#issuecomment-5927791218	BASE
bins/eliot-kernel/src/backup_capture.rs::classify_archived_fence -> target_compatibility projection	2802;#2863	ArchiveFenceRelation vocabulary and its wire/row version constant	2863	#2863 owns relation semantics; the receipt-bound half arrives with #2862	https://github.com/UnknownAlienHuman/eliot-memory-os/issues/2802;https://github.com/UnknownAlienHuman/eliot-memory-os/issues/2802#issuecomment-5844226036;https://github.com/UnknownAlienHuman/eliot-memory-os/issues/2802#issuecomment-5927791218	BASE
bins/eliot-kernel/src/request_dispatch.rs backup operation-kind constants region (BACKUP_VERIFY_OPERATION)	2802;PR 4845	same source file, different hunks		no conflict; verified by gh pr diff 4845 (zero verify-route symbol hits)	https://github.com/UnknownAlienHuman/eliot-memory-os/issues/2802;https://github.com/UnknownAlienHuman/eliot-memory-os/issues/2802#issuecomment-5844226036;https://github.com/UnknownAlienHuman/eliot-memory-os/issues/2802#issuecomment-5927791218	BASE
crates/kernel/eliot-ors/src/backup_snapshot.rs::RowFamilyKind / RowFamilyDisposition::of	2802;none (named in #2802 comment 6 and comment 8)	no RowFamilyKind variant for ors_backup_verification_results_v1		unowned ORS housekeeping, pre-existing 15-table gap, not compile-breaking; not claimed by #2802 or #2862	https://github.com/UnknownAlienHuman/eliot-memory-os/issues/2802;https://github.com/UnknownAlienHuman/eliot-memory-os/issues/2802#issuecomment-5844226036;https://github.com/UnknownAlienHuman/eliot-memory-os/issues/2802#issuecomment-5927791218	BASE
continuation-owner-incarnation-and-bounded-inventory	2808;#2859	read_boundary.rs calls surreal_automation.rs::automation_continuation_owner / resolve_automation_continuation / issue_automation_continuation; #2859 must add a durable continuation-owner incarnation/epoch bound into AutomationContinuationBinding and replace `SELECT * FROM automation_continuation ORDER BY identifier` in ::read_continuation_inventory with a bounded owner read	2859	#2859 owns it; #2808 must not take it	https://github.com/UnknownAlienHuman/eliot-memory-os/issues/2808;https://github.com/UnknownAlienHuman/eliot-memory-os/issues/2808#issuecomment-5924981491;https://github.com/UnknownAlienHuman/eliot-memory-os/issues/2808#issuecomment-5851226927;https://github.com/UnknownAlienHuman/eliot-memory-os/issues/2859#issuecomment-5919140561	BASE
stale-projection-doc-sentence	2808;#2806	the identical sentence `current_execution_refs` stays the stored Durable Job projection appears at user_automation_execution.rs::require_complete_occurrence_view (~:4370), which #2808 does not edit	2806	report to #2806; #2808 fixes only the copy in its own file at :1696	https://github.com/UnknownAlienHuman/eliot-memory-os/issues/2808;https://github.com/UnknownAlienHuman/eliot-memory-os/issues/2808#issuecomment-5924981491;https://github.com/UnknownAlienHuman/eliot-memory-os/issues/2808#issuecomment-5851226927;https://github.com/UnknownAlienHuman/eliot-memory-os/issues/2859#issuecomment-5919140561	BASE
store_gateway.rs Status callers	2808;#2859/#2806	KernelStoreGateway::due_wake_execution_join and ::due_wake_horizon_parent_request both issue Status reads, so a new RevisionConflict path surfaces on the due-wake contour	2859	no edit in those files; verify the refusal maps to the existing failure classification	https://github.com/UnknownAlienHuman/eliot-memory-os/issues/2808;https://github.com/UnknownAlienHuman/eliot-memory-os/issues/2808#issuecomment-5924981491;https://github.com/UnknownAlienHuman/eliot-memory-os/issues/2808#issuecomment-5851226927;https://github.com/UnknownAlienHuman/eliot-memory-os/issues/2859#issuecomment-5919140561	BASE
context_reconstruction_result_body response composition: the MCP projector's content object carries {operation, task_id, scope_id, context_reconstruction} with operation_name() = "ContextReconstruction" (core.rs:458) while the live body carries {operation: "context_reconstruction" (const at :113), task_id, scope_id, context_reconstruction, cue_activation} — the projector drops cue_activation	2857;1720	bins/eliotd/src/context_reconstruction_route.rs::context_reconstruction_result_body		serialize one writer — #1720 is OPEN and delivered the cue_activation member (#1720 A12, evaluate_cue_activation at serve_context_reconstruction); do not delete or relocate that member without that lane's sign-off	https://github.com/UnknownAlienHuman/eliot-memory-os/issues/2857;https://github.com/UnknownAlienHuman/eliot-memory-os/issues/2857#issuecomment-5945078690;https://github.com/UnknownAlienHuman/eliot-memory-os/issues/2857#issuecomment-5845056646;https://github.com/UnknownAlienHuman/eliot-memory-os/issues/2857#issuecomment-5906018378	BASE
new owner-incarnation field on AutomationContinuationBinding / AutomationContinuationReadBinding	2859;every construction site: eliot-store-memory lib.rs:3593, :3610, :3810, :3827 and eliot-store-surreal-adapter read_boundary.rs:2892, surreal_automation.rs:730	crates/storage/eliot-store-api/src/user_automation_state.rs		one field, one constructor list, compile-enforced together in a single lane	https://github.com/UnknownAlienHuman/eliot-memory-os/issues/2859;https://github.com/UnknownAlienHuman/eliot-memory-os/issues/2859#issuecomment-5919140561;https://github.com/UnknownAlienHuman/eliot-memory-os/issues/2859#issuecomment-5849756095	BASE
continuation owner record + quota guard + bounded inventory read	2859;restore owner epoch advance in client/backup_restore.rs and apply_canonical_batch	schema::table::AUTOMATION_CONTINUATION		new record_kind beside guard/active/terminal in the same table; census disposition and ALL_TABLES unchanged; no open-PR collision (#3869's backup_restore.rs hunk is already on main)	https://github.com/UnknownAlienHuman/eliot-memory-os/issues/2859;https://github.com/UnknownAlienHuman/eliot-memory-os/issues/2859#issuecomment-5919140561;https://github.com/UnknownAlienHuman/eliot-memory-os/issues/2859#issuecomment-5849756095	BASE
bins/eliot-kernel/src/backup_verify_provenance.rs::check_capture_operation_binding — the `let Some(admitted) = request else { return Ok(()) }` at line 1151 that skips the capture_operation snapshot_digest / member_digest joins	2862;unlanded commit 709950e808eca0f2d11adf39e8ca23156e66d9c7 (lane W1), present only on remotes/origin/archive/wip-preserved-20260925; `git merge-base --is-ancestor 709950e80 origin/main` exits nonzero	the two digest joins between the CAPTURE OPERATION identity and the admitted BackupVerifyAdmittedRequest identity — the reach that makes a receipt for another snapshot or membership unable to reach a provenance-qualified verdict		unlanded other-lane work, NOT on main; report as a seam, do not re-implement blindly; sequence one writer at a time on backup_verify_provenance.rs; it is unobservable today because the arm is refused upstream at admit_verify_bundle	https://github.com/UnknownAlienHuman/eliot-memory-os/issues/2862;https://github.com/UnknownAlienHuman/eliot-memory-os/issues/2862#issuecomment-5855104606;https://github.com/UnknownAlienHuman/eliot-memory-os/issues/2862#issuecomment-5881422266;https://github.com/UnknownAlienHuman/eliot-memory-os/issues/2862#issuecomment-5882926069;https://github.com/UnknownAlienHuman/eliot-memory-os/issues/2862#issuecomment-5889206634;https://github.com/UnknownAlienHuman/eliot-memory-os/issues/2862#issuecomment-5930302218	BASE
bins/eliot-kernel/src/request_dispatch.rs — admit_verify_bundle / KernelComposition::handle_backup_verify / BackupVerifyAdmittedRequest	2862;#2569 and #963 front-door verify wiring; open PR #4845 and PR #4490 restore-store hunks; open PR #3869 legacy-fence-bound hunks	one file, the backup route; the PR hunks are the restore-store / restore-test selectors and the module prose	2569	no hunk overlap — 4845 and 4490 have zero hits for the #2862 verify symbols; 3869's relevant hunk is absorbed on main	https://github.com/UnknownAlienHuman/eliot-memory-os/issues/2862;https://github.com/UnknownAlienHuman/eliot-memory-os/issues/2862#issuecomment-5855104606;https://github.com/UnknownAlienHuman/eliot-memory-os/issues/2862#issuecomment-5881422266;https://github.com/UnknownAlienHuman/eliot-memory-os/issues/2862#issuecomment-5882926069;https://github.com/UnknownAlienHuman/eliot-memory-os/issues/2862#issuecomment-5889206634;https://github.com/UnknownAlienHuman/eliot-memory-os/issues/2862#issuecomment-5930302218	BASE
retained-artifact handle resolution and the BackupRole::Verifier channel binding	2862;#2802 (recorded BLOCKED_BY #2862) and #2863 (archived-fence relation semantics)	BackupArtifactHandle resolution, capture-receipt validity and the archived-fence receipt	2802	#2802 waits on this decision and must not re-derive the owner itself; #2863 owns only the fence-relation clause and its classify_archived_fence still takes two fences	https://github.com/UnknownAlienHuman/eliot-memory-os/issues/2862;https://github.com/UnknownAlienHuman/eliot-memory-os/issues/2862#issuecomment-5855104606;https://github.com/UnknownAlienHuman/eliot-memory-os/issues/2862#issuecomment-5881422266;https://github.com/UnknownAlienHuman/eliot-memory-os/issues/2862#issuecomment-5882926069;https://github.com/UnknownAlienHuman/eliot-memory-os/issues/2862#issuecomment-5889206634;https://github.com/UnknownAlienHuman/eliot-memory-os/issues/2862#issuecomment-5930302218	BASE
apps/Eliot.Operator/Protocol/UserAutomationContracts.cs::UserAutomationRevision	2865;2972	False		different files: #2972 owns apps/Eliot.Operator/Protocol/UserAutomationScheduleContract.cs::UserAutomationOutcomeClassifier.Read; one writer per file holds, serialize only if either side must also touch UserAutomationScheduleContract.cs or the generator	https://github.com/UnknownAlienHuman/eliot-memory-os/issues/2865;https://github.com/UnknownAlienHuman/eliot-memory-os/issues/2865#issuecomment-5951874645;https://github.com/UnknownAlienHuman/eliot-memory-os/issues/2865#issuecomment-5847687951	BASE
bins/eliotd/src/lib.rs::DaemonComposition::swarm_composition -> bins/eliotd/src/swarm_composition.rs::SwarmComposition::launch_child	2866;#2567 #1699 #1126 #22 #2652	admitted plan + activation evidence (SwarmControlPort/AdmissionAuthorityPort/ActivationAuthorityPort) and the durable launch-intent ledger/runner	2567	consumer — verified direction of root's STITCH-PLAN grouping: #2567 produces the admitted-execution evidence (its port map: SwarmControlPort = '#698 durable plan-entry result under its frozen definition', AdmissionAuthorityPort = 'Kernel inactive resource reservation plus Governor-prepared canonical admission/Store receipt', ActivationAuthorityPort = 'Current Kernel activation for that admitted attempt and active reservation') and #1699 produces the durable ledger/store owner; #2866's own body says it 'owns the missing production composition root and the registry/generation authority join', i.e. it binds and launches their outputs and then owns the join, it does NOT produce the admission output. Do not let #2866 and #2567 both write bins/eliotd/src/lib.rs::ProductionSwarmControlPort — one writer.	https://github.com/UnknownAlienHuman/eliot-memory-os/issues/2866;https://github.com/UnknownAlienHuman/eliot-memory-os/issues/2866#issuecomment-5846037585,https://github.com/UnknownAlienHuman/eliot-memory-os/issues/2866#issuecomment-5849465615	BASE
cutover-retire production ingress (HostComposition::backup_dispatch_cutover_retire has no production caller on main)	2868;#983	bins/eliot-host/src/lib.rs, scripts/testdata/host-diagnostic-coverage/coverage.toml	983	defer to #983 (B-lib-backup-contour, status incomplete, reason missing_test_binding, detail 'live Host caller pending #983'); do not wire here	https://github.com/UnknownAlienHuman/eliot-memory-os/issues/2868;https://github.com/UnknownAlienHuman/eliot-memory-os/issues/2868#issuecomment-5918678898;https://github.com/UnknownAlienHuman/eliot-memory-os/issues/2868#issuecomment-5849148272;https://github.com/UnknownAlienHuman/eliot-memory-os/issues/2868#issuecomment-5845543997	BASE
bins/eliot-host/src/backup_cutover.rs is one-writer-shared with the #2738 cutover payload/identity work	2868;#2738	bins/eliot-host/src/backup_cutover.rs	2738	serialize: #2738 is READY with that file in its write set, so take one writer turn for both or neither	https://github.com/UnknownAlienHuman/eliot-memory-os/issues/2868;https://github.com/UnknownAlienHuman/eliot-memory-os/issues/2868#issuecomment-5918678898;https://github.com/UnknownAlienHuman/eliot-memory-os/issues/2868#issuecomment-5849148272;https://github.com/UnknownAlienHuman/eliot-memory-os/issues/2868#issuecomment-5845543997	BASE
eliot-installation durable registry shape	2868;#2369	crates/kernel/eliot-installation/src/redb_state.rs	2369	serialize only if option (a) is chosen; #2369's entries there are +0/-0	https://github.com/UnknownAlienHuman/eliot-memory-os/issues/2868;https://github.com/UnknownAlienHuman/eliot-memory-os/issues/2868#issuecomment-5918678898;https://github.com/UnknownAlienHuman/eliot-memory-os/issues/2868#issuecomment-5849148272;https://github.com/UnknownAlienHuman/eliot-memory-os/issues/2868#issuecomment-5845543997	BASE
journal append contour used by retire_prior_generation	2868;#3869	bins/eliot-host/src/journal_append.rs	3869	serialize; still needed, different hunks	https://github.com/UnknownAlienHuman/eliot-memory-os/issues/2868;https://github.com/UnknownAlienHuman/eliot-memory-os/issues/2868#issuecomment-5918678898;https://github.com/UnknownAlienHuman/eliot-memory-os/issues/2868#issuecomment-5849148272;https://github.com/UnknownAlienHuman/eliot-memory-os/issues/2868#issuecomment-5845543997	BASE
one writer for the shared comparison types, ConflictSupplements and the candidate preimage in crates/smart/eliot-dreamer-conflict-analysis/src/lib.rs	2870;#2869	OwnerComparison, SourceRecordCommitment, OwnerRecords, owner_record_digest_parts, compute_candidate_digest	2869	serialize, do not fork — #2869's owner-record input types are already on main (its audit handed the versioned preimage to #2870) and its lower proof ceiling must survive; build one preimage over the existing types and leave #2869's digest parts untouched	https://github.com/UnknownAlienHuman/eliot-memory-os/issues/2870;https://github.com/UnknownAlienHuman/eliot-memory-os/issues/2870#issuecomment-5851430976;https://github.com/UnknownAlienHuman/eliot-memory-os/issues/2870#issuecomment-5889088799	BASE
changed PositionCompatibility.outcomes shape reaching the runtime caller	2870;#2901	bins/eliot-dreamer/src/pulse.rs PulseStep::Conflict -> analyze_conflict result projection	2901	read-only here — pulse.rs reads no .compatibility/.outcomes field today, so the shape change is contained to the crate and no coordinated edit is needed	https://github.com/UnknownAlienHuman/eliot-memory-os/issues/2870;https://github.com/UnknownAlienHuman/eliot-memory-os/issues/2870#issuecomment-5851430976;https://github.com/UnknownAlienHuman/eliot-memory-os/issues/2870#issuecomment-5889088799	BASE
frozen-inquiry/v3 + source-admissibility/v3 domain moves, the version-closed StateFence projection in eliot-contracts, and the V1..V3 digest-migration record	2873;1765	crates/research/eliot-researcher/src/evidence_portfolio.rs::FROZEN_INQUIRY_DIGEST_DOMAIN crates/research/eliot-researcher/src/source_admissibility.rs::SOURCE_ADMISSIBILITY_DIGEST_DOMAIN crates/foundation/eliot-contracts/src/lib.rs::StateFence		serialize -- #1765 owns the persisted record and the migration; do not move either domain inside a #2873-only writer	https://github.com/UnknownAlienHuman/eliot-memory-os/issues/2873;https://github.com/UnknownAlienHuman/eliot-memory-os/issues/2873#issuecomment-5847912574;https://github.com/UnknownAlienHuman/eliot-memory-os/issues/2873#issuecomment-5845301742	BASE
inquiry_governance.rs -- the production audit trust boundary where the frozen inquiry is currently only a digest string	2873;1762	crates/research/eliot-researcher/src/inquiry_governance.rs::audit_portfolio		serialize -- #1762 owns inquiry/R6 composition and is the party that can retain the frozen inquiry as a value	https://github.com/UnknownAlienHuman/eliot-memory-os/issues/2873;https://github.com/UnknownAlienHuman/eliot-memory-os/issues/2873#issuecomment-5847912574;https://github.com/UnknownAlienHuman/eliot-memory-os/issues/2873#issuecomment-5845301742	BASE
crates/research/eliot-researcher/src/inquiry_governance.rs as a whole	2873;3869	crates/research/eliot-researcher/src/inquiry_governance.rs crates/research/eliot-researcher/src/inquiry_obligations.rs		serialize -- open PR #3869 rewrites this file; its only relevant content (SourceAdmissibilityRecord::validate_integrity) is already on main, so sequence the single writer after it and reapply nothing	https://github.com/UnknownAlienHuman/eliot-memory-os/issues/2873;https://github.com/UnknownAlienHuman/eliot-memory-os/issues/2873#issuecomment-5847912574;https://github.com/UnknownAlienHuman/eliot-memory-os/issues/2873#issuecomment-5845301742	BASE
SourceRecord cites/evidence_spans ordering vs. any future persisted SourceRecord payload shape	2873;1767	crates/research/eliot-researcher/src/evidence_portfolio.rs::SourceRecord::canonical_bytes		still needed -- #1767 bumped source-record/v2->v3 for the three independence fields; encoder-level ordering normalization yields identical bytes for every constructor-built record and needs no further bump	https://github.com/UnknownAlienHuman/eliot-memory-os/issues/2873;https://github.com/UnknownAlienHuman/eliot-memory-os/issues/2873#issuecomment-5847912574;https://github.com/UnknownAlienHuman/eliot-memory-os/issues/2873#issuecomment-5845301742	BASE
counterclaim verdict ordering and the red 700/5 fixture	2873;2874	crates/research/eliot-researcher/src/evidence_portfolio.rs::resolve_counterclaim		absorbed elsewhere -- #2874 owns resolve_counterclaim and ClaimOutcome; #2873 touches neither	https://github.com/UnknownAlienHuman/eliot-memory-os/issues/2873;https://github.com/UnknownAlienHuman/eliot-memory-os/issues/2873#issuecomment-5847912574;https://github.com/UnknownAlienHuman/eliot-memory-os/issues/2873#issuecomment-5845301742	BASE
ClaimOppositionRelation / public boundary re-export	2874;2873	evidence_portfolio.rs also carries SourceRecord::digest and SourceRecord::binds_span, which #2873 froze; #2941 already landed on top of #2904 in this file		coordinate — one writer per file; the 4 remaining code edits are confined to ClaimConditions, condition_compatibility, the outcome chain and ClaimVerdict, none of which #2873 owns	https://github.com/UnknownAlienHuman/eliot-memory-os/issues/2874;https://github.com/UnknownAlienHuman/eliot-memory-os/issues/2874#issuecomment-5845498230;https://github.com/UnknownAlienHuman/eliot-memory-os/issues/2874#issuecomment-5845642911;https://github.com/UnknownAlienHuman/eliot-memory-os/issues/2874#issuecomment-5848945774	BASE
five-class public release mapping	2874;1765	PublicAuditClass projects the eight internal ClaimOutcome values; #1765 owns the release contract and is open		coordinate — item 2 changes which class a multi-failure verdict projects to and must not be done as an unversioned change under #2874 alone	https://github.com/UnknownAlienHuman/eliot-memory-os/issues/2874;https://github.com/UnknownAlienHuman/eliot-memory-os/issues/2874#issuecomment-5845498230;https://github.com/UnknownAlienHuman/eliot-memory-os/issues/2874#issuecomment-5845642911;https://github.com/UnknownAlienHuman/eliot-memory-os/issues/2874#issuecomment-5848945774	BASE
inquiry_governance.rs shared file	2874;3869	open PR #3869 edits inquiry_obligations and the InquiryGovernance Display in the same file		serialize — no claim-audit hunk overlap, but one writer per file applies	https://github.com/UnknownAlienHuman/eliot-memory-os/issues/2874;https://github.com/UnknownAlienHuman/eliot-memory-os/issues/2874#issuecomment-5845498230;https://github.com/UnknownAlienHuman/eliot-memory-os/issues/2874#issuecomment-5845642911;https://github.com/UnknownAlienHuman/eliot-memory-os/issues/2874#issuecomment-5848945774	BASE
crates/governor/eliot-authority/src/root_transition.rs — the shared constant home sits in the module that already publishes ROOT_TRANSITION_OPERATION_KIND / ROOT_TRANSITION_RECEIPT_SCHEMA / ROOT_TRANSITION_RECEIPT_VERSION	2875;2962	root_transition.rs constant block (one writer)		serialize — #2962 is OPEN and its body still names root_transition.rs; it has zero comments and its 'checked implementation' is stale (it calls from_grants_with_transitions public and GRANT_GRAPH_RECOVERY_VERSION = 1, both false on b7e9e334)	https://github.com/UnknownAlienHuman/eliot-memory-os/issues/2875;https://github.com/UnknownAlienHuman/eliot-memory-os/issues/2875#issuecomment-5925897860;https://github.com/UnknownAlienHuman/eliot-memory-os/issues/2875#issuecomment-5847984084;https://github.com/UnknownAlienHuman/eliot-memory-os/issues/2875#issuecomment-5848506018	BASE
bins/eliot-kernel/src/frame_dispatch.rs::is_daemon_operation	2875;4490 2369	closed daemon-operation matcher		no hunk conflict — verified via REST file patches: #4490 touches only actual_route_name, #2369's frame_dispatch patch has no is_daemon_operation hit; one writer at a time	https://github.com/UnknownAlienHuman/eliot-memory-os/issues/2875;https://github.com/UnknownAlienHuman/eliot-memory-os/issues/2875#issuecomment-5925897860;https://github.com/UnknownAlienHuman/eliot-memory-os/issues/2875#issuecomment-5847984084;https://github.com/UnknownAlienHuman/eliot-memory-os/issues/2875#issuecomment-5848506018	BASE
crates/storage/eliot-store-api/src/revocation_history.rs::RecordedRevocation	2875;3058 2966 686	NONE — #2875's write set does not include this file		out of scope; main already carries REVOCATION_HISTORY_PAYLOAD_VERSION = 2 and the 13-field V2 RecordedRevocation (closure_id, root_ref, dependent_refs, invalidation_reason, revision, commit_state_fence, owner_namespace, bounds, disposition, omissions, current_influence, affected_member_count, affected_member_digest, canonical_request_digest). Do not restore the five-field materializer that PR #3058 re-asserts.	https://github.com/UnknownAlienHuman/eliot-memory-os/issues/2875;https://github.com/UnknownAlienHuman/eliot-memory-os/issues/2875#issuecomment-5925897860;https://github.com/UnknownAlienHuman/eliot-memory-os/issues/2875#issuecomment-5847984084;https://github.com/UnknownAlienHuman/eliot-memory-os/issues/2875#issuecomment-5848506018	BASE
production ingress that originates PresentedAuthorityRequest::RootTransition	2875;1110	none in this card — this card adds no caller		#1110 owns the missing ingress producer; crates/governor/eliot-governor/src/composition.rs:9648 states it verbatim	https://github.com/UnknownAlienHuman/eliot-memory-os/issues/2875;https://github.com/UnknownAlienHuman/eliot-memory-os/issues/2875#issuecomment-5925897860;https://github.com/UnknownAlienHuman/eliot-memory-os/issues/2875#issuecomment-5847984084;https://github.com/UnknownAlienHuman/eliot-memory-os/issues/2875#issuecomment-5848506018	BASE
retention/census documentation for the backup-verification row family	2883;2862	crates/kernel/eliot-ors/src/model.rs (BACKUP_VERIFY_RETENTION_WINDOW doc) and crates/kernel/eliot-ors/src/backup_snapshot.rs (RowFamilyKind::BackupVerificationResults doc) both assert that the denominator has no production reader, which #2862's check_row_family_census falsified		no dispatch from this row (PRESERVE); whoever next edits those docs corrects the sentence first	https://github.com/UnknownAlienHuman/eliot-memory-os/issues/2883;https://github.com/UnknownAlienHuman/eliot-memory-os/issues/2883#issuecomment-5935853279;https://github.com/UnknownAlienHuman/eliot-memory-os/issues/2883#issuecomment-5926619468;https://github.com/UnknownAlienHuman/eliot-memory-os/issues/2883#issuecomment-5882796650	BASE
process-stream family revision advance vs exact-replay identity	2884;3024	behavioural coupling only, not a shared file: crates/kernel/eliot-ors/src/process_stream_recovery.rs decides whether a re-presentation advances the revision that crates/kernel/eliot-ors/src/store/backup_snapshot.rs::family_revision then freezes in check_family_revision_frozen		file-disjoint today (PR #3024 touches only process_stream_recovery.rs); PR #3024 must land BEFORE any A4 freeze-proof, otherwise lost-response replay still moves the family revision and #2884's movement detection is wrong under replay	https://github.com/UnknownAlienHuman/eliot-memory-os/issues/2884;https://github.com/UnknownAlienHuman/eliot-memory-os/issues/2884#issuecomment-5846769967;https://github.com/UnknownAlienHuman/eliot-memory-os/issues/2884#issuecomment-5848942220;https://github.com/UnknownAlienHuman/eliot-memory-os/issues/2884#issuecomment-5938801780	BASE
backup row-family census entry for BRIDGE_EVENT_COMPACTED_RANGES in source_bound_exclusions	2885;953	crates/kernel/eliot-ors/src/store/backup_snapshot.rs::source_bound_exclusions		coordinate - #953 owns ORS export/restore family policy; land a ForensicOnly exclusion only, a new RowFamilyKind would need a denominator entry and an import path #953 owns	https://github.com/UnknownAlienHuman/eliot-memory-os/issues/2885;https://github.com/UnknownAlienHuman/eliot-memory-os/issues/2885#issuecomment-5846849135;https://github.com/UnknownAlienHuman/eliot-memory-os/issues/2885#issuecomment-5849007956;https://github.com/UnknownAlienHuman/eliot-memory-os/issues/2885#issuecomment-5914309532	BASE
derived bounded-work constant MAX_BRIDGE_RECOVERY_WORK_ITEMS	2885;3869	crates/kernel/eliot-ors/src/store.rs::MAX_BRIDGE_RECOVERY_WORK_ITEMS		one writer - #3869's store.rs hunks are import renames in a different region, but keep the const edit in this work unit's single writer	https://github.com/UnknownAlienHuman/eliot-memory-os/issues/2885;https://github.com/UnknownAlienHuman/eliot-memory-os/issues/2885#issuecomment-5846849135;https://github.com/UnknownAlienHuman/eliot-memory-os/issues/2885#issuecomment-5849007956;https://github.com/UnknownAlienHuman/eliot-memory-os/issues/2885#issuecomment-5914309532	BASE
scripts/lib/governor-retirement-approval.ps1 + scripts/lib/governor-retirement-trust-root.ps1 + the -GovernorRetirementTrustRoot parameter in scripts/build-eliot-windows-x64-release.ps1 and scripts/finalize-eliot-windows-x64-release.ps1	2892;2968	the issuer admission gate, the trust-root resolver and the owner-receipt CMS verifier; #2968 owns the owner-decision/anchor surface (its review is ESCALATE) while #2892 owns verifier correctness, so one writer turn covers both		serialize	https://github.com/UnknownAlienHuman/eliot-memory-os/issues/2892;https://github.com/UnknownAlienHuman/eliot-memory-os/issues/2892#issuecomment-5924908561;https://github.com/UnknownAlienHuman/eliot-memory-os/issues/2892#issuecomment-5847599115;https://github.com/UnknownAlienHuman/eliot-memory-os/issues/2892#issuecomment-5850451036	BASE
the consumer denominator and per-consumer disposition that R(C) must bind (CONSUMER_SURFACES / MIGRATED_CONSUMER_EDGES)	2892;18	#18's machine-readable consumer disposition owner; #2892 must bind it and must not restate it		blocked-by	https://github.com/UnknownAlienHuman/eliot-memory-os/issues/2892;https://github.com/UnknownAlienHuman/eliot-memory-os/issues/2892#issuecomment-5924908561;https://github.com/UnknownAlienHuman/eliot-memory-os/issues/2892#issuecomment-5847599115;https://github.com/UnknownAlienHuman/eliot-memory-os/issues/2892#issuecomment-5850451036	BASE
legacy crates/eliot-app, the Codex marketplace/plugin subtree and the codex_controller profile	2892;2691	same legacy Governor/eliot-app crate; PLAN.md's M-STORE #2691 card forbids reviving legacy runtime or modern Store retirement, and #18 owns the deletion		do-not-touch	https://github.com/UnknownAlienHuman/eliot-memory-os/issues/2892;https://github.com/UnknownAlienHuman/eliot-memory-os/issues/2892#issuecomment-5924908561;https://github.com/UnknownAlienHuman/eliot-memory-os/issues/2892#issuecomment-5847599115;https://github.com/UnknownAlienHuman/eliot-memory-os/issues/2892#issuecomment-5850451036	BASE
AbsenceEvidence presentation seam consumed by CoverageReceipt::compute (inquiry_governance.rs:3319-3335) and re-proved by AbsenceClosureEvidence::verify (:3055) at terminal_disposition (:10780); the live route holds it at None (:6900)	2893;1767	crates/research/eliot-researcher/src/inquiry_governance.rs		no file collision — this card writes only crates/research/eliot-researcher/tests/evidence_portfolio.rs; #2893's evidence output to #1767 is the exact pair AuthorizedManifest + NoMatchEvaluation minted by NoMatchEvaluationIssuer::issue_for (evidence_portfolio.rs:3175) and presented as eliot_researcher::inquiry_governance::AbsenceEvidence, and #1767/#1762 own filling inquiry_governance.rs:6900 and re-proving it at closure. Serialize only if a #1767 lane edits tests/evidence_portfolio.rs.	https://github.com/UnknownAlienHuman/eliot-memory-os/issues/2893;https://github.com/UnknownAlienHuman/eliot-memory-os/issues/2893#issuecomment-5847326429;https://github.com/UnknownAlienHuman/eliot-memory-os/issues/2893#issuecomment-5846242937;https://github.com/UnknownAlienHuman/eliot-memory-os/issues/2893#issuecomment-5898941568	BASE
absent-evaluation arm absent_evaluation_reason (evidence_portfolio.rs:4359) is the live production Unproven reason and must keep its exact text; coverage-receipt domain is already bumped to v3	2893;1767	crates/research/eliot-researcher/src/evidence_portfolio.rs		absorbed — no change proposed; this card asserts the existing text rather than editing it	https://github.com/UnknownAlienHuman/eliot-memory-os/issues/2893;https://github.com/UnknownAlienHuman/eliot-memory-os/issues/2893#issuecomment-5847326429;https://github.com/UnknownAlienHuman/eliot-memory-os/issues/2893#issuecomment-5846242937;https://github.com/UnknownAlienHuman/eliot-memory-os/issues/2893#issuecomment-5898941568	BASE
record-references-new-surface	2894;crates/research/eliot-researcher/src/inquiry_governance.rs::retain_record_references	SourceRecord::transformed_from / RecordReferenceSurface::wire_name		still needed - read-only consumer; it iterates record_references and renders surface.wire_name(), so the new surface produces its retained diagnostic with no edit; verify no exhaustive match on RecordReferenceSurface exists outside source_admissibility.rs (git grep RecordReferenceSurface confirms only :9028, :9204 and source_admissibility.rs itself)	https://github.com/UnknownAlienHuman/eliot-memory-os/issues/2894;https://github.com/UnknownAlienHuman/eliot-memory-os/issues/2894#issuecomment-5936125663;https://github.com/UnknownAlienHuman/eliot-memory-os/issues/2894#issuecomment-5846606419;https://github.com/UnknownAlienHuman/eliot-memory-os/issues/2894#issuecomment-5846147068	BASE
url-handles-test-fixture	2894;crates/research/eliot-research-exchange/tests/evidence_exchange.rs::manifest	AllowedReferenceManifest.url_handles		still needed - add a NEW local helper with a non-empty url_handles; do not mutate the shared manifest() fixture, which the 12 committed tests depend on with an empty list	https://github.com/UnknownAlienHuman/eliot-memory-os/issues/2894;https://github.com/UnknownAlienHuman/eliot-memory-os/issues/2894#issuecomment-5936125663;https://github.com/UnknownAlienHuman/eliot-memory-os/issues/2894#issuecomment-5846606419;https://github.com/UnknownAlienHuman/eliot-memory-os/issues/2894#issuecomment-5846147068	BASE
bins/eliot-wasm-host/src/request_loop.rs	2896;3869	request_loop.rs result-event retention hunks (publish_lost_response/observe_residual_outcome/seal_inflight_claim/hand_off_observed_sequence) vs the control reader (open_ack/poll_spool/AckSlot/stage_ack) - disjoint symbols		serialize one writer per file; take nothing from the PR	https://github.com/UnknownAlienHuman/eliot-memory-os/issues/2896;https://github.com/UnknownAlienHuman/eliot-memory-os/issues/2896#issuecomment-5943828579;https://github.com/UnknownAlienHuman/eliot-memory-os/issues/2896#issuecomment-5868373503;https://github.com/UnknownAlienHuman/eliot-memory-os/issues/2896#issuecomment-5868837670	BASE
crates/kernel/eliot-kernel-service/src/wasm_control.rs	2896;2786	delivery-set reclamation across generations, which the module doc at wasm_control.rs:61-64 explicitly leaves to #2786; the ack slot recovery in this card is inside this spool's own contract		serialize-only, no hunk overlap	https://github.com/UnknownAlienHuman/eliot-memory-os/issues/2896;https://github.com/UnknownAlienHuman/eliot-memory-os/issues/2896#issuecomment-5943828579;https://github.com/UnknownAlienHuman/eliot-memory-os/issues/2896#issuecomment-5868373503;https://github.com/UnknownAlienHuman/eliot-memory-os/issues/2896#issuecomment-5868837670	BASE
bins/eliot-wasm-host/src/request_loop.rs	2896;2787	result-event shape/retention, not the control reader; #2787 remains OPEN and owns the result lane		serialize-only, no hunk overlap	https://github.com/UnknownAlienHuman/eliot-memory-os/issues/2896;https://github.com/UnknownAlienHuman/eliot-memory-os/issues/2896#issuecomment-5943828579;https://github.com/UnknownAlienHuman/eliot-memory-os/issues/2896#issuecomment-5868373503;https://github.com/UnknownAlienHuman/eliot-memory-os/issues/2896#issuecomment-5868837670	BASE
crates/surfaces/eliot-agent-bridge-core/src/lib.rs::BridgeRunner forward_event / McpForwardingPort durable decision read-back (item 3)	2898;#2729 recovery-window lane; PR #3869 RecoveryReadRequest/RecoveryWindow hunks	crates/surfaces/eliot-agent-bridge-core/src/lib.rs	2729	serialize one writer per file; no symbol overlap with the read-back addition	https://github.com/UnknownAlienHuman/eliot-memory-os/issues/2898;https://github.com/UnknownAlienHuman/eliot-memory-os/issues/2898#issuecomment-5849423697;https://github.com/UnknownAlienHuman/eliot-memory-os/issues/2898#issuecomment-5892567720;https://github.com/UnknownAlienHuman/eliot-memory-os/issues/2898#issuecomment-5897460742	BASE
bins/eliot-user-broker/src/{lib,main}.rs introduction mint/launch projection (item 1)	2898;PR #2369 and PR #3579 touch both files; #1954 owns per-generation User Broker cutover (I14.17)	bins/eliot-user-broker/src/lib.rs, bins/eliot-user-broker/src/main.rs		serialize; coordinate mint/rotate generation with #1954's UserBrokerEpoch registry	https://github.com/UnknownAlienHuman/eliot-memory-os/issues/2898;https://github.com/UnknownAlienHuman/eliot-memory-os/issues/2898#issuecomment-5849423697;https://github.com/UnknownAlienHuman/eliot-memory-os/issues/2898#issuecomment-5892567720;https://github.com/UnknownAlienHuman/eliot-memory-os/issues/2898#issuecomment-5897460742	BASE
bins/eliot-agent-bridge/src/main.rs::run_host_events_front_door Governor profile argument (item 2)	2898;#8 cold-start live owner-surface producer (BridgeRunner::note_owner_surface); PR #2369 and #4599 main.rs hunks	bins/eliot-agent-bridge/src/main.rs	8	serialize	https://github.com/UnknownAlienHuman/eliot-memory-os/issues/2898;https://github.com/UnknownAlienHuman/eliot-memory-os/issues/2898#issuecomment-5849423697;https://github.com/UnknownAlienHuman/eliot-memory-os/issues/2898#issuecomment-5892567720;https://github.com/UnknownAlienHuman/eliot-memory-os/issues/2898#issuecomment-5897460742	BASE
integrations/opencode/plugins/eliot.js mutating-tool set + effect digest consumed by gate.rs	2898;#332 ([opencode/gate] tool classification and effect binding)	integrations/opencode/plugins/eliot.js, crates/agent/eliot-agent-opencode/src/gate.rs	332	serialize behind #332; root REVIEWED.tsv row 332 keeps the non-Windows layout decision separate from this ingress	https://github.com/UnknownAlienHuman/eliot-memory-os/issues/2898;https://github.com/UnknownAlienHuman/eliot-memory-os/issues/2898#issuecomment-5849423697;https://github.com/UnknownAlienHuman/eliot-memory-os/issues/2898#issuecomment-5892567720;https://github.com/UnknownAlienHuman/eliot-memory-os/issues/2898#issuecomment-5897460742	BASE
bins/eliot-agent-bridge/src/main.rs	2899;2766	#2766 PRESERVE writes bound_mcp_method here; #2899 residual writes run_mcp_front_door — one writer per file, different symbols, #2766 fix must survive		coordinate	https://github.com/UnknownAlienHuman/eliot-memory-os/issues/2899;https://github.com/UnknownAlienHuman/eliot-memory-os/issues/2899#issuecomment-5849073708;https://github.com/UnknownAlienHuman/eliot-memory-os/issues/2899#issuecomment-5927940292	BASE
bins/eliot-agent-bridge/src/main.rs	2899;4599	PR 4599 hunk is inside mod tests only; disjoint from run_mcp_front_door		no-hunk-overlap	https://github.com/UnknownAlienHuman/eliot-memory-os/issues/2899;https://github.com/UnknownAlienHuman/eliot-memory-os/issues/2899#issuecomment-5849073708;https://github.com/UnknownAlienHuman/eliot-memory-os/issues/2899#issuecomment-5927940292	BASE
crates/surfaces/eliot-agent-bridge-core/src/lib.rs	2899;3869	PR 3869 hunks are RecoveryReadRequest/RecoveryWindow (#2729); disjoint from the mcp_* module declarations		no-hunk-overlap	https://github.com/UnknownAlienHuman/eliot-memory-os/issues/2899;https://github.com/UnknownAlienHuman/eliot-memory-os/issues/2899#issuecomment-5849073708;https://github.com/UnknownAlienHuman/eliot-memory-os/issues/2899#issuecomment-5927940292	BASE
DaemonComposition::attach_cold_start_question owner arm (bins/eliotd/src/daemon_runtime.rs:3511 passes None)	2900;1790	the attach ingress's Kernel contour/binding round trip plus the installation-bound store handle, currently fetched only in async trigger_accepted_cold_start		serialize-after-1790	https://github.com/UnknownAlienHuman/eliot-memory-os/issues/2900;https://github.com/UnknownAlienHuman/eliot-memory-os/issues/2900#issuecomment-5846742203;https://github.com/UnknownAlienHuman/eliot-memory-os/issues/2900#issuecomment-5849416025;https://github.com/UnknownAlienHuman/eliot-memory-os/issues/2900#issuecomment-5901440423	BASE
GovernorComposition::drive_cold_start_for_event (crates/governor/eliot-governor/src/cold_start_trigger.rs:112, zero callers)	2900;1790	the scan->join->compile sequence with the durable scan handle and the readiness claim inputs (ScopeIdentity/WorkScopeCandidate/TaskBindingInput/GoverningSourceSet)		serialize-after-1790	https://github.com/UnknownAlienHuman/eliot-memory-os/issues/2900;https://github.com/UnknownAlienHuman/eliot-memory-os/issues/2900#issuecomment-5846742203;https://github.com/UnknownAlienHuman/eliot-memory-os/issues/2900#issuecomment-5849416025;https://github.com/UnknownAlienHuman/eliot-memory-os/issues/2900#issuecomment-5901440423	BASE
bins/eliot-dreamer/src/dispatch_stage.rs::dispatch_admitted signature	2901;PR #3869	PR #3869 inserts a curation_protection: Option<CurationProtectionSet> parameter before curation_carrier and lib.rs::run_admitted_pipeline passes an extra None		serialize only - #2901's remaining work does not touch this seam, but any future Orientation edit inside dispatch_admitted must rebase onto the #3869 signature rather than assume the current 7-argument form	https://github.com/UnknownAlienHuman/eliot-memory-os/issues/2901;https://github.com/UnknownAlienHuman/eliot-memory-os/issues/2901#issuecomment-5849184880;https://github.com/UnknownAlienHuman/eliot-memory-os/issues/2901#issuecomment-5849249500;https://github.com/UnknownAlienHuman/eliot-memory-os/issues/2901#issuecomment-5909293898;https://github.com/UnknownAlienHuman/eliot-memory-os/issues/41#issuecomment-5848772228	BASE
crates/foundation/eliot-protocol/src/dreamer_job.rs durable-job contract	2901;#41 PR #4470	PR #4470 already added semantic_input: Option<OpaqueContentRef> plus semantic_input_bytes: Option<Vec<u8>> to JobSubmission/DurableJobResponse with validate_owner_response_binding re-proving them in bins/eliot-dreamer/src/kernel_port.rs	41	the escalation decision lands here - whoever implements Option A must extend the exact member PR #4470 added, and must keep validate_semantic_input_bytes binding intact	https://github.com/UnknownAlienHuman/eliot-memory-os/issues/2901;https://github.com/UnknownAlienHuman/eliot-memory-os/issues/2901#issuecomment-5849184880;https://github.com/UnknownAlienHuman/eliot-memory-os/issues/2901#issuecomment-5849249500;https://github.com/UnknownAlienHuman/eliot-memory-os/issues/2901#issuecomment-5909293898;https://github.com/UnknownAlienHuman/eliot-memory-os/issues/41#issuecomment-5848772228	BASE
opencode-seal-observation-boundary	2902;#371	crates/agent/eliot-agent-api/src/host_event.rs::NormalizedHostEventEnvelope (event_id/cursor/sequence) and crates/agent/eliot-agent-api/src/execution_binding.rs::ExecutionUnitObservation (cursor/sequence)	371	serialize-after-371; one writer on crates/agent/eliot-agent-opencode/src/client.rs	https://github.com/UnknownAlienHuman/eliot-memory-os/issues/2902;https://github.com/UnknownAlienHuman/eliot-memory-os/issues/2902#issuecomment-5852898994;https://github.com/UnknownAlienHuman/eliot-memory-os/issues/2902#issuecomment-5846927811	BASE
retained-evidence supply: owner_closure_feed sync variants + bins/eliotd/src/owner_feed.rs must pass retained quarantine AND transition decisions plus current policy revision, currently three empty maps	2962;#2976	owner_closure_feed.rs, owner_closure_provider.rs, bins/eliotd/src/owner_feed.rs - one writer, one sync variant carrying both evidence families	2976	serialize: one shared restore/readback change, not two edits to the same supply chain	https://github.com/UnknownAlienHuman/eliot-memory-os/issues/2962;https://github.com/UnknownAlienHuman/eliot-memory-os/issues/2962#issuecomment-5848881188;https://github.com/UnknownAlienHuman/eliot-memory-os/issues/2962#issuecomment-5929219506;https://github.com/UnknownAlienHuman/eliot-memory-os/issues/2962#issuecomment-5931441323	BASE
cross-root owner readback shape: root_transition.rs::CurrentTransitionReadback vs quarantine_evidence.rs::CrossRootQuarantineEvidence (both carry record.policy_revision and a retained-decision map)	2962;#2976	eliot-authority owner-fact readback structs	2976	coordinate field naming/semantics; #2962 must not rename #2976's evidence type	https://github.com/UnknownAlienHuman/eliot-memory-os/issues/2962;https://github.com/UnknownAlienHuman/eliot-memory-os/issues/2962#issuecomment-5848881188;https://github.com/UnknownAlienHuman/eliot-memory-os/issues/2962#issuecomment-5929219506;https://github.com/UnknownAlienHuman/eliot-memory-os/issues/2962#issuecomment-5931441323	BASE
restore contract: grants.rs::from_recovery_snapshot_with_revocation_history applies admit_origin_bound_closure on the same restored graph #2966 owns	2962;#2966	crates/governor/eliot-authority/src/grants.rs (one writer) and the grant_graph_recovery.v2 wire	2966	#2962 must preserve #2966's origin-bound decisions verbatim; #2966's review confirms they are on main and unregressed	https://github.com/UnknownAlienHuman/eliot-memory-os/issues/2962;https://github.com/UnknownAlienHuman/eliot-memory-os/issues/2962#issuecomment-5848881188;https://github.com/UnknownAlienHuman/eliot-memory-os/issues/2962#issuecomment-5929219506;https://github.com/UnknownAlienHuman/eliot-memory-os/issues/2962#issuecomment-5931441323	BASE
live P-07 ingress: composition.rs::apply_authority_request has ZERO production callers and its own Live status names #1110 as the missing producer	2962;#1110	crates/governor/eliot-governor/src/composition.rs dispatcher surface	1110	#2962 installs the admitted crossing inside activate_root_transition; #1110 owns reaching it - do not wire the ingress here	https://github.com/UnknownAlienHuman/eliot-memory-os/issues/2962;https://github.com/UnknownAlienHuman/eliot-memory-os/issues/2962#issuecomment-5848881188;https://github.com/UnknownAlienHuman/eliot-memory-os/issues/2962#issuecomment-5929219506;https://github.com/UnknownAlienHuman/eliot-memory-os/issues/2962#issuecomment-5931441323	BASE
store-api revocation materializer PR	2962;#3058	none of the files; RecordedRevocation V1 five-field shape	3058	no #2962 hunk; preserve #2966 decisions per STITCH-PLAN only	https://github.com/UnknownAlienHuman/eliot-memory-os/issues/2962;https://github.com/UnknownAlienHuman/eliot-memory-os/issues/2962#issuecomment-5848881188;https://github.com/UnknownAlienHuman/eliot-memory-os/issues/2962#issuecomment-5929219506;https://github.com/UnknownAlienHuman/eliot-memory-os/issues/2962#issuecomment-5931441323	BASE
scripts/work_unit_gate/doc_read_evidence.py single-writer exclusion	2965;4999	same file, disjoint hunks: #4999 patches ::_extract_envelope:927 and the ::verify call site at :2156, while the #2965 residual lives in ::_WHOLE_VALUE_EVASIONS:140, ::_is_whole_value_evasion:243, ::_is_placeholder:255, ::_is_placeholder_prose:271, ::_text:282, ::_apply_mutation:2849, ::run_acceptance:2915		serialize on one writer; #4999 is obsolete-if-landed and must be rejected, not merged - its ::_synthesize_envelope bypasses ::_extract_envelope:930 EMPTY_DOCUMENTATION_EVIDENCE	https://github.com/UnknownAlienHuman/eliot-memory-os/issues/2965;https://github.com/UnknownAlienHuman/eliot-memory-os/issues/2965#issuecomment-5919739325;https://github.com/UnknownAlienHuman/eliot-memory-os/issues/2965#issuecomment-5937987214;https://github.com/UnknownAlienHuman/eliot-memory-os/issues/2965#issuecomment-5852299912	BASE
.github/workflows/ci.yml workflow-policy region	2965;4110	same file, disjoint regions: #4110 adds the dependency-policy preparation step (already main ci.yml:104) and a push-run summary line (already main ci.yml:440); #2965's W12/A12 seam is the 'Verify shared documentation evidence' step at main ci.yml:346-357		absorbed on main; no ci.yml edit is needed for the #2965 residual, so there is no real contention	https://github.com/UnknownAlienHuman/eliot-memory-os/issues/2965;https://github.com/UnknownAlienHuman/eliot-memory-os/issues/2965#issuecomment-5919739325;https://github.com/UnknownAlienHuman/eliot-memory-os/issues/2965#issuecomment-5937987214;https://github.com/UnknownAlienHuman/eliot-memory-os/issues/2965#issuecomment-5852299912	BASE
crates/storage/eliot-store-api/src/revocation_history.rs::RecordedRevocation wire shape and validate() semantics	2966;3058	both define RecordedRevocation, dependent_refs meaning, and the affected-set digest		hold #3058 at source-review; rebase its materializer onto V2 coordinates and route its new affected_set_digest through crates/foundation/eliot-security-contracts/src/revocation_digest.rs so there is one canonical preimage; resolve the dependent_refs semantics once, here, for both	https://github.com/UnknownAlienHuman/eliot-memory-os/issues/2966#issuecomment-5943309294;https://github.com/UnknownAlienHuman/eliot-memory-os/issues/2966#issuecomment-5862827473;https://github.com/UnknownAlienHuman/eliot-memory-os/issues/2966#issuecomment-5859357171	BASE
crates/kernel/eliot-ors/src/store/backup_snapshot.rs, crates/kernel/eliot-ors/src/backup_snapshot.rs, crates/kernel/eliot-ors/src/store.rs, crates/kernel/eliot-ors/src/lib.rs - the same four files both #2884 and #2967 touch	2967;#2884	OrsAxisState + axis_state_material, push_family_continuation_material, the single OrsBackupPage::expected_page_digest v5 material that spans all three axes, and OrsBackupRequest's three named cursor slots (operational_cursor, process_stream_recovery_cursor, versioned_artifact_cursor)	2884	the new capture identity must be ONE identity over the whole capture - operational identity plus every declared family identity plus one window - stamped once at the openers and folded once into the one existing digest derivation; #2967 must not add a second clock, a second continuation type, a parallel page constructor or a per-axis window, and #2884 must not move the family cursor into the operational slot. One writer per file at assembly time; the two cards should be stitched into the same edit or sequenced, not merged into two paging mechanisms.	https://github.com/UnknownAlienHuman/eliot-memory-os/issues/2967;https://github.com/UnknownAlienHuman/eliot-memory-os/issues/2967#issuecomment-5943871592	BASE
scripts/build-eliot-windows-x64-release.ps1::Resolve-GovernorDisposition / ::Assert-GovernorRetirementEvidence and scripts/lib/governor-retirement-approval.ps1 (Retained/RetirementCandidate/Retired/MalformedOrAmbiguous + the detached approval inputs)	2968;2892 18	one writer per file		#2892 owns the typed fail-closed disposition branches and #2968 owns the detached approval contract/issuer/input/readback, but both edit the same builder seam and the same approval module; #2968 must not depend on #2892 admitting any retirement — #2892's Retired arm is only reachable through #2968's unproven issuer, and #18 still owns crates/eliot-app/src/disposition.rs, whose CONSUMER_SURFACES/MIGRATED_CONSUMER_EDGES/CLOSED_REFERENCE_ROLES declarations feed Get-GovernorRetirementConsumerClosure.	https://github.com/UnknownAlienHuman/eliot-memory-os/issues/2968;https://github.com/UnknownAlienHuman/eliot-memory-os/issues/2968#issuecomment-5918050095;https://github.com/UnknownAlienHuman/eliot-memory-os/issues/2968#issuecomment-5927574274	BASE
live horizon contour has no exclusive send claim and no typed custody boundary	2970;#2806	crates/kernel/eliot-ors/src/store.rs::RedbRecoveryStore::claim_host_request_attempt and crates/kernel/eliot-ors/src/model.rs::HostRequestAttempt; crates/kernel/eliot-kernel-service/src/store_gateway.rs::mark_wake_horizon_obligation_possible_effect and ::issue_wake_horizon; crates/kernel/eliot-kernel-service/src/user_automation_execution_client.rs::AuthenticatedUserAutomationHostExecutionTransport::execute_observed	2806	#2806-owned residual - the real Host horizon publisher landed (user_automation_wake.rs::HostWakeIntentAdapter::publish_wake_horizon, composed by user_automation_runtime_handoff.rs::UserAutomationOperatorRuntime::publish_wake_horizon), which expires the #2970 W8/A11/AUD5 precondition, but the contour arms only through the idempotent advance_host_request and publishes through the unobserved execute; extend the same claim and custody protocol there in one serialized writer turn with #2806, not under #2970	https://github.com/UnknownAlienHuman/eliot-memory-os/issues/2970;https://github.com/UnknownAlienHuman/eliot-memory-os/issues/2970#issuecomment-5856977065;https://github.com/UnknownAlienHuman/eliot-memory-os/issues/2970#issuecomment-5918017029;https://github.com/UnknownAlienHuman/eliot-memory-os/issues/2970#issuecomment-5924768023;https://github.com/UnknownAlienHuman/eliot-memory-os/issues/2970#issuecomment-5932697610;https://github.com/UnknownAlienHuman/eliot-memory-os/issues/2970#issuecomment-5932722035	BASE
eliot-ors/src/store.rs and eliot-ors/src/model.rs single-writer	2970;PR#3869	crates/kernel/eliot-ors/src/store.rs, crates/kernel/eliot-ors/src/model.rs		different hunks (bridge-event-recovery); serialize, never reapply	https://github.com/UnknownAlienHuman/eliot-memory-os/issues/2970;https://github.com/UnknownAlienHuman/eliot-memory-os/issues/2970#issuecomment-5856977065;https://github.com/UnknownAlienHuman/eliot-memory-os/issues/2970#issuecomment-5918017029;https://github.com/UnknownAlienHuman/eliot-memory-os/issues/2970#issuecomment-5924768023;https://github.com/UnknownAlienHuman/eliot-memory-os/issues/2970#issuecomment-5932697610;https://github.com/UnknownAlienHuman/eliot-memory-os/issues/2970#issuecomment-5932722035	BASE
occurrence denominator: crates/kernel/eliot-kernel-core/src/user_automation.rs::UserAutomationRevision::compile_occurrence_identities, consumed by UserAutomationWakeEnumerationReceipt.denominator and by store_gateway.rs 5217/5283/5376/6306	2971;2808	yes		consume-only; #2971 test fixtures must be built from this owner's output and must not introduce a second denominator derivation	https://github.com/UnknownAlienHuman/eliot-memory-os/issues/2971;https://github.com/UnknownAlienHuman/eliot-memory-os/issues/2971#issuecomment-5850131759;https://github.com/UnknownAlienHuman/eliot-memory-os/issues/2971#issuecomment-5851646961;https://github.com/UnknownAlienHuman/eliot-memory-os/issues/2971#issuecomment-5854022695	BASE
crates/kernel/eliot-kernel-service/src/store_gateway.rs retirement/answer surface: issue_retirement_cancellation, read_or_retain_retirement_enumeration_receipt, reconcile_cancellation_owner_readback, retain_user_automation_obligation_answer, decode_retained_cancellation_answer	2971;2806	yes		one writer per file; #2971 only appends a #[cfg(test)] mod tests arm, #2806 owns the production horizon publisher and runtime path	https://github.com/UnknownAlienHuman/eliot-memory-os/issues/2971;https://github.com/UnknownAlienHuman/eliot-memory-os/issues/2971#issuecomment-5850131759;https://github.com/UnknownAlienHuman/eliot-memory-os/issues/2971#issuecomment-5851646961;https://github.com/UnknownAlienHuman/eliot-memory-os/issues/2971#issuecomment-5854022695	BASE
durable send claim and Host batch readback: store_gateway.rs::claim_user_automation_send, ::reconcile_cancellation_owner_readback, crates/kernel/eliot-ors/src/store.rs HOST_REQUEST_SEND_CLAIM_PROTOCOL_VERSION	2971;2970	yes		already landed and consumed by #2971's validators; not a blocker for the test card and not to be re-derived here	https://github.com/UnknownAlienHuman/eliot-memory-os/issues/2971;https://github.com/UnknownAlienHuman/eliot-memory-os/issues/2971#issuecomment-5850131759;https://github.com/UnknownAlienHuman/eliot-memory-os/issues/2971#issuecomment-5851646961;https://github.com/UnknownAlienHuman/eliot-memory-os/issues/2971#issuecomment-5854022695	BASE
apps/Eliot.Operator/Protocol/UserAutomationContracts.cs and apps/Eliot.Operator/Services/GovernorPipeClient.cs are the exclusive files of #2643 (root card M-OPERATOR); #2972 needs neither	2972;2643	none — the three merged #2972 PRs (#3059/#3892/#4721) changed UserAutomationScheduleContract.cs, the generated mirror, MainViewModel.cs, daemon_request_dispatch.rs, user_automation_runtime_handoff.rs, kernel-service lib.rs and gen_operator_schedule_contract.py, and never UserAutomationContracts.cs or GovernorPipeClient.cs; the only #2972-adjacent member read from #2643's file is UserAutomationOperatorRequest.ExpectedStateFence, which #2972 reads only		disjoint — no serialization needed; one writer per file is preserved and #2972 has no edit to those files	https://github.com/UnknownAlienHuman/eliot-memory-os/issues/2972;https://github.com/UnknownAlienHuman/eliot-memory-os/issues/2972#issuecomment-5849524328;https://github.com/UnknownAlienHuman/eliot-memory-os/issues/2972#issuecomment-5849724717;https://github.com/UnknownAlienHuman/eliot-memory-os/issues/2972#issuecomment-5882115559;https://github.com/UnknownAlienHuman/eliot-memory-os/issues/2972#issuecomment-5923454943	BASE
crates/kernel/eliot-kernel-service/src/user_automation_compiler.rs (the #2805 owner normalizer this issue consumes)	2974;2805	same file; #2805 owns it and is code-complete+audited but still OPEN		no-write-here	https://github.com/UnknownAlienHuman/eliot-memory-os/issues/2974;https://github.com/UnknownAlienHuman/eliot-memory-os/issues/2974#issuecomment-5849768201;https://github.com/UnknownAlienHuman/eliot-memory-os/issues/2974#issuecomment-5849931553	BASE
apps/Eliot.Operator/Protocol/UserAutomationScheduleContract.cs + scripts/gen_operator_schedule_contract.py + Generated/OperatorScheduleContract.g.cs	2974;2865	the C# mirror and its generator; mirror already reads fields[3]/fields[4] and refuses V2/V3 on main		no-write-here	https://github.com/UnknownAlienHuman/eliot-memory-os/issues/2974;https://github.com/UnknownAlienHuman/eliot-memory-os/issues/2974#issuecomment-5849768201;https://github.com/UnknownAlienHuman/eliot-memory-os/issues/2974#issuecomment-5849931553	BASE
crates/kernel/eliot-kernel-core/src/user_automation_zones.rs + user_automation_zone_table.tzd (offset unit, withheld zones)	2974;2882	pinned zone table fixture source for the New York gap row		no-write-here	https://github.com/UnknownAlienHuman/eliot-memory-os/issues/2974;https://github.com/UnknownAlienHuman/eliot-memory-os/issues/2974#issuecomment-5849768201;https://github.com/UnknownAlienHuman/eliot-memory-os/issues/2974#issuecomment-5849931553	BASE
GovernorClosureRestoreWire version and readback fields	2976;2962	crates/kernel/eliot-kernel-core/src/governor_closure_source.rs - #2962 set GOVERNOR_CLOSURE_RESTORE_VERSION=3 (112057c49, 2026-10-01) and #2976 needs v4 on the SAME struct, one field adjacent to #2976's three existing readback sections		serialize - one writer at a time; take nothing from #2962's hunks, and #2962 is OPEN so do not start concurrently	https://github.com/UnknownAlienHuman/eliot-memory-os/issues/2976;https://github.com/UnknownAlienHuman/eliot-memory-os/issues/2976#issuecomment-5981243299	BASE
eliot-authority grant-graph suppression and quarantine binding	2976;2966	crates/governor/eliot-authority/src/grants.rs - #2966 owns GrantGraph::resolve_revocation_origin and unrepresented_member; #2976 edits bind_quarantine_omission's child_record binding		serialize - different functions, one file, one writer per file	https://github.com/UnknownAlienHuman/eliot-memory-os/issues/2976;https://github.com/UnknownAlienHuman/eliot-memory-os/issues/2976#issuecomment-5981243299	BASE
parent authority/quarantine increment split	2976;2875	restore_quarantine_record (grants.rs:2849) is #2875's code and is READ only here		do not re-schedule #2875's W3/W4/W5/W7/W9/A7/A8 partials into #2976	https://github.com/UnknownAlienHuman/eliot-memory-os/issues/2976;https://github.com/UnknownAlienHuman/eliot-memory-os/issues/2976#issuecomment-5981243299	BASE
downstream consumer of the verified binding	2976;2100	GrantGraph::bind_quarantine_omission via #2100's omission paths		not blocking, but #2100 must be rechecked against the tightened NeverAdmitted -> RevokedAndFenced behaviour	https://github.com/UnknownAlienHuman/eliot-memory-os/issues/2976;https://github.com/UnknownAlienHuman/eliot-memory-os/issues/2976#issuecomment-5981243299	BASE
single duplicate-key detector for #2985 reader ingress and #2989 external-review ingress: crates/eliot-types/src/strict_json.rs::strict_json_value	2985;2989	eliot_types::strict_json_value + StrictJsonErrorKind; #2989 consumes it at crates/eliot-engine/src/external_review.rs::decode_external_provider_json:182, ::strict_from_provider_bytes:201 and ::internal_constructed:310; #2985 also serves crates/eliot-store/src/canonical_record.rs::strict_body_has_no_duplicates:217		shared-owner-already-correct: exactly one recursive StrictVisitor exists in the repository; the only remaining rule is that neither issue may add a second decoder, a per-surface pre-scan, or a serde_json preserve_order switch	https://github.com/UnknownAlienHuman/eliot-memory-os/issues/2985#issuecomment-5849474403;https://github.com/UnknownAlienHuman/eliot-memory-os/issues/2985#issuecomment-5898573828	BASE
crates/eliot-types/src/strict_json.rs::strict_json_value - the single duplicate-rejecting raw decoder; this issue reaches it only through crates/eliot-engine/src/external_review.rs::decode_external_provider_json, while #2985's other production consumer is crates/eliot-app/src/cognitive_field_runner.rs:5530	2989;2985	True		consume - do not create a second strict parser or a new dependency; the two issues touch different caller files so they can run in parallel	https://github.com/UnknownAlienHuman/eliot-memory-os/issues/2989;https://github.com/UnknownAlienHuman/eliot-memory-os/issues/2989#issuecomment-5917765052;https://github.com/UnknownAlienHuman/eliot-memory-os/issues/2989#issuecomment-5946026608;https://github.com/UnknownAlienHuman/eliot-memory-os/issues/2989#issuecomment-5849751130;https://github.com/UnknownAlienHuman/eliot-memory-os/issues/2989#issuecomment-5920863300	BASE
crates/foundation/eliot-contracts/tests/data/shipped_serde_boundaries.toml - one generated serde boundary inventory	2989;2985	True		serialize - both open issues regenerate this single generated file through scripts/serde_boundary_inventory.py; regenerate last, never hand-edit	https://github.com/UnknownAlienHuman/eliot-memory-os/issues/2989;https://github.com/UnknownAlienHuman/eliot-memory-os/issues/2989#issuecomment-5917765052;https://github.com/UnknownAlienHuman/eliot-memory-os/issues/2989#issuecomment-5946026608;https://github.com/UnknownAlienHuman/eliot-memory-os/issues/2989#issuecomment-5849751130;https://github.com/UnknownAlienHuman/eliot-memory-os/issues/2989#issuecomment-5920863300	BASE
crates/eliot-store/src/surql.rs::tests template-guard module	2990;any other K2 issue that adds Surreal template guards in eliot-store	crates/eliot-store/src/surql.rs		one writer per file — append distinct #[test] fn names, do not refactor the shared tests module	https://github.com/UnknownAlienHuman/eliot-memory-os/issues/2990;https://github.com/UnknownAlienHuman/eliot-memory-os/issues/2990#issuecomment-5849038475;https://github.com/UnknownAlienHuman/eliot-memory-os/issues/2990#issuecomment-5849099640;https://github.com/UnknownAlienHuman/eliot-memory-os/issues/2990#issuecomment-5850451465;https://github.com/UnknownAlienHuman/eliot-memory-os/issues/2990#issuecomment-5899127120	BASE
SystemService four-root binding shape used by installation test fixtures	3001;1771	crates/kernel/eliot-installation/src/profile_roots.rs + profile_governed_roots.rs (validation contract only, read-only)		no shared write — #3001 changes fixture data in tests.rs only; #1771 owns production profile selection and its body says to preserve profile_roots.rs	https://github.com/UnknownAlienHuman/eliot-memory-os/issues/3001;https://github.com/UnknownAlienHuman/eliot-memory-os/issues/3001#issuecomment-5951433423	BASE
crates/instrument/eliot-instrument-runner/src/bin/eliot-profile-resolver.rs::read_toolchain_override / ::selected_toolchain_root (profile admission toolchain selection)	3004;#1914	the single installed-toolchain selection that decides whether any MergeCompile gate runs at all	1914	#1914 owns and introduced the defect via PR #4946 (6e9f98db); #3004 must not write this file	https://github.com/UnknownAlienHuman/eliot-memory-os/issues/3004;https://github.com/UnknownAlienHuman/eliot-memory-os/issues/3004#issuecomment-5885520490;https://github.com/UnknownAlienHuman/eliot-memory-os/issues/3004#issuecomment-5886158422;https://github.com/UnknownAlienHuman/eliot-memory-os/issues/3004#issuecomment-5931369017	BASE
.github/workflows/ci.yml step `Prepare dependency-policy inputs` -> scripts/prepare-dependency-policy-inputs.py (profile offline-source)	3004;#1229/#1225	prepared lock/scanner/Surreal inputs consumed by the dependency-policy-offline gate	1229	separable per-gate input residual; #1229 must not wait on all of #3004 and #3004 must not wait on all of #1229 (root BLOCKERS-AUDIT row 1229)	https://github.com/UnknownAlienHuman/eliot-memory-os/issues/3004;https://github.com/UnknownAlienHuman/eliot-memory-os/issues/3004#issuecomment-5885520490;https://github.com/UnknownAlienHuman/eliot-memory-os/issues/3004#issuecomment-5886158422;https://github.com/UnknownAlienHuman/eliot-memory-os/issues/3004#issuecomment-5931369017	BASE
branch protection / ruleset required status check `merge-compile` (app github-actions) on main	3004;none	GitHub repository settings, not a repository file		#3004-owned external configuration, sequenced after admission is fixed; record the readback with #3004's evidence	https://github.com/UnknownAlienHuman/eliot-memory-os/issues/3004;https://github.com/UnknownAlienHuman/eliot-memory-os/issues/3004#issuecomment-5885520490;https://github.com/UnknownAlienHuman/eliot-memory-os/issues/3004#issuecomment-5886158422;https://github.com/UnknownAlienHuman/eliot-memory-os/issues/3004#issuecomment-5931369017	BASE
.github/README.md and .github/workflows/ci.yml	3004;PR 4110	both files		no write conflict: all three #4110 hunks are absorbed or superseded on main; close the PR	https://github.com/UnknownAlienHuman/eliot-memory-os/issues/3004;https://github.com/UnknownAlienHuman/eliot-memory-os/issues/3004#issuecomment-5885520490;https://github.com/UnknownAlienHuman/eliot-memory-os/issues/3004#issuecomment-5886158422;https://github.com/UnknownAlienHuman/eliot-memory-os/issues/3004#issuecomment-5931369017	BASE
workstream registry + process docs	3014;#5018 swarm continuation ledger (draft) and #2492 CODE_COMPLETE_REMEDIATION (draft)	workstreams/*.md|*.toml and the WORKFLOW.md completion heuristic	5018	defer — controller-ledger artefacts are not the repository registry; no shared writer claimed	https://github.com/UnknownAlienHuman/eliot-memory-os/issues/3014;https://github.com/UnknownAlienHuman/eliot-memory-os/issues/3014#issuecomment-5849082944;https://github.com/UnknownAlienHuman/eliot-memory-os/issues/3014#issuecomment-5886164644;https://github.com/UnknownAlienHuman/eliot-memory-os/issues/3014#issuecomment-5887319067	BASE
scripts/verify.ps1::cargo-test-compile / MergeCompile admission	3977;#3004 (PR #4110)	the gate definition that measures #3977's denominator is also the gate #3004 owns; its admission is currently refused (toolchain '[toolchain]' is not installed), so zero cargo gates ran at b7e9e334	3004	serialize - measure outside the refused gate, do not edit the gate here	https://github.com/UnknownAlienHuman/eliot-memory-os/issues/3977;https://github.com/UnknownAlienHuman/eliot-memory-os/issues/3977#issuecomment-5889315652;https://github.com/UnknownAlienHuman/eliot-memory-os/issues/3977#issuecomment-5892157664;https://github.com/UnknownAlienHuman/eliot-memory-os/issues/3977#issuecomment-5895607504;https://github.com/UnknownAlienHuman/eliot-memory-os/issues/3977#issuecomment-5925217756;https://github.com/UnknownAlienHuman/eliot-memory-os/issues/3977#issuecomment-5926181889	BASE
bins/eliot-kernel/src/tests.rs, bins/eliot-agent-bridge/src/main.rs, crates/agent/eliot-agent-opencode/src/types.rs, bins/eliot/src/controlboard_status.rs	3977;#4599	PR #4778 already landed test-consumer repairs in these four files and #4599 reopens them for Operator evidence	4599	one writer at a time - land the measurement first, then reconcile per hunk	https://github.com/UnknownAlienHuman/eliot-memory-os/issues/3977;https://github.com/UnknownAlienHuman/eliot-memory-os/issues/3977#issuecomment-5889315652;https://github.com/UnknownAlienHuman/eliot-memory-os/issues/3977#issuecomment-5892157664;https://github.com/UnknownAlienHuman/eliot-memory-os/issues/3977#issuecomment-5895607504;https://github.com/UnknownAlienHuman/eliot-memory-os/issues/3977#issuecomment-5925217756;https://github.com/UnknownAlienHuman/eliot-memory-os/issues/3977#issuecomment-5926181889	BASE
bins/ test targets and 20+ Cargo.toml manifests	3977;#2369	#2369 adds new tests/*.rs targets and Cargo.lock entries, changing #3977's --all-targets denominator	2369	serialize - a measurement taken before #2369 merges must be re-measured after	https://github.com/UnknownAlienHuman/eliot-memory-os/issues/3977;https://github.com/UnknownAlienHuman/eliot-memory-os/issues/3977#issuecomment-5889315652;https://github.com/UnknownAlienHuman/eliot-memory-os/issues/3977#issuecomment-5892157664;https://github.com/UnknownAlienHuman/eliot-memory-os/issues/3977#issuecomment-5895607504;https://github.com/UnknownAlienHuman/eliot-memory-os/issues/3977#issuecomment-5925217756;https://github.com/UnknownAlienHuman/eliot-memory-os/issues/3977#issuecomment-5926181889	BASE
crates/agent/eliot-agent-codex/src/route_tokenizer.rs	3977;#1941	file exists on main but git grep route_tokenizer over crates/agent/eliot-agent-codex returns 0 hits, so it is an undeclared module: not compiled, hence inert and absent from #3977's denominator	1941	out of scope - report to #1941, exclude from the denominator	https://github.com/UnknownAlienHuman/eliot-memory-os/issues/3977;https://github.com/UnknownAlienHuman/eliot-memory-os/issues/3977#issuecomment-5889315652;https://github.com/UnknownAlienHuman/eliot-memory-os/issues/3977#issuecomment-5892157664;https://github.com/UnknownAlienHuman/eliot-memory-os/issues/3977#issuecomment-5895607504;https://github.com/UnknownAlienHuman/eliot-memory-os/issues/3977#issuecomment-5925217756;https://github.com/UnknownAlienHuman/eliot-memory-os/issues/3977#issuecomment-5926181889	BASE
bins/eliot-host/src/lib.rs is rewritten by two open PRs (#2369 +10/-1, #3869 +35/-18), so any reproduction pinned to a lib.rs revision goes stale on merge	3978;2369 3869	bins/eliot-host/src/lib.rs		not-dispatchable; re-base the reproduction against merged lib.rs before naming a faulty file	https://github.com/UnknownAlienHuman/eliot-memory-os/issues/3978;	BASE
CLI public entry -> admitted owner identity (launch/status/dashboard)	4600;1137	bins/eliot-user-broker/src/main.rs operator pipe + operation_identity.rs issuer + bins/eliot/src/main.rs		serialize: #4600's residual binds to the endpoint #1137 produces; one writer at a time	https://github.com/UnknownAlienHuman/eliot-memory-os/issues/4600	BASE
ControlBoard status transport owner	4600;1187,1213,2369	crates/meta/eliot-runtime-status/src/controlboard_transport.rs + bins/eliotd/src/controlboard_adapters.rs		absorb-only: #4600 must not re-decide the serving transport; if #1213 retires the EBP path, #4600's status half is re-scoped, not re-implemented	https://github.com/UnknownAlienHuman/eliot-memory-os/issues/4600	BASE
bins/eliot-agent-bridge/src/main.rs — two OPEN PRs write it simultaneously (#2369 codex/runtime-owner-join-20260922 and #4599 Operator_tests); #2369 additionally collides with #3869 on bins/eliot-agent-bridge/{Cargo.toml,src/kernel_host_request_client.rs,src/lib.rs}	4601;2369 4599 3869	False		no shared write path — #4601's only write path is bins/eliot-agent-bridge/src/hook_intake.rs::acquire_hook_payload's test module, which none of the three touches; main.rs is DO_NOT	https://github.com/UnknownAlienHuman/eliot-memory-os/issues/4601;https://github.com/UnknownAlienHuman/eliot-memory-os/issues/4601#issuecomment-5924318679	BASE
same file docs/architecture/route-rules.toml, different hunks	4606;2453	docs/architecture/route-rules.toml		serialize one writer; #2453 edits repository-root path_globs, #4606 appends to [coverage] — no content overlap	https://github.com/UnknownAlienHuman/eliot-memory-os/issues/4606;https://github.com/UnknownAlienHuman/eliot-memory-os/issues/4606#issuecomment-5946172915;https://github.com/UnknownAlienHuman/eliot-memory-os/issues/4606#issuecomment-5919967712	BASE
shared router algorithm matched_routes recomputed by the pre-merge evidence gate	4606;2965	scripts/docs_router_core.py::matched_routes		disjoint for this residual — route_payload never reads config.examples (verified at scripts/docs_router_core.py::route_payload), so adding coverage fixtures changes no route receipt_id and cannot invalidate #2965 evidence	https://github.com/UnknownAlienHuman/eliot-memory-os/issues/4606;https://github.com/UnknownAlienHuman/eliot-memory-os/issues/4606#issuecomment-5946172915;https://github.com/UnknownAlienHuman/eliot-memory-os/issues/4606#issuecomment-5919967712	BASE
shared [coverage] region already holding one expect_absent_routes negative	4606;2699	docs/architecture/route-rules.toml [coverage]		append only; the improvement-learning fixtures and its absent-route negative stay byte-identical	https://github.com/UnknownAlienHuman/eliot-memory-os/issues/4606;https://github.com/UnknownAlienHuman/eliot-memory-os/issues/4606#issuecomment-5946172915;https://github.com/UnknownAlienHuman/eliot-memory-os/issues/4606#issuecomment-5919967712	BASE
none — different subsystem and language	4606;2985 2989	none		#2985/#2989 own the Rust serde ingress at crates/eliot-engine/src/external_review.rs::ExternalReviewNormalizer (pre-Value lexical duplicate-key rejection); they share no script with the docs router and their routing is unaffected by coverage fixtures	https://github.com/UnknownAlienHuman/eliot-memory-os/issues/4606;https://github.com/UnknownAlienHuman/eliot-memory-os/issues/4606#issuecomment-5946172915;https://github.com/UnknownAlienHuman/eliot-memory-os/issues/4606#issuecomment-5919967712	BASE
bins/eliot-kernel/tests/store_concurrency_product.rs is a single test binary whose four kernel_route consumers (11h, 12h, 15, 19) all share ::serve_store_route, and it is the exact binary OR reports as never completing / stalling	4652;OR closure lanes and any other lane dispatching cargo test -p eliot-kernel --test store_concurrency_product	bins/eliot-kernel/tests/store_concurrency_product.rs		absorbed	https://github.com/UnknownAlienHuman/eliot-memory-os/issues/4652;https://github.com/UnknownAlienHuman/eliot-memory-os/issues/4652#issuecomment-5928349811;https://github.com/UnknownAlienHuman/eliot-memory-os/issues/4652#issuecomment-5930059226;https://github.com/UnknownAlienHuman/eliot-memory-os/issues/4652#issuecomment-5949216212	BASE
W616D1CEBD8 write-path collision on 1 exact file(s): K2-READY#2666 vs K2-READY#2859	2666;2859	crates/storage/eliot-store-surreal-adapter/src/backup_restore.rs		SINGLE_WRITER_REQUIRED: two K2 READY rows claim the same exact file(s); order them or split to disjoint symbols in one turn	https://github.com/UnknownAlienHuman/eliot-memory-os/issues/2666	BASE
WBE62699776 write-path collision on 1 exact file(s): K2-READY#2663 vs K2-READY#2962	2663;2962	crates/governor/eliot-governor/src/composition.rs		SINGLE_WRITER_REQUIRED: two K2 READY rows claim the same exact file(s); order them or split to disjoint symbols in one turn	https://github.com/UnknownAlienHuman/eliot-memory-os/issues/2663	BASE
W1020DEDDA0 write-path collision on 1 exact file(s): K2-READY#2570 vs K2-READY#2800	2570;2800	bins/eliot-agent-bridge/src/lib.rs		SINGLE_WRITER_REQUIRED: two K2 READY rows claim the same exact file(s); order them or split to disjoint symbols in one turn	https://github.com/UnknownAlienHuman/eliot-memory-os/issues/2570	BASE
W8BEE696AC7 write-path collision on 1 exact file(s): K2-READY#2570 vs K2-READY#2799	2570;2799	bins/eliot-agent-bridge/src/lib.rs		SINGLE_WRITER_REQUIRED: two K2 READY rows claim the same exact file(s); order them or split to disjoint symbols in one turn	https://github.com/UnknownAlienHuman/eliot-memory-os/issues/2570	BASE
W4CE7F6CDB8 write-path collision on 1 exact file(s): K2-READY#2738 vs K2-READY#2737	2738;2737	bins/eliot-host/src/backup_cutover.rs		SINGLE_WRITER_REQUIRED: two K2 READY rows claim the same exact file(s); order them or split to disjoint symbols in one turn	https://github.com/UnknownAlienHuman/eliot-memory-os/issues/2737	BASE
W990CBA6FDB write-path collision on 1 exact file(s): K2-READY#2644 vs ROOT-PLAN#2643	2644;2643	apps/Eliot.Operator/Services/GovernorPipeClient.cs		SINGLE_WRITER_REQUIRED: one of these is root's already-dispatched PLAN.tsv card; different lines of one file are not independent claims (CONTINUATION.md) - root must order or explicitly transfer, not run both writers	https://github.com/UnknownAlienHuman/eliot-memory-os/issues/2643	BASE
W2929EFC72B write-path collision on 1 exact file(s): K2-READY#2967 vs K2-READY#2885	2967;2885	crates/kernel/eliot-ors/src/store/backup_snapshot.rs		SINGLE_WRITER_REQUIRED: two K2 READY rows claim the same exact file(s); order them or split to disjoint symbols in one turn	https://github.com/UnknownAlienHuman/eliot-memory-os/issues/2885	BASE
W750BE4BD2C write-path collision on 1 exact file(s): K2-READY#2896 vs K2-READY#2786	2896;2786	bins/eliot-wasm-host/src/request_loop.rs		SINGLE_WRITER_REQUIRED: two K2 READY rows claim the same exact file(s); order them or split to disjoint symbols in one turn	https://github.com/UnknownAlienHuman/eliot-memory-os/issues/2786	BASE
W28C527477A write-path collision on 1 exact file(s): K2-READY#2627 vs K2-READY#2798	2627;2798	crates/kernel/eliot-ors/src/store.rs		SINGLE_WRITER_REQUIRED: two K2 READY rows claim the same exact file(s); order them or split to disjoint symbols in one turn	https://github.com/UnknownAlienHuman/eliot-memory-os/issues/2627	BASE
WD43C9E527E write-path collision on 1 exact file(s): K2-READY#2627 vs K2-READY#2885	2627;2885	crates/kernel/eliot-ors/src/store.rs		SINGLE_WRITER_REQUIRED: two K2 READY rows claim the same exact file(s); order them or split to disjoint symbols in one turn	https://github.com/UnknownAlienHuman/eliot-memory-os/issues/2627	BASE
W0AB4E81EC7 write-path collision on 1 exact file(s): K2-READY#2627 vs K2-READY#2863	2627;2863	crates/kernel/eliot-ors/src/store.rs		SINGLE_WRITER_REQUIRED: two K2 READY rows claim the same exact file(s); order them or split to disjoint symbols in one turn	https://github.com/UnknownAlienHuman/eliot-memory-os/issues/2627	BASE
W6717A9B2ED write-path collision on 1 exact file(s): K2-READY#2627 vs K2-READY#2764	2627;2764	crates/kernel/eliot-ors/src/store.rs		SINGLE_WRITER_REQUIRED: two K2 READY rows claim the same exact file(s); order them or split to disjoint symbols in one turn	https://github.com/UnknownAlienHuman/eliot-memory-os/issues/2627	BASE
WB7D2A8DE3A write-path collision on 1 exact file(s): K2-READY#2627 vs K2-READY#2763	2627;2763	crates/kernel/eliot-ors/src/store.rs		SINGLE_WRITER_REQUIRED: two K2 READY rows claim the same exact file(s); order them or split to disjoint symbols in one turn	https://github.com/UnknownAlienHuman/eliot-memory-os/issues/2627	BASE
W8CC9BA300B write-path collision on 1 exact file(s): K2-READY#2800 vs K2-READY#2799	2800;2799	bins/eliot-agent-bridge/src/lib.rs		SINGLE_WRITER_REQUIRED: two K2 READY rows claim the same exact file(s); order them or split to disjoint symbols in one turn	https://github.com/UnknownAlienHuman/eliot-memory-os/issues/2799	BASE
WC04DE3D871 write-path collision on 1 exact file(s): K2-READY#2798 vs K2-READY#2885	2798;2885	crates/kernel/eliot-ors/src/store.rs		SINGLE_WRITER_REQUIRED: two K2 READY rows claim the same exact file(s); order them or split to disjoint symbols in one turn	https://github.com/UnknownAlienHuman/eliot-memory-os/issues/2798	BASE
WE60B17BF7F write-path collision on 1 exact file(s): K2-READY#2798 vs K2-READY#2863	2798;2863	crates/kernel/eliot-ors/src/store.rs		SINGLE_WRITER_REQUIRED: two K2 READY rows claim the same exact file(s); order them or split to disjoint symbols in one turn	https://github.com/UnknownAlienHuman/eliot-memory-os/issues/2798	BASE
WCC413297FC write-path collision on 1 exact file(s): K2-READY#2798 vs K2-READY#2764	2798;2764	crates/kernel/eliot-ors/src/store.rs		SINGLE_WRITER_REQUIRED: two K2 READY rows claim the same exact file(s); order them or split to disjoint symbols in one turn	https://github.com/UnknownAlienHuman/eliot-memory-os/issues/2764	BASE
W61F79D329E write-path collision on 1 exact file(s): K2-READY#2798 vs K2-READY#2763	2798;2763	crates/kernel/eliot-ors/src/store.rs		SINGLE_WRITER_REQUIRED: two K2 READY rows claim the same exact file(s); order them or split to disjoint symbols in one turn	https://github.com/UnknownAlienHuman/eliot-memory-os/issues/2763	BASE
W0C686BC988 write-path collision on 1 exact file(s): K2-READY#2885 vs K2-READY#2863	2885;2863	crates/kernel/eliot-ors/src/store.rs		SINGLE_WRITER_REQUIRED: two K2 READY rows claim the same exact file(s); order them or split to disjoint symbols in one turn	https://github.com/UnknownAlienHuman/eliot-memory-os/issues/2863	BASE
W9F9EA7BE06 write-path collision on 1 exact file(s): K2-READY#2885 vs K2-READY#2764	2885;2764	crates/kernel/eliot-ors/src/store.rs		SINGLE_WRITER_REQUIRED: two K2 READY rows claim the same exact file(s); order them or split to disjoint symbols in one turn	https://github.com/UnknownAlienHuman/eliot-memory-os/issues/2764	BASE
WE0A91FEA0A write-path collision on 1 exact file(s): K2-READY#2885 vs K2-READY#2763	2885;2763	crates/kernel/eliot-ors/src/store.rs		SINGLE_WRITER_REQUIRED: two K2 READY rows claim the same exact file(s); order them or split to disjoint symbols in one turn	https://github.com/UnknownAlienHuman/eliot-memory-os/issues/2763	BASE
W56D77E3B4B write-path collision on 1 exact file(s): K2-READY#2971 vs K2-READY#2764	2971;2764	crates/kernel/eliot-kernel-service/src/store_gateway.rs		SINGLE_WRITER_REQUIRED: two K2 READY rows claim the same exact file(s); order them or split to disjoint symbols in one turn	https://github.com/UnknownAlienHuman/eliot-memory-os/issues/2764	BASE
WC4C7EAD1AB write-path collision on 1 exact file(s): K2-READY#2971 vs K2-READY#2763	2971;2763	crates/kernel/eliot-kernel-service/src/store_gateway.rs		SINGLE_WRITER_REQUIRED: two K2 READY rows claim the same exact file(s); order them or split to disjoint symbols in one turn	https://github.com/UnknownAlienHuman/eliot-memory-os/issues/2763	BASE
W876E0C949D write-path collision on 3 exact file(s): K2-READY#2962 vs K2-READY#2976	2962;2976	crates/governor/eliot-authority/src/grants.rs crates/governor/eliot-governor/src/owner_closure_feed.rs crates/governor/eliot-governor/src/owner_closure_provider.rs		SINGLE_WRITER_REQUIRED: two K2 READY rows claim the same exact file(s); order them or split to disjoint symbols in one turn	https://github.com/UnknownAlienHuman/eliot-memory-os/issues/2962	BASE
W6BE8747970 write-path collision on 1 exact file(s): K2-READY#2689 vs K2-READY#2688	2689;2688	crates/storage/eliot-store-surreal-adapter/src/backup_snapshot.rs		SINGLE_WRITER_REQUIRED: two K2 READY rows claim the same exact file(s); order them or split to disjoint symbols in one turn	https://github.com/UnknownAlienHuman/eliot-memory-os/issues/2688	BASE
WDCDEF97C9B write-path collision on 1 exact file(s): K2-READY#2689 vs ROOT-PLAN#2691	2689;2691	crates/storage/eliot-store-surreal-adapter/src/backup_snapshot.rs		SINGLE_WRITER_REQUIRED: one of these is root's already-dispatched PLAN.tsv card; different lines of one file are not independent claims (CONTINUATION.md) - root must order or explicitly transfer, not run both writers	https://github.com/UnknownAlienHuman/eliot-memory-os/issues/2689	BASE
W55D553F32F write-path collision on 1 exact file(s): K2-READY#2688 vs ROOT-PLAN#2691	2688;2691	crates/storage/eliot-store-surreal-adapter/src/backup_snapshot.rs		SINGLE_WRITER_REQUIRED: one of these is root's already-dispatched PLAN.tsv card; different lines of one file are not independent claims (CONTINUATION.md) - root must order or explicitly transfer, not run both writers	https://github.com/UnknownAlienHuman/eliot-memory-os/issues/2688	BASE
WE640B484C3 write-path collision on 1 exact file(s): K2-READY#2865 vs ROOT-PLAN#2643	2865;2643	apps/Eliot.Operator/Protocol/UserAutomationContracts.cs		SINGLE_WRITER_REQUIRED: one of these is root's already-dispatched PLAN.tsv card; different lines of one file are not independent claims (CONTINUATION.md) - root must order or explicitly transfer, not run both writers	https://github.com/UnknownAlienHuman/eliot-memory-os/issues/2643	BASE
WFF741BC21B write-path collision on 1 exact file(s): K2-READY#2863 vs K2-READY#2764	2863;2764	crates/kernel/eliot-ors/src/store.rs		SINGLE_WRITER_REQUIRED: two K2 READY rows claim the same exact file(s); order them or split to disjoint symbols in one turn	https://github.com/UnknownAlienHuman/eliot-memory-os/issues/2764	BASE
WFE201FB440 write-path collision on 1 exact file(s): K2-READY#2863 vs K2-READY#2763	2863;2763	crates/kernel/eliot-ors/src/store.rs		SINGLE_WRITER_REQUIRED: two K2 READY rows claim the same exact file(s); order them or split to disjoint symbols in one turn	https://github.com/UnknownAlienHuman/eliot-memory-os/issues/2763	BASE
WD10B60E1B8 write-path collision on 3 exact file(s): K2-READY#2764 vs K2-READY#2763	2764;2763	crates/kernel/eliot-kernel-service/src/commit_recovery.rs crates/kernel/eliot-kernel-service/src/store_gateway.rs crates/kernel/eliot-ors/src/store.rs		SINGLE_WRITER_REQUIRED: two K2 READY rows claim the same exact file(s); order them or split to disjoint symbols in one turn	https://github.com/UnknownAlienHuman/eliot-memory-os/issues/2763	BASE
G1D3D873E95 one exact file, 3 claimants: K2-READY#2570 K2-READY#2799 K2-READY#2800	2570;2799;2800	bins/eliot-agent-bridge/src/lib.rs		HEAVY_CONTENTION on one exact file claimed by 3 K2 READY rows; single-writer file - serialize the whole group in one turn or amend to disjoint symbols; pairwise rows above give each pair	https://github.com/UnknownAlienHuman/eliot-memory-os/issues/ 2570	BASE
G925013A8DC one exact file, 3 claimants: K2-READY#2763 K2-READY#2764 K2-READY#2971	2763;2764;2971	crates/kernel/eliot-kernel-service/src/store_gateway.rs		HEAVY_CONTENTION on one exact file claimed by 3 K2 READY rows; single-writer file - serialize the whole group in one turn or amend to disjoint symbols; pairwise rows above give each pair	https://github.com/UnknownAlienHuman/eliot-memory-os/issues/ 2763	BASE
G9FC8FA7501 one exact file, 6 claimants: K2-READY#2627 K2-READY#2763 K2-READY#2764 K2-READY#2798 K2-READY#2863 K2-READY#2885	2627;2763;2764;2798;2863;2885	crates/kernel/eliot-ors/src/store.rs		HEAVY_CONTENTION on one exact file claimed by 6 K2 READY rows; single-writer file - serialize the whole group in one turn or amend to disjoint symbols; pairwise rows above give each pair	https://github.com/UnknownAlienHuman/eliot-memory-os/issues/ 2627	BASE
G22EDECEAD0 one exact file, 3 claimants: K2-READY#2688 K2-READY#2689 ROOT-PLAN#2691	2688;2689;2691	crates/storage/eliot-store-surreal-adapter/src/backup_snapshot.rs		HEAVY_CONTENTION on one exact file claimed by 3 assignments including root's already-dispatched card(s) ROOT-PLAN#2691; this is a single-writer file - root must serialize the whole group in one turn or amend to disjoint symbols; pairwise rows above give each pair	https://github.com/UnknownAlienHuman/eliot-memory-os/issues/ 2688	BASE
MGR-OPERATOR-PARITY-GAP the WinUI contract parity gate CANNOT see hand-written DTO omissions - whole-surface unchecked defect class	2865;2972;2864;2643	apps/Eliot.Operator/Protocol/UserAutomationContracts.cs (hand-written DTOs) versus Generated/OperatorScheduleContract.g.cs (generated census); only check is scripts/gen_operator_schedule_contract.py --check		SYSTEMIC_GAP verified on main@b7e9e334: the Rust owner emits the member unconditionally (user_automation.rs has #[serde(default)] pub trusted_tool_definition_refs with NO skip_serializing_if) while the hand-written C# record UserAutomationContracts.cs::UserAutomationRevision (:955) declares it nowhere - the only apps/Eliot.Operator hit is the generated census at OperatorScheduleContract.g.cs:441. Because OperatorJson.Reader is JsonUnmappedMemberHandling.Disallow (OperatorContracts.cs:138) every lawful owner revision is refused at UserAutomationScheduleContract.cs::TryDecodeScheduleNormalizationResult (:1543) and MainViewModel::RequireOwnerNormalizedRevision (:1263) always throws. The parity gate reports GREEN because it compares generated bytes and the census and never diffs the hand-written DTO. Add a durable per-record-type member-set check; until it exists this defect class can return silently on ANY WinUI protocol DTO. Bound to #2865 acceptance A5	https://github.com/UnknownAlienHuman/eliot-memory-os/issues/2865	BASE
MGR-UNOWNED-BLOBSTORE ONE unowned producer blocks THREE K2 rows; candidate owner exists by TITLE and must be checked before anyone assigns it	2569;2802;2862	production eliot_blob::BlobStoreService binding required by crates/storage/eliot-blob/src/publication_owner.rs::BlobArchivePublicationOwner (impl PublicationPort :424)		ESCALATE_FEEDBACK: verified on main@b7e9e334 that NO production construction exists - every BlobStoreService::new / new_with_owner site is a doc comment or sits at crates/storage/eliot-blob/src/lib.rs:5846 and later, and #[cfg(test)] opens at that file line 5173. CapturePorts (bins/eliot-kernel/src/backup_capture_ports.rs:389) has ZERO struct literals workspace-wide and request_from_ports (bins/eliot-kernel/src/backup_capture.rs:176) has zero call sites, so the capture path is dead code, not merely unwired. CANDIDATE OWNER: #19 [storage/daemon] Close the store-bridge, BlobStore-owner, and Surreal process-generation boundaries - OPEN, audited, 2026-10-01 - title names the boundary but this review did NOT read its body, so it is a candidate and NOT a verified owner. #297 is a confirmed different scope. Read #19 before assigning or creating anything; do NOT let it be minted in Kernel dispatch	https://github.com/UnknownAlienHuman/eliot-memory-os/issues/19	BASE
MGR-2738-OWNER-CONFLICT single-claimant ownership dispute on the generated serde inventory - the automated detector CANNOT see this one	2738	crates/foundation/eliot-contracts/tests/data/shipped_serde_boundaries.toml		OWNER_DECISION: #2738 claims this generated file as an exclusive WRITE path, but seven other K2 rows list the SAME file as READ ONLY and name #929 as the regeneration owner (2613, 2664, 2666, 2800, 2869, 2971, 2976). Only one K2-READY row writes it, so no pairwise collision fires. Assign regeneration to #929 after the #2738 wire bump, or confirm #2738 owns it. Do NOT let two writers regenerate this file - concurrent regeneration silently drops rows	https://github.com/UnknownAlienHuman/eliot-memory-os/issues/2738	BASE
MGR-UNOWNED-URLHANDLES a LOAD-BEARING security allowlist whose whole enforcement path is dead because nothing can populate it; architecture decision with no owner	2894	AllowedReferenceManifest::url_handles - declared pub Vec<String> at crates/research/eliot-research-exchange-api/src/lib.rs:1200, consumed by ::admits_url (:1400, exact byte equality) and folded into the manifest digest material (:1295)		ESCALATE_FEEDBACK, verified exhaustively on main@b7e9e334: there are exactly THREE url_handles construction sites and ALL THREE are Vec::new() - bins/eliot-mod-research/src/lib.rs:1924, crates/research/eliot-research-exchange/tests/evidence_exchange.rs:58, and crates/research/eliot-researcher/src/lib.rs:318. Every other occurrence is a doc comment, the field declaration, the admits_url comparison, or a refusal message. Yet the crate's own documentation reasons throughout as though the list were populated - 'a scheme this crate cannot classify requires an exact url_handles entry' (:444), 'a locator URL outside url_handles ... LocatorNotClassifiable' (:1735). Net effect: external-URL admission is FAIL-CLOSED and therefore SAFE, but the capability the design describes does not exist and #2894 acceptance clause A3 cannot be satisfied in production. Doc silence is total: git grep -i url_handles over docs/architecture returns exactly ONE hit, I21-07:8, which names the durability slot allowed_source_record_evidence_artifact_and_url_handles and so defines the SLOT and not the WRITER. ResearchProviderDispatch has no URL-admission field and ResearchEvidenceBundle has no non-test construction site. Root must choose one: add a URL-admission field to the sealed dispatch wire contract, or state explicitly that external-URL admission has no producer in this repository. Do NOT let a writer add a producer by inference - admission is a security decision. SECOND, SEPARATE HAZARD in the same area: there are TWO allowlists (manifest url_handles and the firewall's source/evidence/artifact handles) and the code comments repeatedly warn that reference_firewall NEVER consults url_handles (inquiry_governance.rs:6330, :9061-9077), while source_admissibility.rs:1158 notes a URL-shaped handle must not be able to reach url_handles. Correct today, easy to break in a refactor, and undocumented outside code comments	https://github.com/UnknownAlienHuman/eliot-memory-os/issues/2894	BASE
1787 -> 1790 -> 1791 -> 1789 (WorkScope identity -> cold-start readiness -> source admission -> material gate)	1787,1790,1791,1789	bins/eliotd/src/task_binding_admission.rs (ScopeAttachIngress) is the single ingress all four need; 1790 produces the OnboardingReadinessReceipt that 1789 consumes; 1791 produces the GoverningSourceSet that becomes 1790's lease key and 1789's GoverningCoverage::AdmittedSources		SERIALIZED - one attach-transport writer owns bins/eliotd/src/{lib.rs,task_binding_admission.rs}; 1790 must land before 1791 and 1789 can populate real values. Do not let 1787/1790/1791 each claim those two files separately.	https://github.com/UnknownAlienHuman/eliot-memory-os/issues/1787#issuecomment-5873784682	CB2
1789 <- 1790, 1791, 1788 (material gate waits on three producers)	1789,1790,1791,1788	OnboardingReadinessReceipt (1790), GoverningSourceSet + ExplicitAbsence (1791/1788) feed MaterialReadinessInputs; commit_canonical_and_refresh has zero callers so the whole gate is dormant		BLOCKING - 1789 is WAIT until all three producers exist; wiring the gate earlier would require inventing readiness values, which the owner's comments forbid.	https://github.com/UnknownAlienHuman/eliot-memory-os/issues/1789	CB2
1788 (bootstrap discovery consent) <- no owner	1788,1790,1791,1789	PrivacyBoundary / DescriptorPolicy / PrivacyClass for run_bootstrap_discovery; observe_cold_start_discovery hardcodes None so the scanner always returns privacy_boundary_question and BootstrapScanner::scan is unreachable		ESCALATE - no issue and no doc owns who adjudicates consent for a cold-start candidate root. I4.3.1 requires registered/consented roots but names no registry or operation; I15.9 SourceAdmissionPolicy has no code type and no owning issue. This blocks 1790's scan leg too, not just 1788.	https://github.com/UnknownAlienHuman/eliot-memory-os/issues/1788#issuecomment-5946562166	CB2
1780 -> 1784 (notification owner legs feed the attention evaluation evidence)	1780,1784	NamedReadOperation::GetNotificationState is an input to 1784's attention evidence; 1780 owns notification/approval state and 1784 must not mutate it	1784 reads, never writes 1780's surface	SEQUENCED - 1784 may read notification state before 1780's resolve/delivery legs land, but its acceptance needs the resolution/evidence a failed delivery produces. Coordinate; 1784 is not blocked on 1780's delivery leg for the create/correct/invalidate path.	https://github.com/UnknownAlienHuman/eliot-memory-os/issues/1780#issuecomment-5899255289	CB2
1784 / 1785 -> 1213 (ControlBoard projection carrier)	1784,1785,1213	crates/governor/eliot-governor/src/controlboard_projection.rs and controlboard_snapshot are the shared carrier for both the attention-evaluation row (1784) and the review/provenance detail (1785)	2369 (draft, file overlap on controlboard_projection.rs/controlboard_consumer.rs and bins/eliotd/src/lib.rs, no review/provenance/attention hunk)	COORDINATE - 1784 writes a new snapshot member through the governor carrier; 1785 must not, because the crates/surfaces/eliot-controlboard fixture is frozen and its disposition belongs to #1213. PR 2369 overlaps the carrier file but its hunks are the notification inbox, so it absorbs nothing here; a second writer on the same carrier file needs explicit transfer.	https://github.com/UnknownAlienHuman/eliot-memory-os/issues/1785#issuecomment-5929294774	CB2
1783 + 1785 -> 1213 (board disposition gate)	1783,1785,1213	crates/surfaces/eliot-controlboard/** disposition plus the eliot-runtime-status / CLI projection consumers		SERIALIZED-GATED - both are WAIT on #1213. #1783 additionally needs the admitted CLI request-identity issuer; #1785 additionally needs the named review-row owner. They share the same blocked carrier and must not both write it.	https://github.com/UnknownAlienHuman/eliot-memory-os/issues/1783#issuecomment-5933320259	CB2
1793 <- 1794 + 1678 + 1701 (effect execution waits on authority + dispatch)	1793,1794,1678,1701	Live current-revocation evidence for note_effect_dispatch_admitted; a reservation/dispatch contour that consumes SealedEffectDispatch; EffectReceipt feeding ImprovementUnknownEffect::with_settled_owner_outcome	3804 (still needed, MCP ceiling consumption; overlaps the seq-1 path map only, not the admission join)	BLOCKING - 1793 is fully implemented and wired-shaped but dead without 1794's activation/revocation output. Executing early would create the empty permissive registry the issue's seq 7 forbids.	https://github.com/UnknownAlienHuman/eliot-memory-os/issues/1793#issuecomment-5929280842	CB2
1782 -> 1787 (attach transport shared ingress)	1782,1787,1789	ScopeAttachIngress must carry the WorkScope descriptor/authorizing_ref/sources/privacy/root (1787), the onboarding lease + candidate (1790), and the attach-reconciliation binding (1782)		SERIALIZED - one attach-transport writer owns bins/eliotd/src/task_binding_admission.rs and bins/eliotd/src/lib.rs for all of 1782, 1787, 1790 and 1791. Different lines of one file are not independent claims; transfer explicitly.	https://github.com/UnknownAlienHuman/eliot-memory-os/issues/1782#issuecomment-5856998106	CB2
1792 -> 1797 (module graph feeds bridge contract admission)	1792,1797	Admitted module contract set + GenerationReadiness gate; every in-scope artifact in admitted_hot_artifact_map needs a real loader and consumer, and the bridge contract gate runs on the admitted native-worker contour	2956 (still needed, non-blocking; shares scripts/build-eliot-windows-x64-release.ps1 which already emits runtime/module.eliotd.toml)	ADJACENT - 1792 gates the Kernel on graph/readiness; 1797 gates the Claude adapter on the admitted route. 1797's single-file write is inside eliot-native-worker, not the kernel-core graph owner, so they do not collide. 1797's contract-revision status exposure depends on 1792 surfacing admitted status.	https://github.com/UnknownAlienHuman/eliot-memory-os/issues/1792#issuecomment-5924586549	CB2
OPEN-PRS.tsv staleness (all rows)	all	OPEN-PRS.tsv lists 24 PRs but only 7 are actually open	3766, 3869, 2369, 4599, 4490, 4495, 3053, 3058, 4999 all CLOSED upstream	STALE INPUT - do not disposition any PR from this file alone. Verified open set at this base is {5021, 5018, 4845, 3812, 3811, 3804, 2956}. Nine of the sixteen reviewed issues were dispositioned against a live gh read after finding the TSV wrong.	https://github.com/UnknownAlienHuman/eliot-memory-os/pull/2369	CB2
origin/main advanced past the plan base	b7e9e334569639a6290baeacf82bf44941def506 -> 8bdac07e99e01a0806a1b3c24dc641a36eee0f01	PR #5022 closed the M-OPERATOR #2643 READY card (IsEffect kept out of the closed UserAutomation wire)	5022 (MERGED)	STALE CARD - the plan's M-OPERATOR #2643 card was written at b7e9e3345 and its target is now on main. Root must re-review #2643 or mark it PRESERVE before any M-OPERATOR claim. All CB2 rows above were read at 8bdac07e, not the plan base.	https://github.com/UnknownAlienHuman/eliot-memory-os/pull/5022	CB2
1780 + 1787 + 1791 (three READY cards claim the same daemon composition file)	1780,1787,1791	bins/eliotd/src/lib.rs is an EDIT path on all three cards: 1780 (new module decl + pub use beside the notification emit re-exports), 1787 (admit_scope_attach ingress), 1791 (admit_scope_attach calls admit_governing_sources_for_scope). 1787 and 1791 additionally share bins/eliotd/src/task_binding_admission.rs; 1780 shares only lib.rs.		SERIALIZED - do not issue three writers for lib.rs. 1787 and 1791 edit the same two files and the same admit_scope_attach symbol, so they must be ONE writer turn or explicitly transferred. 1780's lib.rs hunk is a disjoint module declaration near the notification re-exports and can proceed in parallel only if the controller records both claims; different lines of one file are not independent claims. Recommended order: 1790 -> 1791 -> 1787 (each supplies an input the next consumes), with 1780 independent.	https://github.com/UnknownAlienHuman/eliot-memory-os/issues/1791#issuecomment-5844225820	CB2
1784 vs 1792 (kernel crate breadth)	1784,1792	1784 writes bins/eliot-kernel/src/daemon_request_dispatch.rs; 1792 writes bins/eliot-kernel/src/{lib.rs,process_execution.rs,composition_bootstrap.rs,front_door_session.rs}. No shared file between the two sets.		SERIALIZED-ADJACENT - disjoint files, so they may run in separate worktrees. Both touch the Kernel admission surface, so recheck open PRs and live claims before each claim; 1784 adds a Store transition class while 1792 adds a readiness gate, and both must not create a second admission diagnostic path.	https://github.com/UnknownAlienHuman/eliot-memory-os/issues/1784#issuecomment-5921836626	CB2
1784 (new Store record family) vs 3811/3812 (Store named-surface catalogue)	1784	crates/storage/eliot-store-api/src/{operation_catalogue.rs,operation_parameters.rs} are EDIT paths on 1784 AND changed files in open PRs #3811 and #3812	3811 (open, #1818 integration-candidate manifests), 3812 (open, #1820 mailbox delivery)	COORDINATE - both open PRs add their own rows to the same activation table and typed-parameter files. 1784 must not replay or overwrite their rows; append only. Neither PR absorbs the attention-evaluation operation and neither makes it obsolete. Recheck both heads before the 1784 claim.	https://github.com/UnknownAlienHuman/eliot-memory-os/pull/3811	CB2
1790 vs 1792 (shared bootstrap/startup contour)	1790,1792	1790 writes bins/eliot-agent-bridge/src/{lib.rs,main.rs} and its cold-start driver; 1792 writes bins/eliot-kernel/src/{composition_bootstrap.rs,front_door_session.rs} and kernel-core module lifecycle. No shared file.	2956 (still needed, non-blocking; shares scripts/build-eliot-windows-x64-release.ps1 which already emits runtime/module.eliotd.toml)	ADJACENT - 1790 delivers the compiled cold-start surface to the bridge; 1792 gates module generations on graph readiness. They meet at the bridge's ClientHello admission, which 1792's front_door_session change touches. Coordinate the ClientHello contract check with 1790's note_owner_surface intake; neither may require the other to close.	https://github.com/UnknownAlienHuman/eliot-memory-os/issues/1790#issuecomment-5845198854	CB2
1	1807	no open-PR contact after 2026-10-03 refresh	[]	NONE: OPEN-PRS.tsv cited #2369/#3869/#4490 for bins/eliot-kernel/src/front_door_driver.rs, host_request_route.rs and bins/eliotd/src/daemon_kernel_client.rs. All three are CLOSED. The verified open set (5021/5018/4845/3812/3811/3804/2956) contains no contact with any of the seven #1807 EDIT files, so conflicting_prs is empty and the old SEQUENCE row is withdrawn.	https://github.com/UnknownAlienHuman/eliot-memory-os/issues/1807#issuecomment-5940027869	W4
2	1795;5021	crates/kernel/eliot-ors/src/**	5021	ADJACENT_ONLY: PR #5021 edits crates/kernel/eliot-ors/src/status.rs (doc-code conformance). #1795 edits cutover_ownership.rs, store.rs, tests.rs. The OPEN-PRS.tsv contact #3869 is CLOSED. No sequencing required.	https://github.com/UnknownAlienHuman/eliot-memory-os/issues/1795#issuecomment-5924062553	W4
3	1801	no open-PR contact	[]	NONE: the OPEN-PRS.tsv contacts #2369 and #3869 on bins/eliot-host/src/lib.rs are both CLOSED. No open PR touches bins/eliot-host/**.	https://github.com/UnknownAlienHuman/eliot-memory-os/issues/1801#issuecomment-5946936856	W4
4	1801;1682;1757;1753	Host-owned restart-episode spend and the refuse-before-termination disposition on the authenticated runtime-control lane	[]	SHARED_POLICY: #1682 Work item 4 prescribes the same pre-effect durable reservation and its Acceptance demands supervisor restart cannot bypass the limit; #1757 owns the challenge/control-lane answer and the exhausted-budget rule; #1753 owns the Host port audit #1801 says to reuse. #1801 must not create a second Host budget for the same property.	https://github.com/UnknownAlienHuman/eliot-memory-os/issues/1801#issuecomment-5946936856	W4
5	1812;1851;748;3024	crates/instrument/eliot-process-executor/src/lib.rs, crates/kernel/eliot-process/src/lib.rs	3024	RECHECKED: the OPEN-PRS.tsv contact #2369 (draft WIP on the executor files) is CLOSED, which removes the sequencing obligation. PR #3024 (fix/269-process-stream-replay-integration) is still open on crates/kernel/eliot-ors/src/process_stream_recovery.rs - a different file, adjacent process-stream family. #748 owns the static lint matrix and #1851 the verifier consumer; neither may be duplicated inside #1812.	https://github.com/UnknownAlienHuman/eliot-memory-os/issues/1812#issuecomment-5932933262	W4
6	1812;1851;269	ProcessStreamSinkClient port and ProcessStreamRecovery ORS family	3024	PRODUCER_CONSUMER: #1812 gap 1 must consume the existing sink client rather than reimplement durability. crates/storage/eliot-blob/src/stream_sink.rs::BlobStoreStreamSink implements the port but is NOT a viable production source (eliot-blob is not a dependency of bins/eliot-kernel and BlobStoreService has no production constructor); the viable source is the production-attached KernelStoreGateway on ProcessExecutionGateway.	https://github.com/UnknownAlienHuman/eliot-memory-os/issues/1812#issuecomment-5932933262	W4
7	1820;1821;1822;1823;1828;3811;3812	bins/eliot-kernel/src/daemon_request_dispatch.rs, crates/storage/eliot-store-api/src/{lib,mailbox,operation_catalogue,operation_parameters,write_admission}.rs, crates/storage/eliot-store-surreal-adapter/src/apply/*.rs, bins/eliot-kernel/src/lib.rs	3812;3811	SAME_FILES_AND_SAME_ISSUE: PR #3812 (fix/1820-mailbox-delivery-MC1820) is OPEN, is CONFLICTING against main, and targets THIS issue. Its layout is stale - bins/eliot-kernel/src/mailbox.rs, crates/foundation/eliot-contracts/src/peer_mailbox.rs and crates/storage/eliot-store-surreal-adapter/src/apply/surreal_mailbox.rs are ABSENT on main, which instead has coordination_mailbox.rs and surreal_mailbox.rs at different paths. So #3812 is not an absorbable hunk set and not a merge wait: it must be re-read against current main (or closed) before either issue writes those files. PR #3811 is CONFLICTING and shares daemon_request_dispatch.rs plus the same operation_catalogue/operation_parameters/write_admission block. One writer per file. #1821 owns the Governor peer_communication.rs slice #1820 must not touch; #1822/#1823/#1828 own blackboard candidates, anchored review and the optional MessagingBridge.	https://github.com/UnknownAlienHuman/eliot-memory-os/issues/1820#issuecomment-5936000617	W4
8	1846;1820;3811;3812	bins/eliot-kernel/src/daemon_request_dispatch.rs	3811;3812	ONE_WRITER: #1846 and #1820 are both READY rows that edit bins/eliot-kernel/src/daemon_request_dispatch.rs, and both open CONFLICTING PRs #3811 and #3812 edit it too. #1846 needs store_apply_operation; #1820 needs validate_mailbox_transition and the new mailbox hooks. Sequence these three writers on that file; the eliot-store-api operation_catalogue/operation_parameters/write_admission block is shared the same way.	https://github.com/UnknownAlienHuman/eliot-memory-os/issues/1846#issuecomment-5928729512	W4
9	1846;1859	crates/kernel/eliot-kernel-service/src/store_exchange.rs	[]	SEQUENCED_BY_ISSUE: #1846 rewrites the DTO identity model on store_exchange.rs::execute_raw/receipt_exact while #1859 asserts against store_exchange.rs::decode_legacy_compat as a READ ONLY path. #1859's single test file does not conflict on disk, but #1859's assertion text names the decode_legacy_compat site, so run #1859 after #1846 lands or re-check the site string.	https://github.com/UnknownAlienHuman/eliot-memory-os/issues/1859#issuecomment-5859657327	W4
10	1836;1847;1840;1841;2956	eliot-observability-runtime crash.rs/event_log.rs/metric_groups.rs/bootstrap.rs, bins/eliot-kernel main.rs/kernel_diagnostics.rs/audit_fallback.rs, nine bin Cargo.toml manifests, scripts/build-eliot-windows-x64-release.ps1	2956	OWNER_CLAIM_AND_SEQUENCE: #1847 already claimed crash.rs and bins/eliot-kernel/src/main.rs in its comment 5884391872; #1840 owns the audit-fallback ladder producing the only CriticalEventRecord; #1841 owns the metric_groups catalogue and the same missing metrics_listen key. RECHECK: the draft #2369 that edited six of the nine manifests W1 must touch is CLOSED, so W1's manifest work is now free. PR #2956 (draft) still edits scripts/build-eliot-windows-x64-release.ps1, which defines W1 artifact scope - sequence after it lands. #1836 is WAIT until #1847/#1840 land; do not edit their files meanwhile.	https://github.com/UnknownAlienHuman/eliot-memory-os/issues/1836#issuecomment-5940047911	W4
11	1836;1841	metrics_listen / OTLP option input (one missing config key)	[]	SAME_MISSING_OUTPUT: #1836 A1/A2 and #1841 A1 both wait on the identical unnamed input - a canonical scrape bind address and an OTLP endpoint source. Neither issue owns it; it is one MISSING-CONTRACT (I16.2) to be decided once for both. Deciding it in #1841's ESCALATE unblocks two issues.	https://github.com/UnknownAlienHuman/eliot-memory-os/issues/1841#issuecomment-5856979823	W4
12	1816;1958;1773;1889;1879;1877	bridge ObservedRoute / route presentation and admission inputs; bins/eliot-agent-bridge/src lib.rs+main.rs; crates/governor/eliot-governor/src/route_registry.rs	[]	PRODUCER_CONSUMER: #1889 must make an owner-issued broker launch receipt an actual RuntimeRoute::authorize_launch admission input; #1958 + #1773 must produce a production observed-route producer and durable route-binding persistence; #1879 + #1877 must produce ContinuityKind attempt creation and a durable session owner. RECHECK: the OPEN-PRS.tsv contacts #2369 and #4599 are both CLOSED, so no PR blocks the eventual #1816 edit set. #1816 is WAIT; do not start its items 1/2/10 in isolation.	https://github.com/UnknownAlienHuman/eliot-memory-os/issues/1816#issuecomment-5944795441	W4
13	1832;1961;1958;1959	bins/eliotd/src/dreamer_model_adapter.rs GovernedDreamerModelAdapter::invoke and ModelInvokeInput	[]	ONE_WRITER: #1961 owns the production invoke caller this acceptance proof traverses; #1958 routes the observed-receipt + ModelInvokeInput producer here; #1959 already threads per-call evidence fields in the same struct. The OPEN-PRS.tsv contact #4599 (an AdmittedRouteReceipt construction site in eliot-agent-opencode) is CLOSED, so if W3 adds fields there is no live PR to coordinate with.	https://github.com/UnknownAlienHuman/eliot-memory-os/issues/1832#issuecomment-5795061919	W4
14	1790;8;1782;1791;1793	attach ingress lease evidence to GovernorComposition::compile_cold_start_at_trigger to BridgeRunner::note_owner_surface	[]	PRODUCER_CONSUMER: #8 must supply the authenticated live bootstrap transport (the only legitimate caller of the #1790 compiled surface; main's own doc says no synthetic caller was added), #1782 must supply the attach ingress carrying discovery/onboarding lease evidence, #1791 the GoverningSourceSet/TaskBindingInput producers, #1793 consumes the same receipt for its material gate. RECHECK: draft #2369 is CLOSED so composition.rs / daemon_runtime.rs / agent-bridge files are currently free. #1790 is WAIT.	https://github.com/UnknownAlienHuman/eliot-memory-os/issues/1790#issuecomment-5932176803	W4
15	1855;1854;1903;1919;2956	build-claim denominator, typed build receipt, Mechanism Review request record	2956	SEQUENCE_AND_OWNER: #1903 already lands in eliot-reports/product_proof.rs and eliot-governor/eliot-finish/product_proof.rs - the exact files #1855 must edit - and #1919 computes bins/eliot/src/release_surface.rs::BUNDLE_BINARIES from the same duplicated tuple. RECHECK: #4110 and #4599 are CLOSED so .github/workflows/ci.yml is free for gate registration; PR #2956 is still open on scripts/build-eliot-windows-x64-release.ps1 and must be sequenced before the denominator work. #1855 is WAIT for the Mechanism Review contract only.	https://github.com/UnknownAlienHuman/eliot-memory-os/issues/1855#issuecomment-5933400116	W4
16	1851;18;1858;748;269;3024;1140	crates/eliot-app/src/mcp_stdio/verification.rs and the TESTD_OWNER_SUBMIT_OPERATION client	3024	OWNER_DECISION: #18 owns the disposition of the legacy mcp_stdio facade and the current-owner surface; #1858 owns the typed redirect/rejection meanwhile. #1140 card already performed the identical stop-spawning migration for Git source observation and is the exact template. #748 and #269 are adjacent clusters whose lint/replay work must not race. #1851 is WAIT; do not delete the live runner before a replacement route exists.	https://github.com/UnknownAlienHuman/eliot-memory-os/issues/1851#issuecomment-5927002531	W4
17	1828;1820;1829	bins/eliot-notify/src/lib.rs, bins/eliot-notify/src/messaging_bridge_adapter.rs, the notify delivery ledger projection	[]	SCOPE: #1820 explicitly defers the optional replay-safe MessagingBridge to #1828, and #1829 owns the Telegram experiment plus its already-merged promote_adapter_to_default gate. RECHECK: draft #2369 on bins/eliot-notify/src/lib.rs is CLOSED, so #1828 has no live PR contact. #1828 must keep the bridge optional and must not touch the #1829 promotion gate.	https://github.com/UnknownAlienHuman/eliot-memory-os/issues/1828#issuecomment-5940045986	W4
18	1824;1823;2383	ObservationTransferDocument, GovernorComposition::ingest_kernel_change_transfer and ::resolve_anchored_review	[]	OWNER_DECISION: #1823 owns the anchored-review item surface that must supply the item and persist the returned AnchorResolutionObservation, and its own doc names #1824 as the resolver; #2383 Work3 injects missing/conflicting operation-diff-receipt links into the same ChangeProvenanceView, so the chosen transport link vocabulary must match what it consumes. RECHECK: the reviewer reported PR 2569; no such PR is open (the OPEN-PRS.tsv contact #2369 on eliot-governor/src/composition.rs is CLOSED), so #1824 has no live PR blocker - its only blocker is the unowned transport decision. #1824 is ESCALATE: no writer until the owner is named.	https://github.com/UnknownAlienHuman/eliot-memory-os/issues/1824#issuecomment-5927747947	W4
19	1785;1823;1187;1213;1778	bins/eliotd/src/controlboard_adapters.rs::GovernorCanonicalState::read, crates/governor/eliot-coordination/src/peer_communication.rs::AnchoredReview, crates/surfaces/eliot-controlboard (frozen)	[]	OWNER_DECISION: #1187 owns the canonical role-filtered projection with real owners and its AUD-C02-B residual is verbatim this items/reviews/provenance triple; #1823 owns the anchored-review record and its latest main commit is 3739661e8, which any recipient/role/WorkScope edit must rebase on; #1213 froze the controlboard fixture; #1778 supplies public conversation references so the decision leg stays an explicit partial link. No open PR touches these files. #1785 is ESCALATE: the missing privacy/visibility fact is owned by nobody.	https://github.com/UnknownAlienHuman/eliot-memory-os/issues/1785#issuecomment-592929477420	W4
20	1867;1868;1779;1187;1213;973	learning-record durability seam, UserAutomationOperation::DecideImprovementBrief, the brief carrier surface	[]	OWNER_CHAIN: #1868 claims the named Kernel mutation/read operations for every durable learning record, which is exactly #1867 remaining owner-ingress item; #1779 owns implementing DecideImprovementBrief without a parallel scheduler; #1187/#1213 own the ControlBoard role-filtered projection that is the only candidate carrier; #973 holds exclusive mutable scope on eliot-improvement lib.rs exports plus promotion_input.rs/learning_closure.rs that #1867 must leave unconsumed. No open PR touches any improvement path.	https://github.com/UnknownAlienHuman/eliot-memory-os/issues/1867#issuecomment-5912832535	W4
21	1872;1878	bins/eliot-kernel/src/lib.rs	4845	SAME_FILE_ROWS: both new READY rows write bins/eliot-kernel/src/lib.rs - #1872 adds the writer-admission call in KernelComposition::rebind_store and #1878 adds the per-generation ModuleLifecycle field beside generation_poison. Different symbols, one file: sequence them (different lines of one file are not independent claims). PR 4845 is adjacent only (it edits backup_restore.rs, backup_restore_ports.rs, request_dispatch.rs, not lib.rs), but #1878 must not add lifecycle dispatch to request_dispatch.rs.	https://github.com/UnknownAlienHuman/eliot-memory-os/issues/1872#issuecomment-5916038354;https://github.com/UnknownAlienHuman/eliot-memory-os/issues/1878#issuecomment-5927683775	W4
22	1807;1878	crates/kernel/eliot-ipc/src/lib.rs	[]	SAME_FILE_ROWS: #1807 removes the hard-coded session_epoch: 1 from the eliot-ipc Session constructors and #1878 calls dispatch_lifecycle_control / dispatch_lifecycle_cancel / dispatch_lifecycle_event and CancellationRegistry::expire from the same crate file. Different symbols, one file: sequence them. Neither has an open-PR contact after the 2026-10-03 refresh.	https://github.com/UnknownAlienHuman/eliot-memory-os/issues/1807#issuecomment-5940027869;https://github.com/UnknownAlienHuman/eliot-memory-os/issues/1878#issuecomment-5927683775	W4
23	1863;1867;1869;1864;1865;1868;973	learning-record durability seam: GovernorComposition::close_attempt_learning, learning_delta_integration::verify_delta_delivery, CanonicalLearningDeltaStore, UserAutomationOperation::DecideImprovementBrief	[]	SPLIT_CHAIN: #1863 is READY on the delta derivation half (hardcoded derived=false plus the orphaned verify_delta_delivery gate); #1867 is WAIT on the brief owner-ingress half and names #1868 as the producer of the named Kernel learning-record mutation/read surface. They meet at one seam: #1868 must land first for #1867, while #1863 needs no Kernel edit and is dispatchable now. #973 holds exclusive scope on eliot-improvement promotion_input.rs/learning_closure.rs; #1864 overlay admission, #1865 activation receipt and #1869 backlog caps are separate. Do NOT let #1863 and #1867 write learning_closure.rs in the same turn.	https://github.com/UnknownAlienHuman/eliot-memory-os/issues/1863#issuecomment-5842992849;https://github.com/UnknownAlienHuman/eliot-memory-os/issues/1867#issuecomment-5912832535	W4
24	1781;1828;1829	bins/eliot-user-broker delivery request line; bins/eliot-host/src/notify_fallback_setup.rs watchdog key record	[]	OWNER_DECISION_AND_SCOPE: #1781 needs the same bins/eliot-notify / bins/eliot-user-broker delivery neighbourhood that #1828 must reach from the notify composition root - both touch the notification delivery path, so if the owner names eliotd or the Operator client as the broker delegator, #1828 must not create a second producer there. #1829 owns the Telegram experiment. The Watchdog fallback-key producer (#1781 leg a) touches bins/eliot-host only and does not overlap any READY row. #1781 is ESCALATE; do not schedule leg (b) until the delegator is named.	https://github.com/UnknownAlienHuman/eliot-memory-os/issues/1781#issuecomment-5892107731	W4
25	1882;1937;1191;1946	LiveSkillWorld live_host_version / live_dependency_set / live_profile_version source; crates/governor/eliot-skill/src/activation.rs::gate_material_use_against	[]	OWNER_DECISION: #1937 owns a canonical host/adapter fingerprint from installation discovery, executable/package hash, version and adapter version - if it lands it may become the only legitimate producer of the two LiveSkillWorld terms #1882 cannot source. #1191 owns the runtime connection of the governed lifecycle whose post-commit observation already feeds SkillCatalogue::note_dependency_change, and #1946 wants the same Material-use gate in the harness path. #1882 is ESCALATE: no writer until the observation owner is named, and #1946 must not create a second staleness source.	https://github.com/UnknownAlienHuman/eliot-memory-os/issues/1882#issuecomment-5928375353	W4
duplicate ownership	1686|1691	bins/eliot-kernel/src/shutdown_drain.rs	-	DUPLICATE_OWNERSHIP	https://github.com/UnknownAlienHuman/eliot-memory-os/issues/1686#issuecomment-5825252652 ; https://github.com/UnknownAlienHuman/eliot-memory-os/issues/1691#issuecomment-5946030042 -- both extend the SAME owner ShutdownDrainCoordinator, share the same symbols and the same caller KernelComposition::shutdown, and neither produces an output the other consumes; #1691's 2026-10-02 FAIL lists #1686's same gaps, so one owner must take defects 2, 3 and 5	CB
producer->consumer	1686|1691	Kernel DrainCommitDecision -> Host journal	-	PRODUCER_CONSUMER	https://github.com/UnknownAlienHuman/eliot-memory-os/issues/1686#issuecomment-5825252652 -- the one genuine handoff between the two claims is owned by NEITHER: zero DrainCommitDecision hits under bins/eliot-host, so the producer and the journal adapter both lack an owner	CB
duplicate ownership	1773|1957	CapabilityRouteRegistry::admit_route and commit_production_observation in the SAME capability registry module (exact file path not named in REVIEWED)	-	DUPLICATE_OWNERSHIP	https://github.com/UnknownAlienHuman/eliot-memory-os/issues/1773#issuecomment-5856977320 ; https://github.com/UnknownAlienHuman/eliot-memory-os/issues/1773#issuecomment-5922535395 -- #1957 is the audited sibling writing the SAME file for the SAME absent producer (commit_production_observation has zero callers, CapabilityProbeResult has ZERO .rs hits); one writer	CB
shared file	1733|1734	bins/eliot-kernel/hot-path.toml, bins/eliotd/hot-path.toml	-	SHARED_FILE	https://github.com/UnknownAlienHuman/eliot-memory-os/issues/1733#issuecomment-5947597348 ; https://github.com/UnknownAlienHuman/eliot-memory-os/issues/1734 -- #1733 owns the two manifests plus the hot_spine_membership union and the residual binder gap (bins/eliotd/hot-path.toml has NO runtime loader); #1734 names the #1733 manifest pair as its already-landed prerequisite, so both issues write the same two files	CB
producer->consumer	1733|1734	HotPathStageSet / correlate_operation / resolve_operation_evidence stage records -> qualifies_manifest and hot_path.rs::hot_spine_membership	-	PRODUCER_CONSUMER	https://github.com/UnknownAlienHuman/eliot-memory-os/issues/1734 -- #1734 produces the six hot_path_profile_ref slots and the stage records at real boundaries that #1733's qualifies_manifest gate reads; all six slots are empty today so qualifies_manifest would refuse	CB
shared file	1699|1702	agent_fabric.rs (agent_fabric_prepare_swarm_definition_admission and its three siblings)	-	SHARED_FILE	https://github.com/UnknownAlienHuman/eliot-memory-os/issues/1699#issuecomment-5844575959 ; https://github.com/UnknownAlienHuman/eliot-memory-os/issues/1702 -- both rows independently record that the same enforcement symbols have ZERO production callers and that the only call sites are internal to agent_fabric.rs; one runtime caller must wire both	CB
spurious-wait	1683|1767	- (zero shared files or types)	-	SPURIOUS_WAIT	https://github.com/UnknownAlienHuman/eliot-memory-os/issues/1683#issuecomment-5825394139 ; https://github.com/UnknownAlienHuman/eliot-memory-os/issues/1683 -- the recorded reciprocal wait between #1683 and #1767 is SPURIOUS, zero shared files or types, and should be struck; #1683's only real gate is the non-test ProviderAdmissionReceipt construction site	CB
spurious-wait	1876|1773	capability-registry output commit_production_observation / CapabilityProbeResult	-	SPURIOUS_WAIT	https://github.com/UnknownAlienHuman/eliot-memory-os/issues/1773#issuecomment-5922535395 -- the plan's #1876 note attributing a capability-registry output to #1773 is a STALE planning artifact; #1876 owns a handshake reject, not this registry	CB
spurious-wait	1688|1689	evaluate_trigger and its eliotd caller	-	SPURIOUS_WAIT	https://github.com/UnknownAlienHuman/eliot-memory-os/issues/1689#issuecomment-5854728692 -- the recorded #1688 dependency is spurious, evaluate_trigger and its eliotd caller are already live on main, and the remaining assessment-drain join is consumer wiring that is READY	CB
spurious-wait	8|1746	role_lease in bins/eliotd/src/task_binding_admission.rs / TaskSelectionEvidence	-	SPURIOUS_WAIT	https://github.com/UnknownAlienHuman/eliot-memory-os/issues/1746 ; https://github.com/UnknownAlienHuman/eliot-memory-os/issues/1790 -- NOT blocked by #8 (that reciprocal wait is spurious); role_lease has zero occurrences in this issue's file and the TaskSelectionEvidence contract carries no role lease; explicitly NOT #1943 either	CB
producer->consumer	1732|1110	admitted GrantRevocationRequest from authenticated ingress -> revocation-aware compile in crates/eliot-engine/src/context.rs (revoked_handles_for_compile, Problem::open_for_revocation, effect_dispatch_blocked)	-	PRODUCER_CONSUMER	https://github.com/UnknownAlienHuman/eliot-memory-os/issues/1732#issuecomment-5847449592 -- BLOCKED BY #1110, which must produce the admitted GrantRevocationRequest; today the revocation-aware compile exists only in the LegacyFrozen deprecated eliot_context facade with an EMPTY revoked set, and a resumed revocation stays PENDING because GetAuthorityRevocationHistory has no consumer triple	CB
producer->consumer	1746|1790	OnboardingReadinessReceipt (sole ctor reachable only through the uncalled drive_cold_start_for_event) in bins/eliotd/src/task_binding_admission.rs	-	PRODUCER_CONSUMER	https://github.com/UnknownAlienHuman/eliot-memory-os/issues/1746 ; https://github.com/UnknownAlienHuman/eliot-memory-os/issues/1790 -- the single blocking symbol is named by the code itself; all six W-item validators are already implemented there but classify_canonical_operation, admit_bootstrap_context, require_material_bootstrap_for_task_bound and revalidate_dispatched_binding are zero-caller because the receipt is never produced	CB
producer->consumer	1741|325	CanonicalVerifierPlanState::Decided and TaskContractAcceptanceRecord (task_contract_acceptance_record_request) -> produce_finish_evidence	-	PRODUCER_CONSUMER	https://github.com/UnknownAlienHuman/eliot-memory-os/issues/1741#issuecomment-5946714940 -- exactly two owner-issued inputs have no production writer, both named as #325's symbols: zero struct literals for either, and CanonicalPlanBinding::new always defaults to Undecided so produce_finish_evidence refuses; KernelExecutionManifest was checked and is a DIFFERENT plane	CB
producer->consumer	1740|1701	coordinate envelope producer consume_admitted_solo_coordinate (six of seven discriminators have no owner path)	-	PRODUCER_CONSUMER	https://github.com/UnknownAlienHuman/eliot-memory-os/issues/1740#issuecomment-5825261197 ; https://github.com/UnknownAlienHuman/eliot-memory-os/issues/1740 -- the code-side leg is owned by #1701 over #1678; consume_admitted_solo_coordinate has zero callers and the four Production* ports refuse typed (Missing/MissingPrerequisite)	CB
producer->consumer	1740|11	stage_gates.operational_spine_proof_1_ref (OSP1 accepted run)	-	PRODUCER_CONSUMER	https://github.com/UnknownAlienHuman/eliot-memory-os/issues/1740#issuecomment-5835422412 -- OSP1 accepted run is unpopulated and #11 is closed while its body says NOT_ACCEPTED; the label parked:after-osp1 is still applied with no removal event and code-complete was explicitly RETRACTED	CB
producer->consumer	1768|1759	governed Problem registration -> ResearchDebtRegistrationRequest -> the existing Governor PreparedTransition	-	PRODUCER_CONSUMER	https://github.com/UnknownAlienHuman/eliot-memory-os/issues/1768#issuecomment-5848408382 -- no caller turns ResearchDebtRegistrationRequest into the Governor PreparedTransition, so is_pending is permanently true and canonical_write_authorized is documented as always-false; BLOCKED BY #1759 for the governed Problem registration	CB
producer->consumer	1768|1765	enforcing release consumer for release_gate's research_debt refusal	-	PRODUCER_CONSUMER	https://github.com/UnknownAlienHuman/eliot-memory-os/issues/1768#issuecomment-5924224873 -- the gate is asked only by report_admitted_inquiry, whose own doc says it is a renderer that does not refuse the run or change the exit code, so an open debt PRINTS but does not BLOCK any release; BLOCKED BY #1765 as the enforcing release consumer	CB
producer->consumer	1776|1137	ELIOT_OPERATOR_ENDPOINT producer and the operator.launch Kernel-side handler	-	PRODUCER_CONSUMER	https://github.com/UnknownAlienHuman/eliot-memory-os/issues/1776 ; https://github.com/UnknownAlienHuman/eliot-memory-os/pull/4084 -- git-grep-confirmed: ELIOT_OPERATOR_ENDPOINT has ZERO producers and operator.launch has NO Kernel-side handler, so the live WinUI 3 client cannot be dispatched; BLOCKED BY #1137	CB
producer->consumer	1776|1135	readable ControlBoardView for the client plus the MSIX/Appx packaging surface	-	PRODUCER_CONSUMER	https://github.com/UnknownAlienHuman/eliot-memory-os/issues/1776 ; https://github.com/UnknownAlienHuman/eliot-memory-os/pull/4084 -- the client reads NO ControlBoardView (14 divergent nav tags vs I11.2 sections) and no MSIX/Appx exists while WindowsPackageType=None is receipt-pinned in two release scripts; BLOCKED BY #1135	CB
shared file	1776|2643	BOTH M-OPERATOR #2643 write files in the WinUI/operator area (exact paths not named in REVIEWED)	-	SHARED_FILE	https://github.com/UnknownAlienHuman/eliot-memory-os/issues/1777#issuecomment-5948025030 ; https://github.com/UnknownAlienHuman/eliot-memory-os/issues/1776 -- this area contains both M-OPERATOR #2643 write files, so it must not be dispatched until #2643 lands; scheduling gate, not a code dependency	CB
producer->consumer	1692	per-family MaintenancePolicyEvidence (revision/digest), MaintenanceRouteEvidence satisfying is_service_safe, and a readable current broker registration/lease observation	-	PRODUCER_CONSUMER	https://github.com/UnknownAlienHuman/eliot-memory-os/issues/1692#issuecomment-5794958949 ; https://github.com/UnknownAlienHuman/eliot-memory-os/issues/1692#issuecomment-5825254967 -- WAIT: all three inputs must be published by real owners before anything may be built; today only UNPUBLISHED exists and the catalog holds UNRESOLVED_POLICY_MODE=Off, route_available is always false, and authenticated_session_available is a literal false. No doc names the per-family policy publication surface (MISSING-CONTRACT) and #1693 is NOT the owner	CB
producer->consumer	1694|1688	evaluate_trigger (live in eliotd) -> maintenance_trigger_intake route and TriggerIntakeOwnerBindings	-	PRODUCER_CONSUMER	https://github.com/UnknownAlienHuman/eliot-memory-os/issues/1694#issuecomment-5794959607 -- the trigger is already produced and live under #1688's evaluator but dies at a diagnostic instead of feeding admit_maintenance_trigger_intake; nothing in eliotd constructs a KernelStoreGateway or sends the intake, and TriggerIntakeOwnerBindings is constructed nowhere	CB
producer->consumer	1694|1693	maintenance policy catalog value required by admit_maintenance_trigger_intake	-	PRODUCER_CONSUMER	https://github.com/UnknownAlienHuman/eliot-memory-os/issues/1692#issuecomment-5825254967 -- #1693's catalog already exists and merely delegates the value; #1693 owns neither the unpublished evidence inputs nor the policy publication surface, so it cannot unblock #1694 on its own	CB
producer->consumer	1687|3980	crates/eliot-app/src/config.rs::load_config GovernorConfig output -> the dispatched M-LEGACY #3980 READ ONLY consumer	-	PRODUCER_CONSUMER	https://github.com/UnknownAlienHuman/eliot-memory-os/pull/5009 ; https://github.com/UnknownAlienHuman/eliot-memory-os/issues/3980 -- a shared GovernorConfig output, NOT a shared file; legacy_governor_config.rs no longer exists on main (deleted in a4283d75a) and eliotd is the sole runtime.toml reader	CB
producer->consumer	1696|1856	per-object migration ledger rows	-	PRODUCER_CONSUMER	https://github.com/UnknownAlienHuman/eliot-memory-os/issues/1696#issuecomment-5825257640 -- deletion is NOT done because the ledger records that no replacement owns any object yet; all four legacy crates are still workspace members and the release bundle still registers package='eliot-app', binary='eliot-governor'	CB
producer->consumer	1696|1719	Governor retirement receipt	-	PRODUCER_CONSUMER	https://github.com/UnknownAlienHuman/eliot-memory-os/issues/1696#issuecomment-5825257640 ; https://github.com/UnknownAlienHuman/eliot-memory-os/issues/1696#issuecomment-5795024419 -- the issue's own gate (an accepted current-owner replacement approaching removal) is unmet for every package; the 132/149 ignore census was independently re-measured and CONFIRMED on this SHA	CB
producer->consumer	1696|1689	end_of_activity assessment consumed by the retirement path	-	PRODUCER_CONSUMER	https://github.com/UnknownAlienHuman/eliot-memory-os/issues/1696#issuecomment-5795024419 ; https://github.com/UnknownAlienHuman/eliot-memory-os/issues/1689 -- assess_end_of_activity has ZERO production callers repo-wide, no Store/Governor persistence route exists, and the drain side does not consume it	CB
producer->consumer	1696|1692	maintenance policy publication inputs	-	PRODUCER_CONSUMER	https://github.com/UnknownAlienHuman/eliot-memory-os/issues/1696#issuecomment-5795024419 ; https://github.com/UnknownAlienHuman/eliot-memory-os/issues/1692 -- #1692 is a named blocker of the retirement gate and is itself WAIT on three unpublished evidence inputs	CB
shared file	1719	Get-FrontDoorBridgePlan param default resolved before Resolve-GovernorDisposition in the front-door bridge script	2956	PR_OVERLAP_STILL_NEEDED	https://github.com/UnknownAlienHuman/eliot-memory-os/issues/1719#issuecomment-5847033855 ; https://github.com/UnknownAlienHuman/eliot-memory-os/pull/2956 -- the single non-absorbed defect is default selection; open draft PR #2956 already fixes exactly this, land it and do not re-implement	CB
PR overlap	1724	the recipe representation: ContextEconomyReceipt / ActiveUnderstandingView producers vs the live CampaignLearningStateView under a DIFFERENT LearningStateViewRecipe	4495	PR_OVERLAP_OBSOLETE	https://github.com/UnknownAlienHuman/eliot-memory-os/issues/1724#issuecomment-5955188134 ; https://github.com/UnknownAlienHuman/eliot-memory-os/pull/4495 -- PR #4495 is CLOSED AND UNMERGED, a coordination conflict and not absorbable source; the concrete thing to reconcile is the two recipe representations	CB
PR overlap	1725	headroom.rs (byte-identical to PR #4495's; already on main via PR #4568 0db84140d and PR #4822 bd9cffd4e)	4495	PR_OVERLAP_OBSOLETE	https://github.com/UnknownAlienHuman/eliot-memory-os/issues/1725#issuecomment-5918725957 ; https://github.com/UnknownAlienHuman/eliot-memory-os/pull/4495 -- PR #4495 is OBSOLETE as a whole, do not merge it; the residual is the whole-unit allocation algorithm (validate_admitted_section has ZERO non-definition call sites)	CB
PR overlap	1754	the watchdog intent wire builder (watchdog.redb spool path)	3049	PR_OVERLAP_OBSOLETE	https://github.com/UnknownAlienHuman/eliot-memory-os/issues/1754 ; https://github.com/UnknownAlienHuman/eliot-memory-os/pull/3049 -- main already carries a stronger private builder and #3049 would add a second divergent wire builder	CB
PR overlap	1699	eliot-swarm/tests/disposition.rs::no_production_binary_selects_the_crate vs bins/eliotd/Cargo.toml	3049	PR_OVERLAP_OBSOLETE	https://github.com/UnknownAlienHuman/eliot-memory-os/issues/1699#issuecomment-5846084835 ; https://github.com/UnknownAlienHuman/eliot-memory-os/pull/3049 -- the #3049-era disposition assertion now contradicts the live binary selection and would fail; repair the stale assertion to match the live state rather than restoring the PR	CB
PR overlap	1771	the four post-merge-review gaps in the supervision-mode and profile-root owner	2369	PR_OVERLAP_ABSORBED	https://github.com/UnknownAlienHuman/eliot-memory-os/issues/1771#issuecomment-5825266865 ; https://github.com/UnknownAlienHuman/eliot-memory-os/pull/2369 -- all four gaps are repaired on this SHA: select_profile_roots has real production consumers, the resolved binding threads into Host retained leases and Kernel startup binding, all three supervision modes execute, and into_installation_roots forwards both user roots	CB
PR overlap	1191	bins/eliotd/src/controlboard_adapters.rs, crates/surfaces/eliot-agent-bridge-core/src/lib.rs, bins/eliotd/src/daemon_runtime.rs, crates/governor/eliot-governor/src/composition.rs	2369	PR_OVERLAP_STILL_NEEDED	https://github.com/UnknownAlienHuman/eliot-memory-os/pull/2369 -- rebase onto whichever lands; #2369 is draft WIP and must not be treated as a base	CB
PR overlap	895	bins/eliot-kernel/src/lib.rs	4490	PR_OVERLAP_STILL_NEEDED	https://github.com/UnknownAlienHuman/eliot-memory-os/pull/4490 -- all four PRs (#4490/#3869/#3811/#3812) still need lib.rs; #895 keeps lib.rs registration-only and adds no second mod or include! copy; #2369 is obsolete for this seam	CB
PR overlap	990	crates/storage/eliot-store-api/src/write_admission.rs module doc table	4490	PR_OVERLAP_STILL_NEEDED	https://github.com/UnknownAlienHuman/eliot-memory-os/pull/3812 -- #4490 touches store_gateway.rs outside #990 scope; #3812 adds four mailbox doc rows and #3811 one integration_candidate row, so merge after #990 closure with additive rows only and no rebase of #990 symbols	CB
PR overlap	897	bins/eliot-kernel/src/front_door_driver.rs, bins/eliot-kernel/src/frame_dispatch.rs	4490	PR_OVERLAP_STILL_NEEDED	https://github.com/UnknownAlienHuman/eliot-memory-os/pull/4490 -- #4490's send_checked hunks are disjoint from diagnostics but share the physical file, whose scope is under escalation; serialize after the owner scope decision	CB
PR overlap	1110	bins/eliot-kernel/src/daemon_request_dispatch.rs	2369	PR_OVERLAP_STILL_NEEDED	https://github.com/UnknownAlienHuman/eliot-memory-os/pull/2369 -- no P-07 lifecycle hunk in any of #2369/#3811/#3812/#3869 (notification/reactive/board wiring, two single-line Store transition validators, reserved-write analysis); merge-order conflict only. This is the file #1110 edits to produce the admitted GrantRevocationRequest for #1732	CB
PR overlap	1147	config/doc-code-conformance.toml	5021	PR_OVERLAP_STILL_NEEDED	https://github.com/UnknownAlienHuman/eliot-memory-os/pull/5021 -- their hunks are append-only under repository_paths.allow_missing; rebase the #1147 writer after them and keep new keys inside [retired_references]	CB
PR overlap	1147	config/doc-code-conformance.toml	4688	PR_OVERLAP_STILL_NEEDED	https://github.com/UnknownAlienHuman/eliot-memory-os/pull/5021 -- second open writer of the same one-writer conformance config alongside #5021	CB
PR overlap	969	docs/code-navigation/PACKAGE_DOCS_INDEX.md, docs/code-navigation/PROTOTYPE_DOCS_INDEX.md	4688	PR_OVERLAP_ABSORBED	https://github.com/UnknownAlienHuman/eliot-memory-os/pull/2500 -- regenerated navigation indexes: regenerate only via python scripts/code_navigation.py and never hand-edit rows the four open doc-sync PRs (#2500/#2453/#4688/#3579) also regenerate	CB
PR overlap	1225	scripts/work_unit_gate/doc_read_evidence.py	4999	PR_OVERLAP_STILL_NEEDED	https://github.com/UnknownAlienHuman/eliot-memory-os/pull/4999 -- the oracle-set extension and the unrelated draft edit the same module; ONE_WRITER sequencing required	CB
PR overlap	975	bins/eliot-store-surreal/src/lib.rs, crates/storage/eliot-store-surreal-adapter/src/backup_restore.rs	3869	PR_OVERLAP_OBSOLETE	https://github.com/UnknownAlienHuman/eliot-memory-os/pull/3869 -- every backup-named hunk in #3869 is actually bins/eliot-host/src/backup_config_projection.rs (the #983 Host projection, v2->v3 digest pin); it supplies no #975 backup-edge code and no remaining #975 hunk	CB
PR overlap	1213	bins/eliot-kernel/src/host_request_route.rs	3869	PR_OVERLAP_STILL_NEEDED	https://github.com/UnknownAlienHuman/eliot-memory-os/pull/2369 -- both #2369 and #3869 rewrite the file but neither adds a controlboard arm; whoever lands branch A owns the file	CB
PR overlap	1108	bins/eliotd/src/lib.rs	3869	PR_OVERLAP_STILL_NEEDED	https://github.com/UnknownAlienHuman/eliot-memory-os/pull/2369 -- three open PRs (#3766/#2369/#3869) edit lib.rs and are serialized; no hunk in any of the three reaches the solo/provider-admission region	CB
PR overlap	985	bins/eliot-host/src/lib.rs, journal_append.rs, backup_config_projection.rs, backup_preparation.rs	3869	PR_OVERLAP_STILL_NEEDED	https://github.com/UnknownAlienHuman/eliot-memory-os/pull/3869 -- 236 stale markers and two new source files; re-digest the table AFTER those PRs merge, not before	CB
PR overlap	1146	crates/foundation/eliot-test-support/Cargo.toml, crates/foundation/eliot-test-support/module.toml	3869	PR_OVERLAP_ABSORBED	https://github.com/UnknownAlienHuman/eliot-memory-os/pull/3869 -- the execution_contour/runtime_class hunk and the module.toml addition are already byte-identical on main, so the relevant hunk needs no re-landing	CB
PR overlap	1136	bins/eliot-dreamer/src/lib.rs, bins/eliot-dreamer/src/dispatch_stage.rs	3869	PR_OVERLAP_STILL_NEEDED	https://github.com/UnknownAlienHuman/eliot-memory-os/pull/3869 -- #3869 edits run_admitted_pipeline/dispatch_curation/dispatch_admitted; #1136 must not touch those hunks	CB
PR overlap	981	bins/eliot-host/src/journal_append.rs	3869	PR_OVERLAP_OBSOLETE	https://github.com/UnknownAlienHuman/eliot-memory-os/pull/3869 -- main already performs that split via journal_append/readiness_append.rs and the PR touches none of the nine observation helpers	CB
PR overlap	1067	crates/foundation/eliot-bootstrap/src/capture.rs; bins/eliot-kernel/src/frame_dispatch.rs, bins/eliot-native-worker/src/kernel_admission_client.rs	5021	PR_OVERLAP_STILL_NEEDED	https://github.com/UnknownAlienHuman/eliot-memory-os/pull/5021 -- #5021's capture.rs hunks are doc-comment/conformance only and #2369 contains no CURRENT_* normative-pair hunk, so order does not matter and #1067 needs no consumer edit	CB
PR overlap	1143	cognitive-donor-map.toml, scripts/verify-cognitive-donor-dispositions-816.py	3869	PR_OVERLAP_ABSORBED	https://github.com/UnknownAlienHuman/eliot-memory-os/pull/3869 -- base-identity refactor absorbed; re-read the map base after it lands before editing any disposition row	CB
historical dependency group pairing is WRONG: not #8/#1746	8;1746;1790	eliot_governor::ColdStartSurfaceView -> BridgeRunner::note_owner_surface (bridge owner-surface transport)		recorrected_to_8_1790	BLOCKERS-AUDIT.tsv row 8 records a reciprocal whole-issue wait with #1746. #1746's body says Reuse #8's response and names #8's bootstrap response producer among its own files, so #1746 consumes #8 rather than producing what #8 needs. The real producer is open #1790, whose own comments name the same two blockers.	OR
#18 current-owner MCP tool family and catalog emitter absent	18;7;19;203	eliot_operator_* / codex_controller / eliot-mcp-catalog-v2 emitter; MCPB manifest declares server/eliot-agent-bridge.exe	2956;3869;4240;2369	needed_waits_2968_2892	MISSING-CONTRACT I07-06 verified silent. Six Disposition::ExtractToCurrentOwner rows remain in crates/eliot-app/src/disposition.rs; PR #2956 needs a rebase (cut against ~line 2969, main now ~4271); #3869 and #4240 both pin integrations/agent-runtimes/host-bundle.manifest.json.	OR
legacy store contour retirement	19;18;3980	crates/eliot-store/src/surreal_server.rs, canonical_store.rs, control_wal.rs	3869;3811;3812;4490;2956	one_writer_conflict_with_PLAN_row_1	PLAN row 1 (#3980 M-LEGACY, READY) is selected to edit exactly the file #19's W1/A1 retirement would rewrite. #4490 is the Kernel ORS side of A3; #2956 is release-side evidence for the legacy contour and must be sequenced with #18.	OR
A8 erasure oracle	19;3811;3812	crates/storage/eliot-store-surreal-adapter/src/apply/read_boundary.rs	3811;3812	needed_after_them_one_writer	The stale unit oracle is real (read_boundary.rs returns Err(StoreError::Unavailable) on ErasureSuppression::Unknown while the in-file test expects a closed empty pack), but two open PRs write that exact file.	OR
Kernel activation owner file	203;66;204	bins/eliot-kernel/src/agent_bridge.rs		needed_one_writer	#203 names agent_bridge.rs as exclusive scope; #66 anchors at activation_result_response_frame (:1684) and canonical_activation_denial (:46) in the same file.	OR
daemon activation projection	66;839	bins/eliotd/src/lib.rs::DaemonComposition::map_activation_outcome		absorbed_for_66	#839 is OPEN but its objective is already on main - resolve_activation_outcome is called at lib.rs:2320 and the legacy resolver name survives only as a negative assertion in a test.	OR
open draft PR #2369 unreadable diff	66;203;7;8;22;223;2899	bins/eliot-agent-bridge/src/{lib,main}.rs, bins/eliotd/src/{lib,daemon_runtime}.rs, crates/governor/eliot-governor/src/composition.rs, bins/eliot-kernel/src/lib.rs	2369	unknown_active_competing_writer	gh pr diff 2369 returns HTTP 406 (>20000 lines) or empty on every attempt by six separate reviewers. It is a concurrent writer on files in the #7/#8/#66/#203/#223 write sets and must be treated as an active claim.	OR
process-evidence durable source composition	267;269;271;297;456;844;1812	crates/kernel/eliot-process/src/stream_sink/port.rs::ProcessStreamSinkClient -> BlobStoreStreamSink -> WindowsProcessExecutor::new_with_stream_sink	3024;2369	port_present_composition_absent	The port and adapter exist on main but new_with_stream_sink has zero callers (git grep returns only its definition) and BlobStoreStreamSink is never constructed outside crates/storage/eliot-blob, so no release-reachable path reaches a durable source. PR #3024 (draft) is NOT absorbed: base still carries permits_transition_to with Retired absorbing and the pre-change derive on ProcessStreamRecoveryProjection.	OR
process-evidence one-file co-writer	267;297	crates/storage/eliot-blob/src/stream_sink.rs		collision_confirmed_one_writer	git log on that file interleaves #267 commits with #297 commits, and #267's own comment says the cluster ведёт один писатель. #267's handoff comment assigns the append-only staged object to #297 but it is unimplemented.	OR
F-STU measurement chain	866;783;787;878;880;868	the frozen context-measurement estimator inventory consumed by four migration issues		producer_866_blocks_consumers	#783 says migrate FROM THE FROZEN INVENTORY and #787 says FROM the frozen estimator inventory; #878/#880 migrate the same crates/eliot-engine consumers as each other. The chain must be resolved by #866 naming the exact inventory artifact and freeze digest mechanism before any consumer card is written.	OR
agent-contracts sibling ownership	228;369;370;371;1709	crates/agent/eliot-agent-api/src/{lib.rs,route_receipts.rs,host_event.rs} CONTRACT_VERSION v8 and the generated serde boundary fixture	2369;3869;4599	serialize_one_writer_per_file	#369/#370/#371 all read-modify lib.rs:99 CONTRACT_VERSION; only one writer may bump it. shipped_serde_boundaries.toml is generated by scripts/serde_boundary_inventory.py and must be regenerated after any agent-api schema change.	OR
capability registry ActualRouteReceipt name collision	369;228	crates/governor/eliot-governor/src/route_registry.rs::ActualRouteReceipt vs crates/agent/eliot-agent-api/src/route_receipts.rs		needs_explicit_merge_or_retain_distinct_row	Two public types named ActualRouteReceipt with different semantics (RuntimeRoute/ObservedRoute/RouteBehaviorFingerprint vs route_receipts) and one production consumer at bins/eliot-agent-bridge/src/lib.rs:5371.	OR
shared serde boundary fixture regeneration	88;228;369;370;371	crates/foundation/eliot-contracts/tests/data/shipped_serde_boundaries.toml		must_regenerate_not_hand_edit	Header says Generated by scripts/serde_boundary_inventory.py sync; do not hand-edit. Any retained-field addition to a shipped serde type pins new span/file digests; the DaemonSupervisionCurrentState row is already needs-repair/UNASSIGNED/BLOCKED.	OR
cue family - two distinct CueKind types	246;835;706	crates/smart/eliot-cue-contracts::CueKind vs crates/eliot-types CueKind (already LegacyCueKindV1)		disjoint_by_construction	eliot-cue-contracts/Cargo.toml has no eliot-types dependency, pinned by a test asserting the crate is defined once without that dependency. The ledger text in crates/smart/eliot-cues/disposition.module.toml still attributes the removal to #246/#835/#706 while the line now re-exports the owner type only - a wording seam for the #835/#706 reviewers.	OR
watchdog export driver	458;1754;3049;738;889	bins/eliot-watchdog/src/watchdog_spool/export_driver.rs	3049	obsolete_for_458_rescope_1754	PR #3049's two public builders have 0 hits on main; their role is already filled by main's private intent_batch_payload/intent_batch_submission/acknowledgements_from_kernel_outcome wired into a production impl WatchdogIntentSink on the live tick. Two residual deltas (strict deny_unknown_fields DTOs, governor_unavailability_code) belong to #1754. #3049 is CONFLICTING and must not be rebased into a #458 card.	OR
named-pipe namespace - SECOND owner	726;791;789	crates/kernel/eliot-ipc/src/lib.rs::validate_pipe_name (own const PREFIX) vs crates/foundation/eliot-protocol/src/pipe_name.rs::EliotPipeOwner	3869	two_tables_must_be_reconciled	#726's own boundary is no second namespace catalogue, which cannot hold while #791 owns a second table with an independent component whitelist in eliot-ipc. Both crates' test-only adversarial pipe rows must be classified in the #726 frozen denominator.	OR
Host recovery cleanup location undecidable in scope	448;1691;1686;4599	bins/eliot-host/src/{runtime_restart_state.rs,store_recovery_persistence.rs,host_composition_store_recovery.rs,lib.rs} and bins/eliot-kernel/src/shutdown_drain.rs::durable_replace	4599;3869;2369	escalate_location_decision	AUD1's repair site lib.rs:8805/:8808 gates the only production persist_runtime_restart_receipt call; PR #3869 and #2369 both write lib.rs (one-writer hazard). AUD2's is_fenced() Unknown at hcsr.rs:800-812 has no open PR. durable_replace is a Kernel path outside #448 scope: PR #4599 replaces File::open(destination)?.sync_all()? with a read+write handle and its hunk comment states Windows FlushFileBuffers requires a writable handle.	OR
durable_replace read-handle flush	448;1691;1686	bins/eliot-kernel/src/shutdown_drain.rs::durable_replace	4599	needed_not_absorbed	At b7e9e3345 durable_replace is still File::open(destination)?.sync_all()? with the parent-directory sync under #[cfg(unix)] only. Established by three independent static sources: the code shape, the Microsoft FlushFileBuffers requirement that the handle have GENERIC_WRITE, and PR #4599's own hunk comment. #448 does not own it (Kernel path, excluded by its non-goal).	OR
storage-exhaustion classification owner	864;876;297;862	crates/storage/eliot-blob/src/stream_sink.rs::map_blob_error vs legacy crates/eliot-store write path		verify_before_any_876_card	map_blob_error maps every non-integrity BlobError to ProviderUnavailable, which bears on whether capacity exhaustion is classified rather than flattened - must be checked by the #864 reviewer. #876 is the legacy eliot-store contour that #18/#19 are retiring, so new work there may land in a subsystem scheduled for retirement.	OR
provider class enum reissue-or-retire	196;261;262;829;830	a real closed enum in crates/smart/eliot-context-contracts/src/identity.rs, or an explicit retirement row; MemoryContextProjectionRequest	5021	blocking_no_owner_found	Freeze [[family_disposition]] F6 and F5 both name owning_task as the cognitive-wave integrator and are implemented by no open issue. GoalTask/AuthorityAffordance/MemoryRecall have zero repository occurrences; MemoryContextProjectionRequest has never existed in Rust.	OR
cognitive freeze vs challenges registry disagreement	196;262;261;223	crates/smart/cognitive-contract-challenges.toml rows vs crates/smart/cognitive-rev12-contract-schema-freeze.toml [[challenge_closure]]		two_authority_files_disagree	The registry reads status OPEN_PROVIDER_CONFORMANCE for CC-MEMORY-PROJECTION-SCHEMA, CC-FAILURE-OBSERVATION-SCHEMA and CC-PROVIDER-CONTRIBUTION-SCHEMA while the freeze's challenge_closure rows for the same challenges read CLOSED_BY_OWNER_CONTRACT. The registry is the one read by the gate.	OR
stale package freeze pins	223;262;196	six FREEZE_ID constants still at r8/r5 while the authority freeze is r12		independently_dispatchable_once_owner_answers	r8 at eliot-experience-projection, eliot-dreamer-self-query, eliot-epistemic-context-provider, eliot-cognitive-quality, eliot-understanding-assessment; r5 at eliot-experience-provider, whose own module.toml donor note argues for keeping r5. Re-pin-or-keep is an owner decision, not derivable from code.	OR
eliot-context-assembly test arity break blocks every acceptance run	223;196;1027;1725	crates/smart/eliot-context-assembly/src/assemble.rs::assemble_active_view signature vs its three test targets	4495	open_defect_on_main_blocks_runs	assemble.rs:524 takes six parameters (admitted, recipe, approved, quality, policy, measure) while tests/assembly.rs, tests/learning_gate_1869.rs and tests/learning_overlay_1864.rs each pass five and contain zero occurrences of approved or ResolvedContextRecipe. fe7ef391b (#1869, still OPEN) added the parameter and touched six src files and zero tests files. PR #4495 does not repair it.	OR
retired donor crates must not be reintroduced	39;251;246;40;816	crates/smart/cognitive-donor-map.toml rows enforced by scripts/tests/test_cognitive_topology_contract.py	3869;5021;2369;4495;4599	obsolete_hunks_absorbed_rows_unchanged	PR #3869 rewrites only the three base SHAs (to 569bf807, an ancestor of main's 212db3db) plus a comment; PR #5021's freeze hunks are doc-code conformance wording. Neither touches the #39 rows, the #251 retired-understanding rows, or the #246 cue rows, so neither un-retires anything.	OR
durable governed records vs product-entry ledger	520;250;327	whether routing/inventory state lives in the repository or only in the control directory		unresolved_scope	AGENTS.md names WORKFLOW.md, workstreams/ACTIVE.toml and WORKFLOW.md branch-validity as the authority surface and #327 forbids a new repository report; issue inventories in v2/review live outside the repository, so some bookkeeping issues may have no repository deliverable at all.	OR
diagnostics family shared owner	889;738;740;742;458	the single structured-diagnostics contract and its sinks		889_is_the_foundation_card	#889 is numbered F-LOG-HOST-0 and its title says DEFINE Host structured diagnostics and Windows Event Log sinks, making it the defining card; #738/#740/#742 are the subsystem instances and must not each create a logging stack. #458's residual is test-only and must not add a Host log sink.	OR
work-unit gate tooling already exists	837;852;852;5018	scripts/work_unit_gate/ (incl. doc_read_evidence.py) and scripts/docs_read.py as the mandatory documentation route	4999;2453;5018	reuse_existing_gate_no_second_cli	AGENTS.md makes python scripts/docs_read.py read-with-receipt the mandatory route before mutation, so the completed work-unit gate components are substantially on main. PR #4999 carries a retained REQUEST_CHANGES decision and must not be contradicted or counted as absorbed; PR #2453 is read-only on ROUTES.md/route-rules.toml.	OR
cargo/GitHub-Actions scope boundary	250;764;3004	.github/workflows/	4110	out_of_scope_by_accepted_owner_decision	AGENTS.md: GitHub Actions use workflow_dispatch only, except .github/workflows/ci.yml, the sole automatic compile-only merge check (accepted issue #3004). Any issue whose only remaining work is a workflow file must name the existing local script/just recipe instead. PR #4110 is the accepted #3004 ci.yml change.	OR
OFF foundation is refused, not strengthened	39;246;251;673	assessment/evaluation verdict to release-authority promotion		forbidden_preserved	STITCH-PLAN.md release rule names no fabricated evaluation receipt, no I/O inside the pure assessor and no promotion of package verdict to release authority as forbidden. #673 is in that contested area; #246 preserved a CandidateArtifact proof ceiling via preserve_v1_snapshot_bytes_with_rows for the same reason.	OR
capability-cell registry has no WASM or Store row	21;19;18;2568	scripts/gen_capability_cell_registry.py::CELL_SOURCES plus per-package [package.metadata.eliot] tables		unowned_cardinality_decision	CELL_SOURCES holds exactly two entries (native-worker, research-provider); bins/eliot-wasm-host/Cargo.toml and bins/eliot-store-surreal/Cargo.toml have no [package.metadata.eliot] table, so no storage or wasm cell can be generated. Two independent issues (#21 item 7 one-or-seven; #19 W8 storage cells) both hit this and neither has an owner for the manifest source.	OR
guest toolchain proof gates the first guest package	762;870;764;758;638;21;4495	rust-toolchain.toml targets line plus the clean-checkout wasm32-wasip2 compilation proof	871;2369;4599;4495	870_blocks_762_not_764	#762's body says E-LANE #764 is a later consumer, not a prerequisite; #870's owner comment says case 15 is NOT satisfied and verify-wasm-toolchain.py --probe returned RUSTUP_UNAVAILABLE with no real Rust compilation. #4495 adds recheck_headroom_handoff to the A-18 owner crate #762 must wrap, so it must land or rebase first.	OR
workflow scope boundary excludes two lane cases	764;250;3004;4110	.github/workflows/ and the local just recipes that carry the lane	4110	out_of_scope_cases_deferred	.github/workflows contains only ci.yml, integration.yml, repository-policy.yml, source-candidate.yml at b7e9e3345. #764 case 16/21 and #250's only potential workflow need are deferred to the local just wasm-build/wasm-test recipes and the stdlib-only scripts/verify-agent-host-surfaces.py entrypoint.	OR
agent host-bundle adapter-contract repin blocks the #250 receipt	250;18;19	integrations/agent-runtimes/host-bundle.manifest.json::hosts.opencode.adapter_contract_sha256 vs integrations/opencode/plugin-bridge-contract.json	3869;4240;6023cc261	no_open_owner_found	Manifest declares ffb3fb10... while the actual file hashes to 62db6ba7..., introduced by 6023cc261 (PR #5007). Both #3869 and #4240 carry the same stale value, so merging either does not clear it, and no open issue was found that owns repinning it. This blocks scripts/verify-agent-host-surfaces.py command host-bundles-verify and therefore the whole #250 receipt.	OR
structurally candidate-only result contract is already on main	370;228;325;66	crates/agent/eliot-agent-api/src/lib.rs::ResultDisposition (nine values, no VerifiedComplete) and AgentResult with no effect_receipts		preserve_do_not_rebuild	A test asserts the schema string does not contain VerifiedComplete; ACP maps terminal Completed to DegradedNoProof; FinishService::evaluate returns CallerProofRejected on any caller-supplied completion_proof. #370 is a decomposed child of #228 whose remaining work is reachability, not contract.	OR
provider-runtime driver slice is unowned and blocks three issues	369;370;22;1108;874	a real AcpTransport, a real completed-Codex-turn byte source, and a session/work-item driver for admit_candidate_result	2369	no_verified_owner_escalated	The in-code BLOCKED-BY comments defer to #22 and #874, but #874 is CLOSED and #22's body owns only worker artifact/epoch/process/facet boundaries. This single unowned slice is #369's A4, #370's release condition and #487's execution slice.	OR
typed Finish decision producer is shared by two issues	740;325;2570;1741	a typed FinishDecisionOutcome plus attempt identity at bins/eliotd/src/finish_attempt.rs, and the TaskContractAcceptanceRecord writer		two_open_owners_name_the_same_gap	#740 blocks on #2570 for the daemon-side typed Finish decision; #325 blocks on #1741 for the acceptance-record writer and records that CanonicalVerifierPlanState::Decided has no producer at all. Both A12.3 second-writer prohibitions mean neither can be satisfied by a local fabrication.	OR
model-preference publication is consumed by three swarm issues	485;481;486;501;487	HumanModelPreferencePolicy id/revision/digest on StaffedSlot, checked byte-for-byte by SwarmBoundSlot::check_staffing_pins	2369;4599	produced_now_consumed_later	swarm_staffing.rs:108 takes the policy as caller-filled with no A-02 path reading the owner store, so A-07 slots are staffed from a policy value of unproven provenance until #485's publication is read back. swarm_launch_bind.rs:61-73 names the exact owner read and defers the wiring into bins/eliotd/src/daemon_runtime.rs - the same file as open PR #2369.	OR
admission receipt producer for the swarm chain	486;501;481;487;1678	ProviderAdmissionReceipt plus per-lane AdmittedRouteReceipt plus SwarmSlotAdmission		blocked_on_1678	agent_fabric.rs:4753-4778 names #1678 as the owner. bind_swarm_launch is itself callerless, so #501's live path is also unwired; #501's proof ceiling states it does not prove live WorkLease/StateFence issuance, which is exactly #486's external input.	OR
rev12 freeze byte pin has four coupled consumers	261;223;259;5021	crates/smart/cognitive-rev12-contract-schema-freeze.toml bytes pinned by REQUIRED_FREEZE_DIGEST, CONSUMED_FREEZE_ID, CC-W9-REV12-HANDOFF and scripts/read_freeze_digest.py	5021	one_writer_must_move_whole_chain	verify_freeze_binding compares FREEZE_ID before the digest, so a digest-only move yields FreezeIdDivergence. PR #5021's three one-line edits to that same file are pinned twice and would fail closed at verify_freeze_binding while staling the recorded row - it must land first or be rebased onto the #261 candidate.	OR
one diagnostics owner per partition, four partitions, no shared substrate named	738;740;742;889;984	each partition's package-local src/diagnostics.rs against the workspace tracing substrate		coordinator_must_rule_no_second_stack	#738 as written would install a SECOND subscriber because bins/eliot-watchdog/Cargo.toml has no eliot-observability entry while eliot-observability-runtime::install is already called by eliot-kernel, eliot-store-surreal and eliotd, and bins/eliotd/src/diagnostics.rs already reuses field_policy::looks_like_secret. #984 (OPEN) owns the Windows Event Log sink that #738/#889 correctly refuse to fake.	OR
work-unit descriptor and gate are the shared lever for four F-LOG issues	738;740;742;889;837;852;974;786;708;764	.github/work-unit-cohort.toml numeric descriptor rows and .github/work-units/*.toml		one_release_unblocks_all	The cohort lock at b7e9e3345 reports numeric_descriptors = [], matrix_cases = 0, assigned = 0 with rows only for issues 728/748/750/818/838/839/843/846/859/974/994. Every F-LOG card declares exact marker-to-executed-pass binding as its ONLY completion route, so none can close until #852 commits descriptor rows and #837 lands the binding CLI.	OR
orphan Windows event-log row is shared by two partitions	889;738;984	DiagnosticSink::WindowsEventLog		984_owns_it_others_refuse_to_fake	WatchdogDiagnosticsError::EventLogUnavailable and sink_status return Err for DiagnosticSink::WindowsEventLog with an explicit comment that #984 is still open and unlanded, so this facade has no Event Log sink and must not fake one. #889's own body says Full Host coverage belongs to #985.	OR
canonical measurement inventory is an explicitly INCOMPLETE baseline	866;787;783;878;880;868;704;584	.github/work-units/context-measurement-inventory.toml and scripts/audit-context-measurement-ownership.py		866_is_sole_writer_of_row_schema	The inventory declares candidate_count = 72, unresolved_count = 4, coverage_disposition = INCOMPLETE, coverage_reason incomplete: 4 candidate(s) have no exact-scope owner, and owner_allocations = [#704:9, #783:21, #878:17, #880:21, unresolved:4]. ROW_KEYS is a closed 23-key frozenset enforced by the oracle, so three of #787's acceptance surfaces are unreachable by construction.	OR
single context-measurement owner is already proved, zero competitors	787;704;584;866	struct SerializedContextMeasurement and fn stu_for_bytes/measure_serialized_context		preserve_zero_competitor_confirmed	git grep at b7e9e3345 gives exactly 1 hit for the struct (eliot-context-contracts/src/measurement.rs:114) and 3 for the functions, of which the third is a #866 producer fixture outside the 27 declared scan roots. Production competitors = 0. #787 must not weaken this while waiting on #866.	OR
core-daemon inventory pins a closed issue as its integration owner	520;11;1233;13;88;297	workstreams/core-daemons/inventory.json scope.integration_issue and units[*].owner_issues, pinned by scripts/verify-core-daemon-inventory.py:395		needs_named_successor	#11 closed COMPLETED 2026-09-30T08:10:42Z via PR #4401 with no successor named in any #11 comment (none after 2026-09-27), yet three units and the scope still name it. #520 forbids guessing a successor. A fourth stale copy of the old normative-pair digest also lives in crates/kernel/eliot-kernel-core/src/module/runtime_health.rs::CURRENT_NORMATIVE_PAIR_KEY, and #520 forbids Rust source.	OR
conformance admission exposed a latent clippy defect it did not own	744;971;2631;3101;837;852	crates/foundation/eliot-conformance-contracts/src/self_quality.rs:18 doc_markdown cell and the package [lints] workspace = true inheritance		route_back_to_closed_source_owner	Before admission the package had its own [workspace] and no [lints] table; the admission's required lint inheritance against root clippy pedantic is what made the bare LearningClosure fatal. 73a54b998 (#2631/#3101) repaired code lints and deliberately left the doc line, so this is not a trivially-unblocked local edit.	OR
typed WASM component fixtures vs the real guest package	758;762;764;638;21;870	NEW bins/eliot-wasm-host/tests/data/typed-components/ vs a future crates/smart/eliot-context-assembly-wasm/	4599;2369	parallel_no_shared_file	#758 writes only inside bins/eliot-wasm-host; #762 would create a new guest package. The closest structural precedent on main is crates/smart/eliot-context-compiler-wasm. #764 owns no lane registry row, no Justfile recipe and no buildable guest crate.	OR
agent-bridge host-request port cutover is a handoff freeze, not a code card	342;77;2369;3869;4599	workstreams/core-daemons/assignments/077-agent-bridge-host-request-port.toml and workstreams/surfaces/assignments/077-agent-bridge-kernel-port.toml	2369;3869;4599	four_provable_stale_facts_to_correct_on_release	The TOML claims status_response takes no client (FALSE - it probes client.has_settled_host_operation and check_kernel_binding), that check_kernel_binding returns Ok on an empty replay cache (FALSE - it unconditionally exchanges a health probe frame), that canonical_dispatch_entry routes State/Act/Verify/Coordinate all as SubmitAdmitOnly (FALSE - only Verify is admission-only), and that task_id/work_scope_id are always None (FALSE when activation resolved a binding). Its enum Request list omits 4 of 22 variants and its product_pulse names #11, which is CLOSED.	OR
eight of ninety reviewed issues are blocked on the same eliot-context-assembly test arity break	223;196;1027;1725;4495;1869	crates/smart/eliot-context-assembly/src/assemble.rs::assemble_active_view signature versus its three test targets	4495	open_defect_on_main_blocks_acceptance_runs	assemble.rs:524 takes six parameters while tests/assembly.rs, tests/learning_gate_1869.rs and tests/learning_overlay_1864.rs each pass five and contain zero occurrences of approved or ResolvedContextRecipe. fe7ef391b (#1869, still OPEN) touched six src files and zero tests files. Because cargo aborts a whole invocation on a compile error even with --no-fail-fast, this silently yields zero executed tests rather than an error anyone notices.	OR
process-evidence readback is blocked on a byte-resolution read the Blob owner must add	456;297;267;271;269;844	a locator-addressed source-expansion read yielding BlobReadChunk for a cited locator/ready-receipt pair	3024	narrower_than_the_prior_verdict_said	The prior owner comment said #267 has no production sink client; the sink client API DOES exist on main (ProcessStreamSinkClient, BlobStoreStreamSink, new_with_stream_sink). The real missing output is narrower: ProcessStreamSinkClient::readback is documented never to contain raw stream bytes, and BlobStoreClient::read needs a BlobReadRequest no public API can construct from the locator/receipt pair the process contract carries.	OR
legacy store contour is scheduled for retirement while capacity classification still lives there	876;864;19;18;3980;726	crates/eliot-store write path versus crates/storage/eliot-blob capacity classification		do_not_schedule_new_work_into_a_retiring_subsystem	#876 targets the legacy eliot-store contour that #18/#19 are retiring and that PLAN row 1 (#3980) is already editing. #864 targets the modern BlobStore. PLAN.md M-STORE (#2691) already claims bins/eliot-store-surreal/src/diagnostics.rs for snapshot budget diagnostics, so any #742 Store-bridge diagnostics work must be serialized against it.	OR
eliotd owns no owner-issued identity record in any of five issues	8;18;24;40;43	an owner-issued record or producer for cold-start/orientation/memory/research surfaces		cluster_of_unowned_producers	#1790 (cold start, #8), #2901 (orientation, #40/#41), #19 (storage read, #43), #1136 (admitted job, #40), #1233 (inventory verifier, #520) and I21-11 (research, #24) are six distinct open issues each owning one absent producer. #18's own summary records that eliot_operator_* has zero implementors outside crates/eliot-app, which is the same class of gap at a different layer.	OR
clippy policy order is inverted on main	838;748;839	clippy.toml disallowed-methods policy plus the item-level annotation allocation		mutual_serialization_both_waits	#748 says Start policy activation after accepted #838; #838 says This baseline precedes #748 policy activation; yet #748's clippy.toml (371486a24) is already on main with zero annotations in any .rs, so #838's cases 31/32 can never pass and #748's own case-35 oracle cannot go green. Both issues WAIT on each other's artifact - root must break the cycle by ordering the annotation substep.	OR
seven issues block on the same zero-numeric-descriptor cohort lock	837;852;738;740;742;889;744;786;708;764;870;846;844;783;673;791	.github/work-unit-cohort.toml numeric_descriptors/matrix_cases/assigned and .github/work-units/*.toml		single_gate_blocks_many	The cohort lock at b7e9e3345 declares numeric_descriptors = [], matrix_cases = 0, assigned = 0 with rows only for issues 728/748/750/818/838/839/843/846/859/974/994. Every F-LOG card names exact marker-to-executed-pass binding as its only completion route, and #737/#740/#742/#889 have no row. #852 is the sole writer and is OPEN.	OR
provider-runtime driver unowned, blocks three swarm/agent issues	487;486;369;370;501;22;1108	a production SwarmAdmissionPlanCandidate publisher plus a supervised opencode serve process owner		no_verified_owner	#486 names #1678 for the ProviderAdmissionReceipt; #1678's body is the ORS AdmissionReservation saga and assigns launch wiring to #1701, and never mentions SwarmAdmissionPlanCandidate - BLOCK-MAP's claim that #1678 owns the plan is unsupported. #22 and #1108 own native-process driver slices, not provider adapter transport.	OR
eliot-app test allocation disagrees between the issue body and the frozen inventory	783;866;787	crates/eliot-app/tests/ul_convenience_forms.rs and ul_e_surface.rs versus ul_control_treatment.rs and ul_pyramid_delivery.rs		inventory_precedence_per_issue_rule	#783's body names the latter two files; the frozen inventory's test_paths allocates the former two and #783 says any additional fixture must be explicitly allocated by the frozen inventory before work. The same disagreement exists for the production file count (body says 2, inventory says 8 and 8 were in fact migrated). Body text is stale; the inventory wins, but a controller may prefer to amend the body.	OR
measurement decode path is unreachable from any allocated test file	783;787;787	crates/eliot-app/src/mcp_stdio/measurement_legacy_wire.rs decoders		needs_787_refreeze_or_owner_ruling	That file was created by merged PR #4640 but appears in NO #783 allocation - not in source_paths, not in scan_roots. It holds no cfg(test) module and its decoders are pub(super), so case 24's malformed-input decode assertion is unreachable from the two allocated integration test files. Only #787 can re-freeze the allocation.	OR
erasure orchestration crate was deleted under an open retirement issue	688;1142;3811;3812;3130;3130	crates/security/eliot-erasure/** plus its Cargo.toml/Cargo.lock workspace membership	3542	escalate_owner_ruling	Commit dcc641640 (PR #3542, issue #1142, STILL OPEN) deleted the crate stating its types had no production caller - while #1142's mutable scope still claims crates/security/eliot-erasure/**. That removal also stripped the Cargo/root/lock membership #688's body forbids editing, and #688's store-api grant excludes the algorithm, so no path #688 is granted can host its 15 missing cases. Three divergent surface vocabularies now exist with no owner ruling.	OR
orphaned ordering gate asserts a statement the template no longer renders	688;3130	crates/storage/eliot-store-surreal-adapter/src/apply.rs::erasure_template_ordering		needed_elsewhere	erasure_template_ordering still requires the literal DELETE while erasure_transaction_template renders only TX_ERASURE_INTENT plus TX_ERASURE_SCRUB_AUTHORITY/EVIDENCE plus TX_ERASURE_OUTCOME, so the live #[test] erasure_template_records_intent_before_delete_before_outcome_seal asserts a statement that no longer exists - in a file #688 does not own.	OR
blob capacity cause is flattened at the process-sink boundary	864;297;267;269;456	crates/storage/eliot-blob/src/stream_sink.rs::map_blob_error versus crates/kernel/eliot-process/src/stream_sink/mod.rs::ProcessStreamSinkError		observed_out_of_scope_needs_new_variant	map_blob_error matches only IntegrityMismatch and MetadataPayloadMismatch to EvidenceInvariant and returns ProviderUnavailable from its catch-all arm, so StorageCapacity loses stage, cause, recovery disposition and effect typing. ProcessStreamSinkError has no capacity variant. The collapse is currently LATENT because BlobStoreStreamSink has no consumer outside eliot-blob, and the effect axis is still protected because possible_blob_effect deliberately excludes capacity from the provably-absent set. Fixing it needs a new ProcessStreamSinkError variant owned by eliot-process.	OR
golden request digest literal diverged across three crates	63;3977	ISSUE_63_GOLDEN_CHAIN_DIGEST in eliot-canonical and eliot-store-memory versus the regenerated 21b8b2be store-api literal		needed_one_writer	PR #3977 (eed488c3a) regenerated only the store-api golden and its own comment names eliot-store-surreal-adapter and eliot-store-memory as updated, yet 32d92354 is still live in store-memory lib.rs:7280. The literal was introduced at 3f60670a2 and never modified, while 1ce1c6aaf and 2c22f4b45 each added a view field. This is the same drift-shape as the rev12 freeze pin chain (#261/#223/#259) with a smaller denominator.	OR
cue-kind alias obligation was consumed by its own consumer before the producer closed	706;835;831;804;246	crates/eliot-types/src/ul/cue.rs pub type CueKind alias and its manifest row	2476	obsolete_by_consumption_escalate	Merged 9871e93e (PR #2476) removed the exact transitional alias #706 was required to leave behind, and four main-tree suites now assert the alias is ABSENT. #706 item 13 and paragraph R3 are unsatisfiable as written, and item 31's premise is void because eliot-cue-contracts::CueKind is non_exhaustive with the identical ten variants. Two manifest rows are genuinely red (an unlisted bins/eliotd cue consumer and a stale shipped_serde_boundaries digest count).	OR
named-pipe second owner vs sole-owner requirement	726;791;789	crates/foundation/eliot-protocol/src/pipe_name.rs::EliotPipeOwner versus crates/kernel/eliot-ipc/src/lib.rs::validate_pipe_name		two_tables_must_be_reconciled_or_one_delegates	#726's own boundary is no second namespace catalogue, yet eliot-ipc keeps its own PREFIX constant and 240-byte check. #791's exclusive scope is crates/kernel/eliot-ipc/src/lib.rs, so the two owners overlap semantically with no shared file. An endpoint-owner ruling is needed on eliot\host\runtime-control-v1, which production opens but parse_current rejects.	OR
role_lease local policy must never be hardened into authority by the unsafe audit	791;1943;726	crates/kernel/eliot-ipc/src/lib.rs::role_lease		do_not	role_lease.rs header: a role name never grants authority by itself; Scope: issue #1943. STITCH-PLAN #1943 confirms no owner operation supplies WorkScopePolicy or DelegatedAuthority and that the local policy is not product authority. #791's card must explicitly carry this as a DO NOT so the audit cannot accidentally legitimize it.	OR
test-and-audit markers are the acceptance denominator for sixteen issues	708;738;740;744;764;783;786;791;829;830;837;844;846;858;862;864;870;673	WORK_UNIT_CASE: <issue>/<n> markers consumed by scripts/work_unit_gate/case_binding.py		reuse_existing_gate	#851 (CLOSED) already provides parse_rust_markers, parse_python_markers and reconcile_case_bindings; #850 provides descriptor_runner. #852 owns the immutable descriptor cohort. Precedents exist on main for 706/1..35, 831/1..20, 864/1..22, 862/1..14, 791/1..6 and 673/1..52/55..68. No issue in this batch may create a second marker parser or a second oracle.	OR
four diagnostics partitions share no owner and each owns a package-local module	889;738;740;742	each partition's bins/<pkg>/src/diagnostics.rs against the workspace tracing substrate		premise_refuted_no_shared_foundation	#889 is NOT the shared foundation: each sibling body scopes itself to one package, git grep shows no eliot-host dependency in the watchdog, eliotd or store-surreal manifests, and the only candidate crates (eliot-diagnostic, eliot-observability) are referenced by none of the three bins. But #738 as written would install a SECOND subscriber because bins/eliot-watchdog/Cargo.toml has no eliot-observability entry while eliot-observability-runtime::install is already called by eliot-kernel, eliot-store-surreal and eliotd, and bins/eliotd/src/diagnostics.rs already reuses field_policy::looks_like_secret.	OR
four F-LOG partitions and two of them are READY, one is blocked on a descriptor cohort	742;889;738;740;837;852	WORK_UNIT_CASE markers and the numeric descriptor cohort that binds them		two_ready_two_blocked	#742 (23 cases, no markers) and #889 (11 of 22 markers plus a stale Event Log assertion) are READY and need no descriptor to author their markers. #738 (1 of 18) and #740 (21 of 21 present but cases 9/18 unreachable) are blocked on #852's descriptor rows and #837's binding CLI.	OR
PLAN row 2 M-STORE overlaps the #742 diagnostics file exactly	2691;742	bins/eliot-store-surreal/src/diagnostics.rs, src/lib.rs and src/main.rs	3869	serialized_seam_real_overlap	PLAN.tsv row 2 lists all three of #742's owned sources in #2691's EDIT set for snapshot budget diagnostics. #742's residual is one writer per file, so prefer tests/store_diagnostics.rs (not in #2691's five files) and take the three sources only after an explicit transfer. PR #3869's store-surreal hunks are all already on main, so it needs no merge but does need transfer.	OR
guest toolchain pin is already correct; only the proof was missing	870;762;764;758;638	rust-toolchain.toml targets line and scripts/verify-wasm-toolchain.py Declaration.digest	871	pin_present_proof_absent	rust-toolchain.toml already declares wasm32-wasip2 exactly once with channel 1.97.1, matching I14-19 baseline. What was missing was the 16-case bound proof, which is now a READY card (#870). #762 therefore still WAITs on 870's clean-checkout COMPILATION evidence, not on the pin. scripts/wasm_component_lane.py re-derives its own toolchain/target digest instead of consuming Declaration.digest - recorded, not a blocker.	OR
unsafe-audit siblings share one marker grammar and one oracle, not one file	789;791;726;860;1943	scripts/work_unit_gate/case_binding.py::parse_rust_markers plus ADR 0014 rows		reuse_the_grammar_never_edit_the_parser	crates/kernel/eliot-ipc/tests/unsafe_family_boundaries.rs (#791) already uses the strict bare form with 8 strict-anchored matches and zero tails, and is the in-repo precedent for the exact form #789's cases 13..42 must take. #789 must fix its own markers without touching #791's file and neither may edit case_binding.py to accommodate either. #791's role_lease.rs is a DO NOT: #1943 owns it and a role name must never grant authority.	OR
windows abort-replacement vocabulary is decided by merged owner code, not by docs	860;1148;846;789;791	eliot_platform::GuardRevertOutcome and eliot-platform-windows/src/{installer_root,named_pipe_peer_auth}.rs		wait_on_1148_caller_side	The in-repo #860 handoff comment naming GuardRevertOutcome as the guard's normal-path return is an accepted owner decision; canonical docs I05-27, A00-03, I02-06 and I14-24 are all silent. Separately #846 owns package_staging.rs's Agent Bridge test module while #860's mapper-signature adaptation would land in the same file - a real one-writer collision.	OR
cognition admission wave is one serialized root turn shared by three issues	829;830;836;725;690	root Cargo.toml, root Cargo.lock and both generated code-navigation indexes	2369;4495;2500;2453;4688;4240;3579	single_writer_lane_serialized	T11.md records #830 as the serialized root-admission owner and #830 alone applies the coherent membership/lock/index change after integrator review. #829's own delta is already absorbed on main even though #829 is still OPEN, so it needs closure rather than re-dispatch. Five open PRs carry generated-index hunks and three carry root-lock hunks, so the lane must be free and sole. #690 additionally regenerates both indexes and its index is currently stale.	OR
eliot-engine F-STU allocations are disjoint, correcting the dispatch premise	878;880;787;783;866	crates/eliot-engine/** measurement seams	2369	parallel_on_source_serialize_only_the_final_green_gate	The frozen owner map allocates #880 exactly {memory_distillation, memory_lifecycle, skill, skill_curator plus three measurement-crate paths} and #878 exactly {context.rs, context_contracts.rs, context/packet_quality.rs, host.rs plus the contracts measurement file}; the sets are disjoint, and both worksets record parallel-with on disjoint paths. Their declared verification blocks are both package-wide over the same crate, so only the final green gate serializes. Shared unallocated hot file: crates/eliot-engine/src/error.rs, edited by #878 with no allocation row.	OR
measurement freeze artifact is a stale, incomplete and unproven denominator for four issues	866;783;787;878;880	.github/work-units/context-measurement-inventory.toml and its owner map		producer_must_fix_before_any_consumer_closes	The artifact declares coverage_disposition INCOMPLETE with 4 unresolved rows that no open issue may own, 15 of 72 row source_sha256 values are stale at b7e9e3345, the recomputed header source_sha does not match the committed value, and the producer's own test file asserts schema v1 / rule 866.1 / 31 rows with zero bound cases. #783's workset nonetheless records dispatch_ready = true, so the two authorities disagree.	OR
cue retirement gate is blocked by the descriptor cohort plus four admission inputs	835;706;852;837;3004;829;830;246	scripts/audit_cue_kind_retirement.py gate descriptor and admission inputs		shared_gate_block	The oracle reads .github/work-units/835.toml and four admission/*.json files, none of which exist at b7e9e3345, so all 28 coordinator cases currently fail with admitted input snapshot unavailable. #706 meanwhile is ESCALATE because #835's merged removal already consumed its deprecated-alias obligation and four suites now forbid re-adding the alias.	OR
three inventory generators all use the same frozen-TOML-with-rule-revision pattern	866;885;929;710;2701	a frozen .github/work-units/*.toml read back by its own generator check --root .		reuse_the_pattern_do_not_build_a_fifth	#885's long-lived-collection inventory already uses SCHEMA/RULE_REVISION/DEFAULT_SCAN plus a 30-case suite and a --self-test, exactly like the #866 measurement inventory and the #929 serde-boundary inventory. All three regenerate only through their own tool and never hand-edit findings, and all three keep coverage and safety dispositions separate.	OR
rev12 freeze byte pin has five coupled consumers across this batch	261;223;259;5021;269;864;688	crates/smart/cognitive-rev12-contract-schema-freeze.toml bytes pinned by four separate digests plus two golden literals in other crates	5021	one_writer_must_move_whole_chain	verify_freeze_binding compares FREEZE_ID before the digest, so a digest-only move yields FreezeIdDivergence. PR #5021's three one-line edits are pinned twice and would fail closed. The same drift-shape appears in #63's ISSUE_63_GOLDEN_CHAIN_DIGEST, which the store-api sibling regenerated while two cross-crate literals stayed stale.	OR
five issues wait on producer outputs only four open issues can supply	43;40;41;233;24;8;297;456;271;267	owner-issued canonical projection, memory read, curation carrier, research job row, cold-start terminal, and Blob byte-resolution read		named_owner_gaps_do_not_fabricate	#1233 inventory verifier, #1790 cold start, #2901 orientation, #1136 admitted job, #19 storage read, #297 Blob append-only stage and #456 testd readback are the named owners. In every case the reviewer confirmed the consumer's own Hard boundaries forbid minting the missing identity locally, so these are real waits rather than wiring.	OR
#7 records no wait on #839 or #77 - a dispatch-premise correction	7;839;77	none		premise_refuted	#7's body and all 15 of its comments contain no reference to #839 or #77, so #7 records no wait on them. The single #77 mention of #839 is a 2026-09-23 progress note on a zero-diff branch, not a dependency. #7's real wait is on #2899.	OR
daemon activation slice is one split path shared by five sibling lanes	66;203;204;839;1115	bins/eliotd daemon activation projection and Kernel submit/reconcile transport	3766;3869;2369	sibling_lanes_one_reverse_dependency	#839's body says explicitly Do NOT wait for complete #66 closure: that closure needs this daemon result. #66's triage lists #66/#203/#204/#839/#1115 as five lanes of one split path. #839's remaining work is test rebinding only; lib.rs, daemon_runtime.rs and daemon_kernel_client.rs are read-only for it because open PRs #3766/#3869/#2369 already own them.	OR
A-15 twelve-dimension contract is the shared output of two cognition issues with no shared file	868;878;787;866	crates/smart/eliot-context-contracts::QualityScorecard and QUALITY_DIMENSIONS		shared_output_no_file_conflict	#868 writes crates/smart/eliot-context/** and #878 writes crates/eliot-engine/**; facade.rs records that the engine type is a different type with its own owner. #868's donor crate has zero rows in the frozen measurement inventory, so it changes no estimator formula and cannot invalidate #783/#787/#880.	OR
frozen serde-boundary golden and the facade disposition table both sit outside #868's scope	868;584;708;2701;929	crates/foundation/eliot-contracts/tests/data/shipped_serde_boundaries.toml row for PacketQualityScorecard and crates/smart/eliot-context/src/facade.rs::FACADE_DISPOSITIONS		owner_regeneration_required_before_merge	The frozen row pins span 467-490 and two digests for the exact struct #868 must migrate, and the facade table is a fixed [(&str,&str,&str); 64] array whose #832 precedent was bumped when a new public legacy item was added. Both files are outside #868's declared mutable scope, and #868 may avoid new public legacy items entirely.	OR
two independent capacity classifiers must stay permanently separate	864;876	modern BlobStore capacity classification versus the legacy donor copy		permanent_separation_no_action	#876's body states This task covers only the legacy donor; #864 owns the current provider-neutral BlobStore API/implementation, and lists the modern crates as must-not-modify. The legacy donor keeps its own namespaced copy and never depends on the modern crate, and a guard case fails the build if either crate name ever appears in the legacy manifest or owned sources. Any future merge of the two classifiers would need a named owner on both sides.	OR
no in-tree consumer discriminates the new typed storage-exhaustion variants	876;487;78	the anyhow boundary at crates/eliot-app/src/mcp_stdio.rs		unowned_design_question	The engine keeps the error typed while the MCP surface folds it through anyhow::Error by Display, so no current caller branches on the capacity or cleanup variants at all. The issue body says such a caller needs a named coordinated owner, not unowned edits - recorded, not this card's work.	OR
legacy store crate is in use, not retired - a dispatch-premise correction	876;19;18;3980	crates/eliot-store/** and the PLAN M-LEGACY card		premise_refuted	crates/eliot-app imports the blob store and roughly twenty live call sites exist across the MCP handlers, the data/memory commands and four eliot-engine files. PLAN row 1 dispatches M-LEGACY work INTO that crate and its DO NOT list says revive legacy runtime, i.e. the lane treats it as in use. #19 and #18 are still open and close boundaries rather than retire this crate. Separately #3980 edits two different files in the same crate, so a one-writer-per-file rule still holds.	OR
PLAN row 1 edits two files in the same crate as #876's four paths	3980;876;19	crates/eliot-store/src/surreal_server.rs and surreal_rpc.rs		same_crate_different_files	The four #876 paths do not occur outside crates/eliot-store, and the PLAN row touches only the server supervisor and RPC files in that crate, so no physical file conflict exists - but both issues must be dispatched with the one-writer-per-file rule explicit.	OR
C0 admission proof is red over its own merged transaction	829;830;967;836	the recorded admission transaction and its case-16 zero-Rust assertion		escalate_rebaseline_decision	The recorded transaction contains 27 changed paths of which 8 are .rs (7 in the dreamer contracts crate, 1 in the curation-contracts test). case16 asserts rust == [] and also asserts the authorized delta paths are Rust-free, and the case own docstring says there is deliberately no formatting-only allowlist and that this case therefore fails on any .rs path in the recorded transaction. Option (a) re-baseline onto a new serialized root commit with no .rs path is forbidden by the body clause against duplicate membership or forced rollback; option (c) leaves it red pending a root-authorized turn this lane may not perform; docs are silent on any re-baseline or transaction-rewrite procedure.	OR
the single admission gate is work_unit_gate, not the L1 suite	829;830;967	scripts/work_unit_gate contracts and descriptor runner plus the assignment auditor rules		one_gate_no_second_oracle	No second assignment or receipt oracle exists; both wave suites consume the same gate. But the L1 suite contains a landmine: it parses the challenges file and asserts blocking == [] for every OPEN entry whose needed_by intersects its five learning names, so any new OPEN challenge naming one of those five turns that suite red. Those names appear zero times today, so it is untriggered, and #829 must not route admission through it.	OR
navigation index staleness is a foreign blocker both admission waves share	829;830;690;1914	docs/code-navigation/PACKAGE_DOCS_INDEX.md		foreign_blocker_do_not_repair_here	The index was last regenerated before a profile-resolver bin was added, so the package-docs check raises stale-or-hand-edited and the navigation check exits nonzero at this base. #829 records it as a navigation blocker it does not own. #690's index fix is already merged, so #690's own staleness finding is a different, still-open one for a different set of packages.	OR
root-writer policy comment ownership is contested between the two waves	829;830;967	the root manifest policy comment		contested_needs_ruling	#830's must-not-modify forbids touching root policy comments already owned by #829, but the live comment now names the L1 wave as the single serialized root turn for proved learning cells, so #829's wording was superseded while the frozen fixture still records it. One writer must be named before either wave's turn.	OR
guest target pin is present, not blocking, but its proof issue is thin	638;870;764;762;758;21	the pinned guest target and channel, the affected-component lane, and the typed-domain execution surface		present_not_blocking_but_870_is_its_own_READY_card	The toolchain file already declares the pinned channel and the guest target, the toolchain checker and the lane helper plus just recipes already exist, and the lane registry fixture ALREADY names this guest with its world and native contract. #638's own body states the lane is later qualification after #762, not a prerequisite to direct guest builds, so the card must build directly by manifest and not consume the lane. #870 is OPEN with only 3 of its declared 16 markers, which is why it has its own READY card rather than being folded in here.	OR
the host typed-domain entry points exist but #758 owns their matrix	638;758;760		4599	read_only_dependency_do_not_depend_on_758_fixtures	Both typed-domain entry points and the contract-kit/test-capsule types exist on main, but the host test file carries ZERO of #758's declared 26 markers and no typed-world component fixture exists - only the legacy guest fixtures. #638's case 11 must therefore execute its OWN real component rather than depend on a #758 fixture.	OR
two sibling guest packages are disjoint, not sequential	638;762	two separate guest crates		disjoint_separate_guests	The assembly guest path does not exist at this base; #638 explicitly excludes assembly from its scope and #762 targets a different world. Neither blocks the other; #762 independently waits on the toolchain proof issue.	OR
root admission of the guest crate is a controller turn, not card work	638;829;830	root manifest members/exclude/dependency/lock and the two generated code-navigation indexes	4495	controller_turn_reserved_by_the_issue	#638 reserves root admission to its controller alone, so this card must NOT admit the package to the root workspace or edit the lockfile, the dependency-policy file or the standalone-crate dispositions. An open headroom PR touches the read-only upstream admission and contracts crates additively with no public item removed, so it neither conflicts with nor supplies the remaining work.	OR
adding a build-dependency may trip the dependency-policy inventory	638;704;787;866	the dependency-policy inventory for a supply-chain-invisible nonmember manifest		controller_turn_if_it_trips	The bindgen crate is present in the lockfile only transitively through the WASI runtime, so adding it as a direct build dependency of this nonmember may raise a missing-from-inventory finding in the dependency scanner. If it does, that policy row belongs with the deferred root admission, not with this card.	OR
readiness-receipt-producer	1790	#1790 must make `GovernorComposition::drive_cold_start_for_event`/`compile_cold_start_at_trigger` production-reachable; its terminal `OnboardingReadinessReceipt`+`OnboardingLease` is the only legal source for `MaterialReadinessInputs.receipt`/`.lease`	none	STILL_NEEDED	origin/main@cac8ef38: `git grep -n "drive_cold_start_for_event" origin/main -- '*.rs'` returns only cold_start_trigger.rs:3 (module doc) and cold_start_trigger.rs:112 (definition)	OR
governing-coverage-producer	1791	#1791 owns `GoverningSourceSet` admission; #1789 consumes it as `GoverningCoverage::AdmittedSources` for the `coverage_closes` leg	none	STILL_NEEDED	readiness.rs:169 `GoverningCoverage`; only producers on main are cfg(test) readiness.rs:909/948/992/1034/1109/1145 and composition.rs:13854	OR
explicit-absence-producer	1788	#1788's privacy-bounded discovery pass must emit the evidence-backed "none found/not applicable" record that #1789's W1.6 coverage leg consumes	none	STILL_NEEDED	readiness.rs:123 `ExplicitAbsenceRecord`; `git grep -n "ExplicitAbsenceRecord" origin/main -- '*.rs'` shows constructors only at readiness.rs:1069 and readiness.rs:1213, both inside the readiness.rs cfg(test) module	OR
canonical-write-intake-caller	1929	#1929 owns the live production caller of `DaemonComposition::commit_canonical_and_refresh`; #1789 owns the readiness gate that caller must feed with real inputs	none	STILL_NEEDED	bins/eliotd/src/daemon_runtime.rs:14 "the #1929 work list names this module as the intended production caller"; `git grep -n "commit_canonical_and_refresh\s*(" origin/main -- '*.rs'` returns only bins/eliotd/src/lib.rs:1112	OR
TestD-owner-submit-file	1806	both #1789 (typed `TASK_SELECTION_REQUIRED` before executor/fs/store) and #1806 (workspace/checkout/class-isolated governed build root) edit `bins/eliot-kernel/src/dispatch_launch.rs`; disjoint regions — #1789 owns the no-task directive at :1369, #1806 owns the `governed_build_root` layout region	none	STILL_NEEDED	`git grep -ln "governed_build_root" origin/main -- '*.rs'` includes bins/eliot-kernel/src/dispatch_launch.rs; dispatch_launch.rs:1369 `TestdOwnerSubmitDirective::TaskSelectionRequired`	OR
none-elsewhere-in-batch	1780,1784,1793,1798,1811,1815,1819,1823,1827,1831,1835,1840,1845,1850,1854,1858,1862,1866,1871,1877,1881	no batch issue owns `crates/governor/eliot-workscope`, `crates/governor/eliot-governor/src/composition.rs`, `bins/eliotd/src/lib.rs` or `bins/eliotd/src/task_binding_admission.rs` per their published Scope/owner lines	none	STILL_NEEDED (verified no overlap)	issue-body owner lines for #1877 (`crates/kernel/eliot-ipc`), #1881 (`crates/kernel/eliot-ipc`+`bins/eliot-agent-bridge`), #1798 (`bins/eliot-user-broker`+`crates/governor` canonical records), #1815 (Instrument Plane / Governor evidence-write path)	OR
OPEN-PR INVENTORY INVENTORY-CORRECTION: OPEN-PRS.tsv is STALE - it lists 24 PRs, only 7 are open	all-23-batch-issues	v2/review/OPEN-PRS.tsv vs v2/review/OR/_b154311/OPEN-PRS.VERIFIED-20261003.tsv	2369;2492;2500;2956;3024;3049;3053;3058;3579;3804;3811;3812;3869;4110;4240;4490;4495;4599;4688;4845;4999;5018;5021	PRESERVE_MAIN_verify_against_live_api	gh api repos/UnknownAlienHuman/eliot-memory-os/pulls?state=open&per_page=100 returns exactly 7: 2956,3804,3811,3812,4845,5018,5021 (2026-10-03T20:0xZ). Stale rows confirmed CLOSED-unmerged by pull-number lookup: 2369,3766,3869,4110,4240,4490,4495,4599,4688,4999,2500,2492,2453,3053,3049,3024,3579,3058. Use the VERIFIED file for every conflicting_prs decision in this batch; CONTINUATION.md requires refreshing the complete PR-ID set rather than trusting an author-filtered search or a count.	OR
same files + producer/consumer	1780	#1780 owns `ApplyNotificationState`/`GetNotificationState` and the canonical notification lifecycle; #1784 W3 reads that lifecycle as its `notification_approval_and_telemetry_profile` evidence input and needs the same store-api catalogue/parameters/write_admission rows, the same surreal `apply.rs`/`atomic_write.rs`/`read_boundary.rs` registration points, the same `daemon_request_dispatch.rs`/`frame_dispatch.rs` route surface and the same `bins/eliotd/src/lib.rs` module list	n/a	STILL_NEEDED	crates/storage/eliot-store-api/src/operation_catalogue.rs:45 already activates `ApplyNotificationState` and operation_catalogue.rs:410 activates `GetNotificationState` (read_boundary.rs:373, store-memory lib.rs:4704), so #1780's output #1784 consumes exists on main and neither issue absorbs the other; one writer per file required	OR
same files	1823	#1823 (READY, _b154311) shares `bins/eliot-kernel/src/daemon_request_dispatch.rs` and the `frame_dispatch.rs` marker allowlist but declares `bins/eliot-kernel/src/lib.rs` as READ ONLY, not as a write path, so there is NO write-path collision with this card	n/a	STILL_NEEDED	bins/eliot-kernel/src/frame_dispatch.rs:1607-1621 already carries the #1823 anchored-review markers `ANCHORED_REVIEW_SUBMIT_OPERATION`/`_BATCH_SUBMIT_OPERATION`/`_OBSERVE_OPERATION`/`_ADVANCE_OPERATION`/`_ROUTE_OPERATION` — a new attention-evaluation marker joins the same allowlist arm	OR
same files	3811	PR #3811 (open, #1818) edits exactly crates/storage/eliot-store-api/src/{lib.rs,operation_catalogue.rs,operation_parameters.rs,write_admission.rs}, crates/storage/eliot-store-surreal-adapter/src/{apply.rs,apply/atomic_write.rs,apply/read_boundary.rs,apply/surreal_integration_candidate.rs} and bins/eliot-kernel/src/{daemon_request_dispatch.rs,lib.rs} (+4/-0 on the dispatch)	3811	STILL_NEEDED	`gh api repos/UnknownAlienHuman/eliot-memory-os/pulls/3811/files` shows integration-candidate hunks only (+258 in a new store-api module, +48/-5 catalogue, +72/-1 parameters, +1/-0 write_admission, +68/-0 read_boundary, +4/-0 daemon_request_dispatch); no attention-evaluation hunk, so the leg is not absorbed — but the shared rows will textually conflict and need rebasing after that PR lands	OR
same files	3812	PR #3812 (open, #1820) edits the identical store-api/surreal-adapter/Kernel dispatch set for the mailbox operation	3812	STILL_NEEDED	`gh api repos/UnknownAlienHuman/eliot-memory-os/pulls/3812/files` shows mailbox hunks only (+39/-0 store-api lib.rs, +134/-8 operation_catalogue.rs, +132/-1 operation_parameters.rs, +4/-0 write_admission.rs, +64/-0 read_boundary.rs, +1/-0 daemon_request_dispatch.rs); no attention-evaluation hunk — same one-writer-per-file hazard as 3811	OR
same file, disjoint hunks	1811	scripts/build-eliot-windows-x64-release.ps1	2956	OBSOLETE (no remaining write; region already implemented)	`gh api pulls/2956/files` patches `scripts/build-eliot-windows-x64-release.ps1` only at `@@ -11,7 +11,7 @@ param(`, `@@ -2949,7 +2949,6 @@` and `@@ -2969,6 +2968,21 @@`; #1811's owned region is :2030-2379 (`Get-ExcludedDispositionReceiptPath`, `Get-ExcludedDispositionDecisionProjection`, `Convert-ExcludedDispositionDecisionProjectionToJson`, `Get-ExcludedDispositionRequiredEvidenceElements`, `Resolve-ExcludedDispositionAdmittedEvidence`, `Get-ExcludedDispositionManifestProjection`, `Test-ExcludedDispositions`, `Assert-ExcludedDispositionReceipt`) — no hunk overlap and PR 2956 is DRAFT	OR
competing denominator, one produces what the other quotes	1811, 1860	workstreams/security/standalone-crate-dispositions.toml::standalone_package_count (=9) -> docs/migration/1860-migration-inventory.md:29 ("standalone packages: **11**") and crates/governor/eliot-governor/src/migration_inventory.rs::STANDALONE_PACKAGES (=9)	2956 (docs/release/WINDOWS_X64_RELEASE.md only, no overlap)	STILL_NEEDED	#1811 W9 "Avoid competing counts in migration docs and comments; generated/reference documents consume the same denominator"; #1860 is OPEN and owns the impact graph itself, so only the quoted #1811 denominator is corrected here	OR
governed development-build route (W7)	1811, 1806	crates/instrument/eliot-testd-core/src/target_layout.rs, crates/instrument/eliot-instrument-runner/src/profile.rs	none	OBSOLETE (no file to touch)	#1811 W7 binds only "profiles that can accept package/manifest selectors"; profile.rs::builtin_specs declares `argument_template: Vec::new()` and a fixed `verification_command` spine (`--locked --all-targets`), so no profile accepts a manifest/package selector today and the rejection has nothing to bind	OR
kernel dispatch arm block shared with the I10 mailbox/integration lanes	1820,1818	bins/eliot-kernel/src/daemon_request_dispatch.rs, bins/eliot-kernel/src/lib.rs	3812,3811	STILL_NEEDED (no overlap with this issue's single write path)	origin/main:bins/eliot-kernel/src/daemon_request_dispatch.rs:3560-3609 "the anchored-review Store-bridge legs"; OPEN-PRS.tsv #3812 and #3811 file lists name daemon_request_dispatch.rs and lib.rs but never anchored_review.rs or anchored_review_bridge.rs	OR
review-obligation projection consumed by the attention-evaluation lane	1784	crates/governor/eliot-governor/src/controlboard_projection.rs (ControlBoardReviewBatch over peer_review_batches)	none	STILL_NEEDED	origin/main:crates/governor/eliot-governor/src/controlboard_projection.rs:347 ".peer_review_batches()"; #1784 body names controlboard_projection.rs as already supplying owner bindings, not attention-evaluation rows	OR
code-intelligence evidence is the producer input for review anchor resolution	1831	crates/governor/eliot-change-monitor/src/lib.rs::EvolvingAnchorResolver::resolve_anchored_review	none	STILL_NEEDED	origin/main:crates/governor/eliot-change-monitor/src/lib.rs:2330 "review route through `AnchoredReviewItem::validate_resolution`"; #1831 builds the LSP/SCIP semantic bridge that supplies this evidence	OR
I10 mailbox message-kind vocabulary for a review batch sending	1827	crates/governor/eliot-coordination/src/peer_communication.rs::PeerMessageKind::ReviewBatch	none	STILL_NEEDED	origin/main:crates/governor/eliot-coordination/src/peer_communication.rs:83/106 "`ReviewBatch`" / `"review_batch" -> Ok(Self::ReviewBatch)`; #1827 owns I10.20/I10.22 professional-boundary kinds in the same message-kind family	OR
runtime-owner composition is the only place a live resolve_anchored_review caller can be added	none open	crates/governor/eliot-governor/src/composition.rs	2369 (CLOSED, unmerged, 2026-10-03)	STILL_NEEDED (deferred; not required for the A1–A4 proofs)	origin/main:crates/governor/eliot-governor/src/composition.rs:6357 GovernorComposition::resolve_anchored_review has no caller on main; `gh pr view 2369` → state=CLOSED merged=null, so the _b154311 citation of it as an open draft is refuted	OR
1826	1826	crates/governor/eliot-task/src/professional_execution.rs + crates/governor/eliot-task/src/lib.rs (same two files, same two functions)	pr none (no live open PR touches either)	STILL_NEEDED — blocking one-writer, #1826 first; #1827 items (1)-(4) must not be dispatched before it	#1826 open cross-check W5 "`TaskLifecycleOwner::from_snapshot` is a public validator that assigns the carried professional contract verbatim without ever running `contract.validate()`" = #1827 defect 3 verbatim, and W3 "`allowed_substitutions` and `forbidden_shortcuts` are declaration-only fields read nowhere" on `ProfessionalExecutionState::change_approach`; https://github.com/UnknownAlienHuman/eliot-memory-os/issues/1826#issuecomment-5940292247	OR
1819	1819	producer/consumer: #1819's I10.17 adapter routes (`ArtifactVerifierAdapter`, `artifact.evaluate`, "verifier lookup, artifact evaluation") would own the runtime contract for the authenticated evaluator result #1827's completion gate needs	pr none	STILL_NEEDED (adjacent producer candidate; NOT proven to produce it)	`git grep -w -F ArtifactVerifierAdapter -- '*.rs'` returns ZERO and `git grep -F 'artifact.evaluate' -- '*.rs'` returns ZERO at 5b9d4956; #1819 body names the routes as lacking "a canonical capability/health/lifecycle contract"; `ProfessionalEvaluatorResult` has no constructor outside eliot-task	OR
1862,1866	1862,1866	bins/eliotd/src/campaign_task_controller.rs (the Task Controller claim surface that `decode_task_controller_action` makes the sole ingress for every professional `TaskCommand`)	pr none	STILL_NEEDED — recheck at dispatch, overlap NOT proven: #1862 declares owner `crates/smart/eliot-learning-state-view` and #1866 "Reachable Meta/Memory OS/Governor closure integration", so only one-writer ordering on this file is asserted, not shared ownership	bins/eliotd/src/campaign_task_controller.rs::decode_task_controller_action quoted `let input: ApplyTaskInput = serde_json::from_value(invocation.task_input.clone())...` with `struct ApplyTaskInput { context: TaskCommandContext, command: TaskCommand }` — this is the "optional caller-authored command" route #1827's cross-check rejects	OR
none (generated registry)	1826	crates/foundation/eliot-contracts/tests/data/shipped_serde_boundaries.toml holds 28 `eliot-task:crates/governor/eliot-task`-scoped rows for the professional types; any new serializable field forces a regeneration of one shared generated file	pr 5021,4999,4688,4240,2500,2453,3579 touch config/doc-code-conformance and docs/code-navigation only, NOT this registry	STILL_NEEDED — regenerate once, after both 1826 and 1827 land	`git grep -c 'eliot-task:crates/governor/eliot-task' -- crates/foundation/eliot-contracts/tests/data/shipped_serde_boundaries.toml` = 28	OR
2369	2369	crates/governor/eliot-governor/src/composition.rs holds the only production recovery caller of the function #1827 defect 3 must harden (`GovernorOwners::from_recovery` -> `TaskLifecycleOwner::from_snapshot`)	pr 2369 (draft)	OBSOLETE for #1827 — `gh api pulls/2369/files` over 146 files matches none of `eliot-task`, `campaign_task_controller`, `task_lifecycle`, `professional`	crates/governor/eliot-governor/src/composition.rs::GovernorOwners::from_recovery quoted `let task = TaskLifecycleOwner::from_snapshot(authority_epoch.clone(), state_fence.clone(), task_snapshot)` fed by `decode_owner_snapshot(recovery, RecoveryOwner::Task)?`	OR
same file crates/foundation/eliot-bootstrap/src/capture.rs	1850,216	crates/foundation/eliot-bootstrap/src/capture.rs ; crates/foundation/eliot-bootstrap/src/lib.rs	5021	STILL_NEEDED	PR 5021 rewrites only `WORKSPACE_SOURCE_DOCUMENT_PATHS` (+5/-29, doc-path names); it touches no snapshot-identity region (`capture_product_identity_digests`/`capture_snapshot`/`product_identity_records`/`capture_domain_coverage`), but it is a same-file writer so 1850 must serialize behind it — and #216 is the current writer of lib.rs::snapshot_is_deterministic_and_sorted	OR
snapshot identity consumed as runtime_identity by the recovery finding	1850,1854	crates/foundation/eliot-bootstrap/src/lib.rs::BootstrapRecoveryFinding.runtime_identity ; bins/eliot/src/bootstrap_draft.rs	NONE	STILL_NEEDED	1854 consumes exactly what 1850 must publish; 1850 must land the snapshot identity contract first, 1854 must not invent one	OR
snapshot identity required on report/status projections	1850,1845	CurrentSystemEvidenceSnapshot.snapshot_sha256 -> bins/eliot/src/release_surface.rs:346 source_snapshot_sha256	NONE	STILL_NEEDED	release_surface carries the identity as `Option<String>` today; 1845's versioned-report-as-projection work needs 1850's required (non-optional) binding rule first	OR
installed artifact/package digest overlaps the I18 governed build-output lane	1850,1806	binary/package digests and generation hashes in the snapshot identity	NONE	OBSOLETE	1806 must not become a second binary-digest producer; 1850's I17.3 identity stays the single consumer of the build lane's output	OR
adapter/integration manifest identity is snapshot input	1850,1819	active_integration_skill_hook_and_surface_manifest_digests	NONE	STILL_NEEDED	1819's Adapter Manifest is the producer of a dimension 1850 must bind; neither may guess the other's wire	OR
closed live-installation owner named by package instructions	1850,11	crates/meta/AGENTS.md "#11 owns live runtime evidence" ; bins/AGENTS.md "live proof #11"	NONE	STILL_NEEDED	#11 is CLOSED with output "never-run installation" (issue 11 comment 5794970732); no open owner exists for the live observation half, which is why 1850 cannot be dispatched	OR
open-PR overlap	1719 + 1858	scripts/build-eliot-windows-x64-release.ps1	2956	STILL_NEEDED	PR 2956 (state OPEN, isDraft TRUE, files `docs/release/WINDOWS_X64_RELEASE.md` + `scripts/build-eliot-windows-x64-release.ps1`) has exactly three ps1 hunks — `@@ -11,7 +11,7 @@` `[string]$ClaudeCodeFrontDoor = 'legacy',` -> `[string]$ClaudeCodeFrontDoor,`; `@@ -2949,7 +2949,6 @@` removing `$frontDoorBridgePlan = Get-FrontDoorBridgePlan $cargoMetadata $ClaudeCodeFrontDoor`; `@@ -2969,6 +2968,21 @@` re-inserting it after the new `retiredLayoutSelected`/`$PSBoundParameters` block — so it collides with neither the :3106-3111 comments, the :5006-5011 comments nor the :5050-5059 evidence strings this issue writes	OR
owner-output consumed	1858 + 18 + 1719	crates/eliot-app/src/host_runtime.rs::OpenCodeGlobalInstallManifest (:119), ::ClaudeGlobalInstallManifest (:147), ::CodexGlobalInstallManifest (:189); crates/eliot-app/src/host_runtime/claude.rs::ClaudeDesktopInstallReceipt (:345); crates/eliot-types/src/host.rs::HostIntegrationReceipt (:614)	none	STILL_NEEDED	the inventory/readback must read these receipts as typed inputs; they are owner outputs of the host-install lifecycle and are READ_ONLY here (crates/eliot-app/AGENTS.md forbids new ownership in the facade)	OR
byte-pinned shared inputs	1858 + 2562 + 1719	integrations/claude/eliot/.mcp.json, integrations/claude/eliot/hooks/hooks.json, integrations/claude/claude-desktop/mcpb/manifest.json, integrations/opencode/opencode.json, plugin/eliot-governor/.mcp.json, plugin/eliot-governor/hooks/hooks.json	none	PRESERVE	scripts/lib/entrypoint-inventory.ps1:143-150,:188-194,:215-222,:246-248,:297-304,:343-345 throw on any drift from the pinned bytes; these files are the desired input, never an edit target of this lane	OR
same-file mention, no write overlap	1811	scripts/build-eliot-windows-x64-release.ps1	none	STILL_NEEDED	#1811 body cites the builder only as the caller of its own scripts/verify-excluded-dispositions-1811.py gate ("The gate's stdout/exit status is not yet a versioned package-input receipt"); its residual is the package-input receipt, not entrypoint dispositions, so no shared write path	OR
same files + producer/consumer	1780	#1780 owns `ApplyNotificationState`/`GetNotificationState` and the canonical notification lifecycle; #1784 W3 reads that lifecycle as its `notification_approval_and_telemetry_profile` evidence input and needs the same store-api catalogue/parameters/write_admission rows, the same surreal `apply.rs`/`atomic_write.rs`/`read_boundary.rs` registration points, the same `daemon_request_dispatch.rs`/`frame_dispatch.rs` route surface and the same `bins/eliotd/src/lib.rs` module list	n/a	STILL_NEEDED	crates/storage/eliot-store-api/src/operation_catalogue.rs:45 already activates `ApplyNotificationState` and operation_catalogue.rs:410 activates `GetNotificationState` (read_boundary.rs:373, store-memory lib.rs:4704), so #1780's output #1784 consumes exists on main and neither issue absorbs the other; one writer per file required	OR
same files	1780	both issues must register their own Kernel route marker in the admitted-daemon-operation allowlist and their own named Store operation rows; the two markers must be distinct strings and both must decode under `deny_unknown_fields`	n/a	STILL_NEEDED	bins/eliot-kernel/src/frame_dispatch.rs:1599 currently lists `NOTIFICATION_STATE_MUTATION_OPERATION | NOTIFICATION_STATE_READ_OPERATION`; bins/eliot-kernel/src/daemon_request_dispatch.rs:12669 `validate_notification_state_transition` proves the template and that a second route needs its own pre-IO re-check	OR
same files	3811	PR #3811 (open, #1818) edits exactly crates/storage/eliot-store-api/src/{lib.rs,operation_catalogue.rs,operation_parameters.rs,write_admission.rs}, crates/storage/eliot-store-surreal-adapter/src/{apply.rs,apply/atomic_write.rs,apply/read_boundary.rs,apply/surreal_integration_candidate.rs} and bins/eliot-kernel/src/{daemon_request_dispatch.rs,lib.rs} (+4/-0 on the dispatch)	3811	STILL_NEEDED	`gh api repos/UnknownAlienHuman/eliot-memory-os/pulls/3811/files` shows integration-candidate hunks only (+258 in a new store-api module, +48/-5 catalogue, +72/-1 parameters, +1/-0 write_admission, +68/-0 read_boundary, +4/-0 daemon_request_dispatch); no attention-evaluation hunk, so the leg is not absorbed — but the shared rows will textually conflict and need rebasing after that PR lands	OR
same files	3812	PR #3812 (open, #1820) edits the identical store-api/surreal-adapter/Kernel dispatch set for the mailbox operation	3812	STILL_NEEDED	`gh api repos/UnknownAlienHuman/eliot-memory-os/pulls/3812/files` shows mailbox hunks only (+39/-0 store-api lib.rs, +134/-8 operation_catalogue.rs, +132/-1 operation_parameters.rs, +4/-0 write_admission.rs, +64/-0 read_boundary.rs, +1/-0 daemon_request_dispatch.rs); no attention-evaluation hunk — same one-writer-per-file hazard as 3811	OR
crates/agent/eliot-agent-opencode/src/types.rs (same crate as the planned write paths; held READ ONLY)	batch siblings: none name this crate — 1819 writes crates/eliot-engine/src/adapter*, 1845 writes crates/instrument/eliot-reports/src/projection.rs, 1858 writes scripts/lib/entrypoint-inventory.ps1, 1840/1789 name 1835 only in a read list	types.rs::NoAuthorityRunResult.events (:1695) / types.rs::OpenCodeEvent.event_type+properties (:243) / types.rs::ProviderModel.context_limit (:71)	4599	OBSOLETE	`gh pr view 4599 --json state,isDraft,closedAt,files` = state CLOSED, isDraft true, closedAt 2026-10-03T18:39:15Z, so it is NOT in the live open set — a closed draft can never land, making the seam dead rather than merely stale; the hunk claim itself re-verified and holds: `gh api .../pulls/4599/files` shows the only types.rs hunks are @@-4466 and @@-4485, both with `mod tests` as the hunk-context header, rewriting `Err(OpenCodeObservationConversionError::InvalidInput("sequence".to_owned()))` to a `field == "sequence"` guard and the same for "admission/lineage"; #1835 writes no types.rs hunk and pilot.rs can read the retained stream through the public `events` field alone	OR
integrations/opencode/route-profile.json disposition consumes this issue's output	batch siblings: none own the route bundle; the binding owner is scripts/agent_route_contract.py::HOSTS, wired to `just agent-route-bundles` (Justfile:69-73)	integrations/opencode/route-profile.json::disposition.non_admittable_reasons[4] and [5]	none open (2956 touches only docs/release/WINDOWS_X64_RELEASE.md + scripts/build-eliot-windows-x64-release.ps1)	STILL_NEEDED_DOWNSTREAM	:191 "RGF-AGENT-ROUTES admission evidence does not exist: no route-profile admission receipt names this route_id, so the required endpoint, OpenCode/runtime version, serializer/template revision, tool-role ordering, reasoning/continuation settings, compaction behavior, and auth/quota surface are unrecorded" and :192 "the six mandated RGF-AGENT-ROUTES pilot probes have no retained route-admission artifacts, so the route is unadmitted and selects only bounded implementation, read-only scouting, or broad coverage" — read only here; the bundle stays non-admittable until live probe evidence exists, so do not relax those two reasons from this slice	OR
docs/code-navigation/PACKAGE_DOCS_INDEX.md enumerates this package's targets	none of the batch's open issues own the package index	docs/code-navigation/PACKAGE_DOCS_INDEX.md row for crates/agent/eliot-agent-opencode	4688, 3579, 4240	STILL_NEEDED_IF_NEW_TARGET	index row 78 lists exactly `bin: src/bin/eliot-opencode-bootstrap.rs`, `lib: src/lib.rs`, `test: tests/admitted_attempt_edge.rs`, `test: tests/reconciliation.rs`; keeping the proof inside pilot.rs adds no target and needs no regeneration, otherwise run `just code-navigation-sync` and expect conflicts with those three open doc-conformance PRs	OR
same owner crate + same session-lifecycle surface	1877	crates/kernel/eliot-ipc/src/lib.rs, crates/kernel/eliot-ipc/src/session_lifecycle.rs; #1877 owns I7.14 session state/transition authority while #1881 owns the I7.2 per-connection transport admission bound	none	STILL_NEEDED	#1877 body names `crates/kernel/eliot-ipc` as owner and `Session`/`SessionState`/`admission queues` as existing code; it does not require or produce an admission queue, so neither waits on the other, and `crates/kernel/eliot-ipc/src/session_lifecycle.rs` is READ_ONLY for #1881.	OR
write-path contention, content-orthogonal	4490	bins/eliot-kernel/src/front_door_driver.rs	4490	STILL_NEEDED	`gh api …/pulls/4490/files` patch touches only the `KernelFrameAction::Backup` arm and the bridge arm's reject list (`	OR
write-path contention, content-orthogonal	2369 (draft)	bins/eliot-kernel/src/front_door_driver.rs, bins/eliot-agent-bridge/src/lib.rs, bins/eliot-agent-bridge/src/main.rs	2369	STILL_NEEDED	`gh api …/pulls/2369/files` patch adds `KernelFrameAction::ReactiveRestore`/`BoardInbox` arms and bridge reject-list entries only (+135/−1 in agent-bridge/src/lib.rs); no transport-admission hunk. Draft WIP; rebase after it lands.	OR
write-path contention, content-orthogonal	3869	bins/eliot-agent-bridge/src/lib.rs	3869	STILL_NEEDED	`gh api …/pulls/3869/files` patch has no `KernelTransportOwner` hunk (grep returns none); its hunks are recovery-window decoding and `BridgeRunner` construction, so hosting the queue inside `eliot_ipc::NamedPipeTransport` keeps `bins/eliot-agent-bridge/src/lib.rs` unedited and avoids the collision entirely.	OR
write-path contention, test-only	4599 (draft)	bins/eliot-agent-bridge/src/main.rs, bins/eliot-kernel/src/tests.rs	4599	STILL_NEEDED	`gh api …/pulls/4599/files` patch hunks are `@@ mod tests` only (`-4881,6 +4881,1`, `-5082,7 +5083,10`); it adds no production `write_mcp_frame` or front-door test body.	OR
none (different owner subsystem)	1819	none — #1819 is I10 adapter runtime; its "independent queues/concurrency/in-flight tracking" belongs to `AdapterSupervisor`, not the EBP transport	none	NONE	body match on "in-flight" only; no shared file, no producer/consumer edge.	OR
board read + notification projection	#1213 (open), #4600 (open), #1187 (open), #1785 (open)	crates/surfaces/eliot-controlboard/src/{lib.rs,notification_projection.rs}, crates/meta/eliot-runtime-status/src/controlboard_{projection,transport,consumer}.rs, bins/eliot/src/{main,dashboard,controlboard_status}.rs, crates/surfaces/eliot-cli/src/lib.rs, bins/eliotd/src/{controlboard_adapters,daemon_runtime}.rs, apps/Eliot.Operator/Protocol/OperatorHandoff.cs	none open	STILL_NEEDED — #1213 holds `crates/surfaces/eliot-controlboard/**` and it is FROZEN on main ("This crate is frozen: no board extension, owner bindings, authority, or currentness."), and #4600 owns the operator identity join, so #1780's W4 slice cannot be dispatched in parallel and must add nothing to that crate	bins/eliotd/src/controlboard_adapters.rs:157 "Today no pair carrying this capability is queued or claimed"; bins/eliot-kernel/src/host_request_route.rs:10010 `_ => Err(TransportError::SessionFenced)`; #1213 body mutable scope "crates/surfaces/eliot-controlboard/**"; #1785 body "explicitly frozen as a #1213 reference fixture; adding new production ownership there would contradict that disposition"	OR
canonical notification legs consumed as evaluation evidence	#1784 (open)	crates/kernel/eliot-kernel-service/src/notification_state.rs, crates/surfaces/eliot-notify-core/src/lib.rs	none open	STILL_NEEDED — #1784 reads #1780's four legs as inputs and writes crates/foundation/eliot-evaluation-contracts/, so it depends on #1780's leg work rather than colliding on it; #1784's body names the split explicitly	#1784 body "already separates notification upsert, delivery, acknowledgement and authorized resolution ... Those records are evidence inputs"; "#1780 supplies canonical notification lifecycle; #1213 supplies the current projection; #1759 owns Problem/attention resolution"	OR
Problem/attention revision linkage for the notification record	#1759 (open)	crates/governor/eliot-problem/src/lib.rs, canonical notification record `resolution_ref`	none open	STILL_NEEDED — #1759 owns Problem/attention closure, #1780 owns the notification record's `resolution_ref`; #1759 must not close a notification record directly	#1759 body "Keep downstream Context/notification records linked to the same Problem/attention revision"; "Notifications and delivery projections use their existing owners"	OR
store named-operation + dispatch file overlap	none	bins/eliot-kernel/src/daemon_request_dispatch.rs, crates/storage/eliot-store-api/src/{lib,operation_catalogue,operation_parameters,write_admission}.rs, crates/storage/eliot-store-surreal-adapter/src/apply.rs	3812, 3811 (both open)	OBSOLETE — all four notification legs are already declared on main (operation_parameters.rs:702-736, operation_catalogue.rs:671), so the released slices need no store-contract edit; both PRs touch those files only to add unrelated mailbox (#1820) / integration-candidate (#1818) arms and `ParameterShape::NotificationState` appears in their patches only as an untouched context line	`gh api repos/UnknownAlienHuman/eliot-memory-os/pulls/3812/files` and `/3811/files` patches contain only "MailboxItemLookup"/"IntegrationCandidateLookup" additions plus `	OR
operator projection surface (ControlBoardView)	1780	crates/surfaces/eliot-controlboard/src/lib.rs::ControlBoardView	-	SEPARATE — a real doc/code gap (I11.2:24 lists deviations, the struct has none), but #1798 must not add the field while its record has no store	`git grep -n -i "deviation" origin/main -- 'crates/surfaces/eliot-controlboard/**'` exits 1; crates/surfaces/eliot-controlboard/src/lib.rs:795-806 shows `revision`, `fence`, `items`, `reviews`, `provenance`, `notifications`; docs/architecture/I11-02-controlboardview.md:24 "…Research Gates and deviations;"	OR
broker composition entry that loads the v2-only launch binding	-	bins/eliot-user-broker/src/lib.rs::BrokerComposition::start_with_kernel	-	CLEARED — the prior finding's conflict PRs 3869 and 2369 are CLOSED at this sha (live open set is exactly 5021/5018/4845/3812/3811/3804/2956), so no open PR touches this file	`gh pr list --state open` returns exactly those 7; `git grep -n "load_protected_launch_binding" origin/main -- '*.rs'` → bins/eliot-user-broker/src/lib.rs:86 and :1322, definition at bins/eliot-user-broker/src/protected_launch_config.rs:312	OR
durable record transition identity (canonical commit boundary)	1793	crates/governor/eliot-governor/src/problem_owner_transitions.rs::ProblemOwnerTransitionBody	-	WATCH (weak) — REFUTED as an owner: #1793's Scope says "No new effect database, launcher, canonical writer or task-state machine" and it targets the effect trio in crates/governor/eliot-authority/src/effects.rs, so it will not produce a deviation transition identity; do not build a second one either	crates/governor/eliot-governor/src/problem_owner_transitions.rs:4 "Nine named transitions — `create`, `update`, `assign`, `unassign`, `escalate`, `resolve`, `waive`, `supersede`, `reopen`"; `ProblemOwnerTransitionBody` has no deviation arm; #1793 body quotes "No new effect database, launcher, canonical writer or task-state machine"	OR
deviation evidence field vs EvidenceEnvelope	1815	crates/governor/eliot-problem/src/lib.rs::ImplementationDeviation.reason_and_evidence	-	WATCH — keep the typed `ArtifactId` list; do not re-shape it toward `EvidenceEnvelope` without a contract	crates/governor/eliot-problem/src/lib.rs:3087 `pub reason_and_evidence: Vec<ArtifactId>`; #1815 Work names "an `EvidenceEnvelope` recording authority, freshness, coverage, and provenance"; I6.9:11 `reason_and_evidence:` names no envelope shape	OR
known-deviation rendering in report/status families	1845	crates/meta/eliot-runtime-status vs crates/research/eliot-reports	-	SEPARATE — #1798 projects into eliot-runtime-status, #1845 owns the Kernel report/projection crate	docs/architecture/I16-15-architecture-implementation-and-donor-coverage-reports.md:12 "known deviations and unsupported contracts"; #1845 Scope owner "Kernel report/projection crate"	OR
code-intelligence observation producer -> negative-evidence qualification	1815,1831	crates/bridges/eliot-lsp-bridge/src/lib.rs::finalize_scip ::finalize_diagnostics NormalizedResult::lookup_outcome	none	BLOCKED_ON_1831	Cargo.lock parse finds 0 packages naming eliot-lsp-bridge; `lookup_outcome` has exactly 1 repo-wide occurrence (its own definition, crates/bridges/eliot-lsp-bridge/src/lib.rs:745); #1831 comment 5882381249 item 6 delegates qualified absence/contradiction assessment to #1815 while #1815 comment 5882367528 step 1 presupposes "the bridge result" already arriving	OR
admitted instrument contract + common adapter result envelope (coverage and evidence rules)	1815,1819	crates/instrument/eliot-instrument-runner/src/profile.rs::InstrumentSpec; docs/architecture/I10-08-19 adapter manifest and common result envelope	none	COORDINATE	#1819 (OPEN) Work owns AdapterManifest evidence/receipt rules, freshness/health and InstrumentSpec usage; InstrumentSpec (profile.rs:460) carries no absence-capability and no relation-coverage field, so #1815 Work item 3 modelling lands on that same surface and must not add a second envelope/unknown vocabulary (comment 5882367528: "do not define another EvidenceEnvelope or unknown-result enum")	OR
lsp-bridge + governor composition file overlap	1815	crates/bridges/eliot-lsp-bridge/src/lib.rs crates/bridges/eliot-lsp-bridge/src/scip_cache.rs crates/bridges/eliot-lsp-bridge/tests/lsp_bridge_acceptance.rs crates/governor/eliot-governor/src/composition.rs	2369	OBSOLETE	`gh pr view 2369` returns state CLOSED, mergeable CONFLICTING, updatedAt 2026-10-03T18:39:16Z; the row survives only in the stale OPEN-PRS.tsv and is absent from OPEN-PRS.FRESH.tsv	OR
eliot-protocol envelope file overlap	1815	crates/foundation/eliot-protocol/src/lib.rs (holds EvidenceEnvelope at :736, candidate carrier for step 5 persistence)	3869	OBSOLETE	`gh pr view 3869` returns state CLOSED, mergeable CONFLICTING; no open PR in OPEN-PRS.FRESH.tsv touches crates/foundation/eliot-evidence, crates/bridges/eliot-lsp-bridge or crates/governor/eliot-governor	OR
campaign-scoped learning-state view is the closure's evidence denominator producer	1862,1866	crates/smart/eliot-learning-state-view, CampaignLearningStateView read on the closure leg	none	STILL_NEEDED	state_view.rs::CampaignLearningStateView (844) carries SourceDenominator plus SlotProjection/MemberProjection value digests and evidence handles only — no attempt denominator and no stage assessments, so #1866's AttemptOutcomesAndDeltas/OverlayAndActivationAssessments producers are still unowned after #1862 lands	OR
one production file, the terminal-completion seam	1789,1866	bins/eliotd/src/testd_terminal_completion.rs::commit_testd_terminal_owner_fact, phase (9) learning-closure edge	none	STILL_NEEDED	testd_terminal_completion.rs::no_task_material_denial doc cites "issue #1789 A1, task-binding leg production consult" and phase (9) `close_terminal_attempt_learning` is the same non-blocking post-finish seam #1866 would extend; one writer per file required	OR
same-file PR touch on the daemon composition root	1866	bins/eliotd/src/lib.rs	3766	OBSOLETE	PR 3766's only bins/eliotd/src/lib.rs hunk is `skill_admit_material_attempt` (Skill delivery ack, issue #1882 A3); `closure_debt_pending` sits at lib.rs:525, outside that hunk	OR
same-file PR touch on the daemon run loop and root	1866	bins/eliotd/src/daemon_runtime.rs, bins/eliotd/src/lib.rs	2369	OBSOLETE	PR 2369 (draft) patches for those two files contain no closure, improvement or learning lines; no shared hunk	OR
adapter result/observation evidence vocabulary (AdapterResult.output_blob, AdapterObservation.raw_blob_ref, AdapterError.code) vs the EvidenceEnvelope typed-unknown contract	1819, 1815 (OPEN)	crates/eliot-types/src/adapter.rs + crates/eliot-engine/src/adapter.rs	[]	STILL_NEEDED	1819 must land the NoResults/TransportFailure split and its proof first; 1815 then wraps the same result in an EvidenceEnvelope instead of adding a second envelope shape — docs/architecture/I10-17-adapter-subsystem.md line 93 `only transport/integrity failures count toward the circuit breaker` vs 1815's `typed unknowns such as unknown_due_to_staleness, not_found_in_partial_index`	OR
deterministic process/CLI evidence contract (separate executable/argv, explicit cwd/env allowlist, executable version, input hash, bounded Blob output handle, exit/protocol receipt) is produced by 1819 and consumed by the first real bridge lane	1819, 1831 (OPEN), 1813 (OPEN)	docs/architecture/I10-17-adapter-subsystem.md `Execution rules for every process/CLI adapter` + docs/architecture/I10-08-19-code-intelligence-adapter-arbitration-and-repowise-pilot.md `A common adapter manifest includes executable/protocol hashes, index generation, source revision, dirty-state/cache-root identity, coverage, parser failures, response budget, lifecycle owner, network and license profile`	[]	STILL_NEEDED	acceptance criterion 1's executable-identity half is blocked, not undefined: the only non-test `KernelInstrumentAdmission` on main is crates/instrument/eliot-instrument-runner/src/process_owner.rs::UnprovisionedKernelAdmission::admit which refuses with `awaits the admitted provider (issue #1813 W4)`, and crates/kernel/eliot-process/src/lib.rs::ProcessRequest::new rejects an unbound `DispatchPermit`; 1831 is the first consumer, #1813 owns the provider	OR
merged PR #3170 (9fbf4132d) split the status taxonomy but left every producer emitting the old statuses, so the production external-agent circuit breaker is now dead code	1819, 1835	crates/eliot-app/src/host_runtime/external_agent.rs	[]	STILL_NEEDED	out of this card: crates/eliot-app/AGENTS.md forbids a new owner there and #1819 proves no current eliot-app class; crates/eliot-app/src/host_runtime/external_agent.rs lines 2946 and 2987 must become TransportFailure/IntegrityFailure under the eliot-app legacy-facade lane, not under eliot-engine	OR
report-projection owner and envelope	1845	crates/instrument/eliot-reports/src/projection.rs, crates/instrument/eliot-reports/src/lib.rs, crates/instrument/eliot-reports/src/burden.rs	none	STILL_NEEDED	no other batch issue names eliot-reports or a report/burden projection (bodies of 1780/1784/1789/1793/1798/1806/1811/1815/1819/1823/1827/1831/1835/1840/1850/1854/1858/1862/1866/1871/1877/1881 all return zero report/projection hits); `git grep -n eliot_reports origin/main -- '*.rs'` returns only product_proof consumers in bins/eliotd, crates/governor/eliot-finish and crates/governor/eliot-governor	OR
product-status producer/publication path that an A1 producer would extend	1845, 1903	crates/governor/eliot-governor/src/composition.rs, bins/eliotd/src/daemon_runtime.rs	2369	OBSOLETE	OPEN-PRS.tsv row 2369 listed both files, but `gh pr view 2369` reports state=CLOSED mergedAt=null closedAt=2026-10-03T18:39:15Z, so it is closed-unmerged and not a conflict; #1903 already landed `GovernorComposition::product_proof_status` (composition.rs:6417) and `ProductProofStatusWire::project` (daemon_runtime.rs:580), reachable via `bins/eliotd/src/lib.rs::product_proof_status`	OR
I16 sibling audit sharing the I16 report/audit surface	1845, 1840	docs/architecture/I16-*.md	none	NO_OVERLAP	#1840 body names "Owner: `bins/eliot-kernel` and the Watchdog/ORS runtime owner" and zero report/projection/burden hits, so it neither produces nor consumes this artifact family	OR
workspace-generated serde-boundary registry that new derives/variants in eliot-reports would touch	1845	crates/foundation/eliot-contracts/tests/data/shipped_serde_boundaries.toml	none	DEFER	file header reads "Generated by scripts/serde_boundary_inventory.py sync; do not hand-edit." and `crates/smart/eliot-cues/disposition.module.toml` records `python scripts/audit-serde-boundary-closure.py` as already BLOCKED workspace-wide on origin/main, so regeneration is a separate pass this issue must not hand-forge	OR
rust-analyzer class root is consumed by the semantic bridge #1831 must produce	1831	crates/instrument/eliot-testd-core/src/target_layout.rs::BuildClass::RustAnalyzer and the future rust-analyzer/SCIP launch environment	none	STILL_NEEDED	`git grep RustAnalyzer origin/main -- '*.rs'` -> only eliot-instrument-api enum/dir_name/parse and crates/bridges/eliot-lsp-bridge/src/lib.rs::AnalyzerKind (no build-output root); #1831 body: "Implement one-shot rust-analyzer and/or SCIP execution through the shared process layer"; when #1831 lands its launch must bind the same owner-issued layout, and #1806's closed mapping must refuse the class until then	OR
derived-artifact cache lane must consume the owner-issued layout root identity	1898	crates/instrument/eliot-instrument-runner/src/cache_lane.rs::BuildArtifactLineage.root_identity (currently a free `String`, e.g. test value "lane-root")	2369	OBSOLETE	OPEN-PRS.tsv lists PR 2369 (draft, branch codex/runtime-owner-join-20260922) over crates/instrument/eliot-instrument-runner/src/cache_lane.rs + process_owner.rs + lib.rs + eliot-build-test-graph/src/{lib.rs,derived_cache.rs}; `gh pr view 2369` -> state=CLOSED, mergeable=CONFLICTING (not merged, and absent from OPEN-PRS.FRESH.tsv), so nothing to absorb and none of the six write paths overlap; #1806 does not edit cache_lane.rs, but #1898 must make root_identity the retained owner-issued root	OR
write-path collision bins/eliot-kernel/src/lib.rs	88;1784	bins/eliot-kernel/src/lib.rs	3811;3812	SERIALIZE_not_both_in_one_wave	both READY rows name bins/eliot-kernel/src/lib.rs. #88 is an earlier OR row (renormalization transition identity, subsystem eliot-kernel); #1784 adds its attention-evaluation module registration to the same file. Different hunks, but one writer per file: #1784 must not be dispatched concurrently with #88. PR 3811 and 3812 both touch this file (+/-), so rebase after whichever lands.	OR
write-path collision crates/kernel/eliot-ipc/src/lib.rs	791;1881	crates/kernel/eliot-ipc/src/lib.rs	none	SERIALIZE_not_both_in_one_wave	both READY rows name crates/kernel/eliot-ipc/src/lib.rs. #791 is an earlier OR row; #1881 hosts the per-connection AdmissionQueue inside the eliot-ipc named-pipe transport owner in the same file. One writer per file: serialize #791 and #1881.	OR
absence/contradiction assessment is produced by #1815 and consumed by this bridge	1815,1831	crates/bridges/eliot-lsp-bridge/src/lib.rs::NormalizedResult::lookup_outcome + ::classify_lookup over crates/foundation/eliot-evidence/src/lib.rs::check_absence_preconditions	3419,2821	STILL_NEEDED (PR state at 2026-10-03T20:16Z: CLOSED, mergedAt=null, so it cannot be a live open conflict; the citation is historical only)	crates/bridges/eliot-lsp-bridge/src/lib.rs::classify_lookup already returns LookupOutcome::ProvenAbsent/Unknown/Contradicted and hardcodes contradicted_by_higher_authority: false; landed by commit 40497443b (#1815 #3419) — do not re-add contradiction assessment inside the bridge	OR
admitted analyzer executable identity is produced by #1814 and consumed by this bridge	1814,1831	crates/instrument/eliot-instrument-runner/src/profile.rs::InstrumentSpec (executable, executable_version, parser_generation, digest) — not a write path here	none	STILL_NEEDED	crates/bridges/eliot-lsp-bridge/src/lib.rs::AnalyzerConfig::for_workspace still takes a bare PATH name and crates/bridges/eliot-lsp-bridge/Cargo.toml has no eliot-instrument-runner dependency; #1831 must consume the registry, never edit it or add a private analyzer launcher	OR
PR touches the same four crate files but its hunks are already on main from a different lineage	1831,1898	crates/bridges/eliot-lsp-bridge/{Cargo.toml,src/lib.rs,src/scip_cache.rs,tests/lsp_bridge_acceptance.rs}	2369	ABSORBED	main already carries the cache parameter `cache: Option<&mut ScipProjectionCache>` in crates/bridges/eliot-lsp-bridge/src/lib.rs::finalize_scip plus project_cached_items/wrap_cached_items and the whole scip_cache.rs (commits d2307ea1e, 15efa9a36); PR #2369 is draft and mergeStateStatus DIRTY/CONFLICTING	OR
SCIP sidecar path is a governed build output that #1806 relocates	1806,1831	crates/bridges/eliot-lsp-bridge/src/lib.rs::AnalyzerConfig::scip_output_path + crates/instrument/eliot-instrument-runner/src/registry.rs (build-class layout incl. rust-analyzer)	none	STILL_NEEDED	#1806 body names rust-analyzer as a build class under %LOCALAPPDATA%\Eliot\build\<workspace-id>\<worktree-id>\<build-class>; the bridge must treat scip_output_path as caller-owned and never invent a path, so no shared file but the sidecar commitment must survive #1806's relayout	OR
diagnostics capability route is registered by #1819 while #1831 produces the observation	1819,1831	crates/instrument/eliot-instrument-runner (AdapterManifest diagnostics route) vs crates/bridges/eliot-lsp-bridge/src/lib.rs::LspCommand	none	STILL_NEEDED	#1819 is parked after OSP1 and owns eliot-governor/bins/eliot-kernel, not crates/bridges/**; #1831 keeps the bridge as Instrument producer and must not register a second diagnostics capability	OR
lawful durable write for one bootstrap draft	1854,2565,18,19,1858,1793	crates/storage/eliot-store-api/src/operation_catalogue.rs, crates/kernel/eliot-kernel-service/src/store_gateway.rs, crates/eliot-engine/src/admission.rs, crates/governor/eliot-governor/src/observation_reconciliation.rs	3811,3812,4845	STILL_NEEDED (upstream route owner; #1854 must not mint a second durable writer)	docs/architecture/I01-08-exact-ownership-and-call-paths.md#canonical-write-path:61 "Doctor, Dreamer, Watchdog, Modules and surfaces submit observations/candidates/intents through this same path. Writes have no direct-read shortcut."; live route re-verified at 5b9d4956: bins/eliotd/src/daemon_runtime.rs::run_watchdog_export_drain -> bins/eliotd/src/observation_adapters.rs::admit_and_record_watchdog_export -> ForwardingObservationReconciliation::admit_watchdog_batch -> crates/governor/eliot-governor/src/observation_reconciliation.rs::GovernorObservationReconciliation::admit_watchdog_batch -> observation_envelope -> crates/governor/eliot-canonical/src/lib.rs::CanonicalWriteEnvelope::prepare; PRs 3811/3812 edit operation_catalogue.rs/operation_parameters.rs as the registry an import operation must extend; PR 4845 edits only bins/eliot-kernel/src/{backup_restore.rs,backup_restore_ports.rs,request_dispatch.rs} for Watchdog-spool restore destination admission and its own patch states "The admitting side is not yet published on any live path ... `with_owner_destination_evidence` occurs only in this definition and in prose, never as a call" — it is NOT this path	OR
live current product identity used for revalidation	1854,1850	crates/foundation/eliot-bootstrap/src/capture.rs (capture_snapshot, SnapshotExecutionReceipt{source_head, repository_root}), CurrentSystemEvidenceSnapshot	5021	STILL_NEEDED, disjoint hunks (serialize, do not fork)	docs/architecture/I17-03-canonical-product-identity.md "There is one accepted identity ... Dependency change invalidates the corresponding claim automatically."; issue 1850 Work "Bind every produced status, bootstrap brief, verifier result, and recovery disposition to this identity"; PR 5021 patch on capture.rs edits only WORKSPACE_SOURCE_DOCUMENT_PATHS (+5/-29)	OR
legacy facade writer targeted by the existing import service	1854,1858,1811	crates/eliot-engine/src/writer.rs, crates/eliot-store/src/canonical_store.rs	4490	OBSOLETE as a target for any new caller	docs/PROJECT_MAP.md legacy table, crates/eliot-store row: "Migration facade around historical store-facing behavior. It cannot bypass the current store API/bridge or become a second storage owner."; issue 1858 "The Kernel remains the sole authority boundary and only durable writer"	OR
READY_MATERIAL gate on any scope-sensitive import write	1854,1789,2565	readiness authority object at the Kernel/governor boundary; eliot_workscope::ReadinessLifecycle::ReadyMaterial and bins/eliot-store-surreal/src/task_binding_gate.rs::TASK_SELECTION_REQUIRED exist on main but no gate binds READY_MATERIAL to a scope-sensitive canonical write	[]	STILL_NEEDED (consume, do not fork)	issue 1789 "Require READY_MATERIAL for scope-sensitive canonical writes and all Material project effects"; bins/eliotd/src/task_binding_admission.rs:1576 reads `receipt.readiness != ReadinessLifecycle::ReadyMaterial`	OR
same-file campaign lifecycle: the A1-A4 decision functions	1866	`bins/eliotd/src/campaign_packet.rs` + the campaign-lifecycle route where #1866 must land `CampaignLearningClosure`; #1862's `CampaignSourceRole::AttemptLineageLatestOutcomes`/`AdaptationPosition` roles consume the attempt/outcome owner record #1866 must produce (`crates/meta/eliot-improvement/src/learning_closure.rs` exists, reachable owner path does not)	none open	STILL_NEEDED, non-blocking	`crates/smart/eliot-learning-contracts/src/state_view.rs::CampaignSourceRole` enumerates 26 roles incl. `AttemptLineageLatestOutcomes`; `check_campaign_learning_state_view` refuses only `Stale	OR
assembly-cell reachability + admission-closure suppliers	2564	`eliot_context_assembly::check_campaign_view_for_assembly` and `eliot_context_measurement::measure_exact_utf8` reachability; `crates/smart/cognitive-edge-map.toml::unadmitted_campaign_view_joins` lists `construct_context_candidates`/`admit_context_traced`/`assemble_active_view` as unadmitted because `PriorityPolicyIdentity`, `AdmissionRuleIdentity`, `MeasurementCompositionProfile`, per-atom `AdmissionMeasurement`, `QualityScorecard`, `AssemblyPolicy` and the measure callback have zero production construction sites	none open	DEFER to #2564, not scheduled here	`KernelContextReadClient::compile_context_packet` is `pub` with zero call sites on main (`git grep -n compile_context_packet` returns doc mentions only), so `require_campaign_view_for_assembly` is production-unreachable; `bins/eliotd/src/campaign_packet.rs::CampaignPacketGapCode::AdmissionClosureUnbound` already reports the absence per identity	OR
open-PR overlap with this issue's production files	3869	`bins/eliotd/src/campaign_packet.rs`, `crates/smart/cognitive-donor-map.toml`	3869	OBSOLETE (PR state CLOSED); its hunks were `HostRequestResultLineage` wiring and donor-map base fields, neither in this issue's WRITE_PATHS	`gh pr view 3869` → state CLOSED	OR
open-PR overlap with WRITE_PATHS	none	the 7 open PRs (5021, 5018, 4845, 3812, 3811, 3804, 2956) touch no file in WRITE_PATHS	none	NONE	OPEN-PRS.tsv and OPEN-PRS.FRESH.tsv file columns vs WRITE_PATHS: zero intersection	OR
fence-and-manifest evidence is the input the backup-class receipt must bind	1871,1873	eliot_ecxf::ExportFence, eliot_backup::export_ecxf_package, eliot_backup::ExportFence	3869 (same package bins/eliot-store-surreal, no shared path)	STILL_NEEDED (PR state at 2026-10-03T20:16Z: CLOSED, mergedAt=null, so it cannot be a live open conflict; the citation is historical only)	#1873 Work step 2 "Bind each class to its fence evidence (ExportFence, OrsSnapshotFence, WatchdogSpoolFence)"; no process can emit an ExportFence-bearing package because bins/eliot-store-surreal/src/ecxf_export.rs::StoreOwnerEcxfSource::coherent_export returns Err on every input	OR
second, weaker ExportFence vocabulary for the same I05-10 fence	1871,1873	eliot_backup::ExportFence (crates/storage/eliot-backup/src/lib.rs:194) vs eliot_ecxf::ExportFence (crates/storage/eliot-ecxf/src/lib.rs:219)	none	STILL_NEEDED	crates/storage/eliot-backup/src/lib.rs:183-189 makes EventRange a single eliot-ecxf owner yet keeps a second ExportFence whose blob_reachability_manifest is a bare Vec<BlobHash> with no observed provenance and no schema_generation member; bins/eliot-kernel/src/backup_capture.rs:122 carries the eliot_backup one	OR
Architecture digest and sealed NormativePairIdentity receipt are minted by the Kernel handshake owner this gap needs	1871,1968,1890	architecture_source_digest, normative_pair_identity_receipt_digest (crates/storage/eliot-store-surreal-adapter/src/schema.rs::ECXF_UNDEFINED_CAPTURE_EVIDENCE)	none	STILL_NEEDED	schema.rs:676-686 names crates/kernel/eliot-kernel-core/src/module/compatibility_handshake.rs as the real owner and states the value is "sealed outside the store, so no baseline can define it"; #1968 Work requires that envelope at the store bridge process boundary	OR
storage replacement consumes an ECXF package as its transfer format	1871,1872	ECXF/1 package emitted by eliot_backup::export_ecxf_package	none	STILL_NEEDED	#1872 Work "Use ECXF import/export as the logical transfer format"; no package can be produced on main	OR
crate disposition (connect or retire) governs whether this work ships at all	1871,1716,1141	crates/storage/eliot-ecxf/Cargo.toml:10, crates/storage/eliot-backup/Cargo.toml:10 workspace_admission	none (open 5021 touches config/doc-code-conformance.toml only, not either manifest)	STILL_NEEDED	eliot-backup/Cargo.toml:10 states the true ceiling ("no production process produces an ECXF/1 package yet ... fails closed") while eliot-ecxf/Cargo.toml:10 is stale ("the EcxfSourceStore port it reads has no implementor and no composition call site yet") although bins/eliot-store-surreal/src/ecxf_export.rs:199 implements it and bins/eliot-store-surreal/src/launch_mode.rs:145 is its call site	OR
Governor effect-admission entry point	1789	crates/governor/eliot-governor/src/composition.rs — #1789 owns GovernorComposition::check_material_readiness_for_effect, the only existing &mut-self "admit one effect" entry; #1793's lane would sit beside it	none	STILL_NEEDED	both must be the single Governor effect-admission surface; serialize one writer per path	OR
agent-api vs eliot-authority effect trio (duplicate ProposedEffect/AuthorizedEffect/EffectReceipt)	228, 1793	crates/agent/eliot-agent-api/src/lib.rs vs crates/governor/eliot-authority/src/effects.rs ; crates/agent/eliot-agent-api/AGENTS.md	none	STILL_NEEDED	AGENTS.md: "cross-lane effect-trio duplicate ... no unilateral rename in this slice"; #1793 cannot convert unilaterally	OR
SealedEffectDispatch consumer / launch prerequisite	1678, 1701	crates/governor/eliot-authority/src/effects.rs::SealedEffectDispatch vs bins/eliot-kernel/src/admission_reservation_saga.rs + bins/eliot-kernel/src/native_worker_lifecycle_route.rs	none	STILL_NEEDED	authority_recovery.rs:579 "STITCH seam: reservation/dispatch owned by #1678/#1701"; the reservation saga and verifier landed, the sealed-dispatch consumer did not	OR
Durable owner write of the effect ledger	1793 only	bins/eliotd/src/owner_feed.rs::capture_owner_feed_plan + crates/governor/eliot-governor/src/composition.rs::GovernorComposition::owners	none	STILL_NEEDED	write path exists and is production, but owners() is immutable so the live effect_authorizer is always empty	OR
Same I6 lane, shared canonical-record surface	1798	crates/governor (ImplementationDeviation store) + bins/eliot-user-broker, also a #1793-named "User Broker adapter"	none	STILL_NEEDED	#1798 scope: "Owner: bins/eliot-user-broker for the existing deviation; crates/governor canonical records for the shared mechanism"; shared anchors I6.3/I6.6/I6.10	OR
User Broker adapter file overlap via a listed PR	1793	bins/eliot-user-broker/src/lib.rs, crates/surfaces/eliot-user-broker-core/src/lib.rs	3869	OBSOLETE	`gh pr view 3869 --json state` returns CLOSED although the PR is still listed in OPEN-PRS.tsv and absent from OPEN-PRS.FRESH.tsv	OR
Session-bound lease revocation consumed by ActionLease	1877	crates/governor/eliot-authority/src/leases.rs::ActionLease.session (SessionBinding) vs Kernel/eliot-ipc session lifecycle	none	STILL_NEEDED	#1877 acceptance: "Explicit session revocation revokes its bound lease(s), checkpoints durable work, and prevents reassignment until a higher authority epoch is recorded"	OR
seam: same crate and same file, crate re-export block	issues: 1881	shared_files_or_outputs: crates/kernel/eliot-ipc/src/lib.rs (pub use session_lifecycle::{ApplicationSession, ...} vs #1881's TransportLimits/frame/AdmissionQueue exports)	pr: none	disposition: STILL_NEEDED	evidence: `git grep -n "session_lifecycle" origin/main -- 'crates/kernel/eliot-ipc/src/lib.rs'` = 2 hits; no open PR in OPEN-PRS.tsv/OPEN-PRS.FRESH.tsv touches crates/kernel/eliot-ipc	OR
seam: producer -> consumer, session-bound lease producer feeds this issue's revocation loop	issues: 1943,1745	shared_files_or_outputs: ApplicationSession::bind_lease input (SessionLease set)	pr: none	disposition: STILL_NEEDED	evidence: crates/kernel/eliot-ipc/src/session_lifecycle.rs::ApplicationSession::admit_role_capability "issue #1943"; bins/eliot-kernel/src/host_request_route.rs::validate_host_request_application_session "per-capability grants remain #1745"; both #1943 and #1745 are OPEN	OR
seam: producer -> consumer, retained durable-work identity consumed by the checkpoint join	issues: 1746	shared_files_or_outputs: bins/eliot-kernel/src/lib.rs::ActivatedApplicationBinding (task_id/work_scope_id/task_revision)	pr: none	disposition: STILL_NEEDED	evidence: host_request_route.rs:2856-2865 compares later claims against `retained.task_id`/`retained.work_scope_id`/`retained.task_revision`; no issue names it as the session's checkpoint subject	OR
seam: same file, current consumer of agent_application_sessions	issues: 1877	shared_files_or_outputs: bins/eliot-kernel/src/host_request_route.rs	pr: 3869,2369	disposition: STILL_NEEDED (PR state at 2026-10-03T20:16Z: CLOSED, mergedAt=null, so it cannot be a live open conflict; the citation is historical only)	evidence: `gh api repos/UnknownAlienHuman/eliot-memory-os/pulls/3869/files` and `/2369/files` both list bins/eliot-kernel/src/host_request_route.rs; neither touches bins/eliot-kernel/src/agent_bridge.rs or crates/kernel/eliot-ipc/src/session_lifecycle.rs, so #1877's eventual seam there is conflict-free today	OR
seam: competing session state machine that must not be extended	issues: 1877	shared_files_or_outputs: crates/governor/eliot-session/src/lib.rs::SessionLifecycleOwner	pr: none	disposition: STILL_NEEDED	evidence: SessionState::{Registering, Active, Idle, Disconnected, Expired, Revoked, Draining, Closed} and SessionCommand::{.., Expire, Revoke, ..} differ from I7.14's ATTACHING/ACTIVE/SUSPENDED/DETACHED/EXPIRED/REVOKED set; consumed by crates/governor/eliot-governor/src/composition.rs, so #1877 must add no third session machine	OR
W2 spool directory outside the canonical chain's failure leg	1840	bins/eliot-kernel/src/main.rs (new caller) -> bins/eliot-kernel/src/kernel_config.rs::KernelConfig::with_audit_spool_binding -> bins/eliot-kernel/src/composition_bootstrap.rs:2097	none	STILL_NEEDED	audit_fallback.rs::audit_spool_dir returns kernel_audit_dir(work_root).join(AUDIT_SPOOL_DIR_NAME); with_audit_spool_binding has one hit (definition only)	OR
W3 profile-appropriate spool contour	1840	bins/eliot-kernel/src/main.rs (RuntimeProfile from startup_binding::authority_contour, same value observability_config already maps) -> bins/eliot-kernel/src/kernel_config.rs::KernelConfig::with_audit_fallback_profile -> bins/eliot-kernel/src/audit_fallback.rs::prove_spool_contour	none	STILL_NEEDED	with_audit_fallback_profile has one hit; audit_fallback_profile_or_default is unwrap_or(RuntimeProfile::Portable)	OR
W5 Watchdog-domain anchor observation	1840	bins/eliot-kernel/src/main.rs::AuditAnchorBinding::new(watchdog_state_root) writes anchors -> bins/eliot-kernel/src/kernel_audit.rs::KernelAuditChain::set_anchor_sink -> bins/eliot-watchdog/src/runtime_loop.rs::run_watchdog opens the sink -> bins/eliot-watchdog/src/watchdog_composition.rs tick -> bins/eliot-watchdog/src/audit_anchor_sink.rs::WatchdogAuditAnchorSink::observe	none	STILL_NEEDED	set_anchor_sink sets self.anchor_dir = binding.dir() (anchors land directly in watchdog_state_root) while watchdog_anchor_dir() returns <root>/audit-anchors, a directory the Kernel never writes	OR
T3 chain-prefix verification of the Watchdog copy	1840, 1837	bins/eliot-kernel/src/main.rs (this issue, caller) -> bins/eliot-kernel/src/kernel_audit.rs::KernelComposition::verify_audit_anchor_file; #1837 separately owns the startup verify inside KernelAuditChain::resume_anchor_hash in the same file	none	STILL_NEEDED	verify_audit_anchor_file (:3316) has no call site; resume_anchor_hash currently assigns the highest retained anchor without verify_anchor	OR
same-crate neighbours, disjoint hunks	1840	bins/eliot-kernel/src/lib.rs (READ_ONLY here)	3812, 3811	STILL_NEEDED (no write-path overlap)	PR #3812 and #3811 both add to bins/eliot-kernel/src/lib.rs; neither file list includes bins/eliot-kernel/src/main.rs, bins/eliot-kernel/src/audit_fallback.rs, bins/eliot-watchdog/src/{runtime_loop.rs,watchdog_composition.rs,audit_anchor_sink.rs}	OR
batch siblings	1840	none shared	none	NONE	bodies+comments of #1780 #1784 #1789 #1793 #1798 #1806 #1811 #1815 #1819 #1823 #1827 #1831 #1835 #1845 #1850 #1854 #1858 #1862 #1866 #1871 #1877 #1881 name no audit_fallback/audit_anchor/kernel_audit.rs/composition_bootstrap/kernel_config/watchdog_composition/runtime_loop symbol (only generic "Owner: bins/eliot-kernel")	OR
named Store operations for a durable record family	1818, 1820	crates/storage/eliot-store-api/src/operation_catalogue.rs	3811, 3812	OBSOLETE — both open PRs patch operation_catalogue.rs but for integration-candidate manifests and mailbox delivery records respectively; neither adds nor absorbs a deviation operation	`gh api .../pulls/3811/files` adds crates/storage/eliot-store-api/src/integration_candidate.rs; `.../pulls/3812/files` adds crates/storage/eliot-store-api/src/mailbox.rs; the patches of 3811, 3812 and 5021 contain ZERO "eviation" hits; `git grep -n -i "deviation" origin/main -- '*/operation_catalogue.rs'` exits 1	OR
known-deviation reporting	1845	crates/meta/eliot-runtime-status vs crates/research/eliot-reports	-	SEPARATE — #1798's W7 projection lands in eliot-runtime-status; #1845 owns the Kernel report/projection crate	docs/architecture/I16-15-architecture-implementation-and-donor-coverage-reports.md:12 "known deviations and unsupported contracts;"	OR
Human state-change principal lane into `eliotd`	#1777 (open), #4600 (open)	bins/eliot-user-broker/src/{lib,main}.rs, crates/surfaces/eliot-mcp/src/contract.rs, operator/winui	none open	STILL_NEEDED — #1777's stated owner is `bins/eliot-user-broker` and its body requires routing "every state-changing request through explicit principal, role/capability, and exact approval-hash checks already canonicalized by Kernel"; one writer per file means the ACKNOWLEDGE intake slice must be sequenced after #1777, not concurrent	#1777 body "Route every state-changing request through explicit principal, role/capability, and exact approval-hash checks already canonicalized by Kernel; reject missing, stale, cross-session, or capability-expanded requests"; bins/eliotd/src/notification_acknowledge_emit.rs:81 "public and uncalled until the acknowledgement intake lane forwards its admitted triple"	OR
eliot-mcp dispatch file adjacency	none	crates/surfaces/eliot-mcp/src/contract.rs (this issue's only MCP write) vs crates/surfaces/eliot-mcp/src/core.rs	3804 (open)	STILL_NEEDED — PR #3804 rewrites `crates/surfaces/eliot-mcp/src/core.rs` (which consumes `ADMITTED_TOOL_NAMES` at :2469) and `surface_decision.rs`; it touches no notification hunk and not `contract.rs`, so a new admitted notification tool name in `contract.rs` is safe, but the two must not be dispatched to one writer	`gh api repos/UnknownAlienHuman/eliot-memory-os/pulls/3804/files` = {crates/surfaces/eliot-mcp/src/core.rs, crates/surfaces/eliot-mcp/src/surface_decision.rs}; no patch hunk matches "Notification	OR
live-Material-transport-edge	1790,1929	bins/eliotd/src/kernel_transition_client.rs::DaemonKernelClient::check_identity_binding -> `admit_named_mutation_capture` is the ONE live Material-effect edge on the daemon; it never consults `check_material_readiness_for_effect` and reports ColdUnbound because the receipt does not exist	none	STILL_NEEDED	`git grep -n admit_named_mutation_capture origin/main -- '*.rs'` returns the definition task_binding_admission.rs:3141, the live call kernel_transition_client.rs:92, and docs; kernel_transition_client.rs:74-90 "The identity and the transition carry no compiled readiness receipt and no `TaskSelectionEvidence` ... Threading a real selection onto this edge requires that receipt owner to exist first"	OR
nearest-sibling-governor-owner	1819,1798	#1819 owns `eliot-governor` catalog/registry projections and #1798 owns `crates/governor` canonical `ImplementationDeviation` records; both live in the same crate subtree as #1789's shared Governor surface but name disjoint regions and neither names `composition.rs`, `readiness.rs` or `eliot-workscope`	none	STILL_NEEDED (verified no path overlap)	issue-body `## Scope and owner` for #1819 ("`eliot-governor` for catalog/registry projections and `bins/eliot-kernel` for lifecycle, generation fencing, and durable authority") and #1798 ("`crates/governor` canonical records for the shared mechanism"); token sweep over 1780,1784,1793,1811,1815,1823,1827,1831,1835,1840,1845,1850,1854,1858,1862,1866,1871,1877,1881 bodies found no mention of `eliot-governor/src/composition.rs`, `eliot-workscope`, `eliotd/src/lib.rs`, `task_binding_admission`, `dispatch_launch` or `readiness.rs`	OR
no-open-PR-overlap	5021,5018,4845,3812,3811,3804,2956	the only live open PR set touches bins/eliot-watchdog, config/doc-code-conformance.toml, scripts/, workstreams/swarm/*, bins/eliot-kernel/{backup_restore,request_dispatch,daemon_request_dispatch,mailbox,lib,integration_candidate}, crates/{foundation,storage,surfaces} and docs/release/* — none of them a #1789 write, read-only or seam path	5021,5018,4845,3812,3811,3804,2956	STILL_NEEDED (verified no overlap)	`gh pr view <n> --json state,isDraft,files` and `gh api repos/UnknownAlienHuman/eliot-memory-os/pulls/<n>/files` for all seven; CONFLICTING_PRS is empty	OR
Governed durable write for the live effect ledger	1793 only	bins/eliotd/src/owner_feed.rs::capture_owner_feed_plan + crates/governor/eliot-governor/src/authority_recovery.rs::AuthorityOwner (pub effects)	none	STILL_NEEDED	no store operation exists for the effect authorizer and effects.rs has no envelope/commit; grants.rs:1348-1354 reserves CanonicalWriteEnvelope/PreparedTransition/NamedMutationRequest for grants, so the effect write must be added to that existing path, never beside it	OR
Effect-obligation status projection on the existing status path	1793, 1798	crates/kernel/eliot-ors/src/status.rs	5021	ABSORBED	PR 5021's only hunk in that file is a doc-identifier fix (I05.13 → I5.13); no functional overlap, and #1793 has no write path until the contract lands	OR
User Broker adapter file overlap via a formerly listed PR	1793	bins/eliot-user-broker/src/lib.rs, crates/surfaces/eliot-user-broker-core/src/lib.rs	3869	OBSOLETE	`gh pr view 3869 --json state` returns CLOSED and it is absent from the live open set (5021, 5018, 4845, 3812, 3811, 3804, 2956)	OR
rust-analyzer class root is consumed by the analyzer/SCIP launch #1831 must produce	1831	crates/instrument/eliot-testd-core/src/target_layout.rs::BuildClass::RustAnalyzer and the future analyzer/SCIP launch's output root	none (1831 is issue-only; no open PR)	STILL_NEEDED	verified at 5b9d4956: `git grep -n "BuildClass::RustAnalyzer" origin/main` -> no `.rs` hit; crates/instrument/eliot-instrument-runner/src/registry.rs::scip_entry is `kinds: vec![InstrumentKind::Inspect]` with `ExecutableIdentity::decoder(SCIP_INSTRUMENT, "scip-indexer emission; no process launch (ScipIndex::decode only)")` and its own doc "must never launch a process"; #1831 body: "Implement one-shot rust-analyzer and/or SCIP execution through the shared process layer". When #1831 lands, that launch is output-producing and must bind the same owner-issued layout; #1806's closed mapping must therefore have a `RustAnalyzer` entry that refuses until the launch is admitted	OR
productive lane root authority is shared with the envelope owner	1897	crates/instrument/eliot-testd-core/src/target_layout.rs::verify_envelope_layout_binding and crates/instrument/eliot-build-test-graph/src/work_envelope.rs::GovernedWorkEnvelope::derive_target_root	none	STILL_NEEDED	both exist on main and #1897 is OPEN (last landed PR #4705 @fc3ce021); its own module doc at target_layout.rs L67-L76 already adjudicates "I2.22 is the most specific governing document for the target-root shape, so for a lane that carries a `GovernedWorkEnvelope` the envelope's `derive_target_root` is the ONE root authority". #1806 must add the class cross-check inside that existing verified function and must not edit `derive_target_root`, which #1897 owns	OR
derived-artifact cache lane must consume the owner-issued root identity	1898	crates/instrument/eliot-instrument-runner/src/cache_lane.rs:48 `BuildArtifactLineage.root_identity: String` (test value `"lane-root"` at :387)	none	STILL_NEEDED	#1898 is OPEN and its body requires "root identity, ACL, and reparse/symlink disposition" in cache identity; #1806 does not edit cache_lane.rs but #1898 must make `root_identity` the retained owner-issued root rather than a free string	OR
WIP runtime-owner integration PR overlapped this issue's neighbourhood and is dead	1898	crates/instrument/eliot-instrument-runner/src/cache_lane.rs, process_owner.rs, lib.rs, crates/instrument/eliot-build-test-graph/src/{lib.rs,derived_cache.rs}	2369	OBSOLETE	re-verified at this moment: `gh pr view 2369` -> state=CLOSED, isDraft=true, mergedAt=null, mergeable=CONFLICTING (never merged, not in the manager-verified live set 5021/5018/4845/3812/3811/3804/2956); none of its files overlap the seven write paths, so there is nothing to absorb	OR
README row, disjoint hunks	1811	scripts/README.md	5021	OBSOLETE (no change required; hunk does not reach the row)	`gh api pulls/5021/files` shows `scripts/README.md` hunk `@@ -46,8 +46,11 @@` adding rows for `audit-context-measurement-ownership.py`, `gen_capability_cell_registry.py`, `prepare-dependency-policy-inputs.py`; the `verify-excluded-dispositions-1811.py` row is at `scripts/README.md:56`, outside it. 5021's `config/doc-code-conformance.toml` hunk is two unrelated `[[repository_paths.allow_missing]]` entries and its `crates/smart/cognitive-rev12-contract-schema-freeze.toml` hunks are `I5.22`->`I05-22` doc-path typo fixes — neither touches #1811 and neither absorbs this work	OR
competing present-tense denominator, one produces what the other quotes	1811, 2612	workstreams/security/standalone-crate-dispositions.toml::standalone_package_count (=9, enforced at scripts/verify-excluded-dispositions-1811.py::main) and crates/governor/eliot-governor/src/migration_inventory.rs::STANDALONE_PACKAGES (=9, asserted at migration_inventory.rs:3728) vs docs/DEPENDENCY_POLICY.md:168 ("The current ten non-member manifests each declare an")	5021 (docs hunks only, no overlap)	OBSOLETE for #1811 (defer to #2612)	#1811 W9 says "Coordinate #2612's immediate stale-row/count fix rather than duplicating it inside a larger rewrite" and #1811's scope list names no docs file; #2612 is OPEN and comment 5908611108 item 1 already names exactly this `docs/DEPENDENCY_POLICY.md` paragraph as its blocking residual, and its item 4 says "Dated migration snapshots may remain historical if clearly labeled as snapshots; they must not be rewritten as current policy"	OR
dated migration snapshot (NOT a #1811 write)	1811, 1860	docs/migration/1860-migration-inventory.md:29 ("standalone packages: **11**") under "## Source identity (inventory denominator)" pinned to `git_head: 95bd6b2ccb3898182ffda745f7b7b094e95debbf`	none	OBSOLETE (must not be rewritten by #1811)	verified at that pinned sha: `git show 95bd6b2c:workstreams/security/standalone-crate-dispositions.toml` declares `standalone_package_count = 11` with 11 `[[crate]]` rows including `crates/governor/eliot-memory-projection-provider`, so the `11` was TRUE where the doc claims to have measured it; rewriting it to 9 would falsify a dated measurement. `docs/migration/1860-migration-inventory.md` is #1860's (OPEN) required output under its own I19.2 refresh rule and its own reading attestation	OR
gate fixture not registered in automation	1811	scripts/tests/test_excluded_dispositions_gate_1811.py (no recipe, no runner)	none	STILL_NEEDED (test-only; registration deliberately deferred)	`git grep -n "scripts/tests" 5b9d4956 -- Justfile .github/workflows config Cargo.toml scripts/verify-*.py` returns nothing; `Justfile:44-45` is the only related recipe and it runs only `scripts/verify-standalone-crates.py --root .`, so neither the gate nor its test runs in `Justfile:152 quick` or any workflow — the red case is silently skipped today	OR
admitted instrument contract: InstrumentSpec negative-result capability	1815,1814	crates/instrument/eliot-instrument-runner/src/profile.rs::InstrumentSpec; #1814 owner comment 5882333316 ("The current implementation already has InstrumentSpec, AdmittedStage::admission_request, check_executable, and admit")	none	COORDINATE	InstrumentSpec (profile.rs:460) carries no absence-capability and no relation-coverage field, so issue Work item 3's modelling lands on the exact struct #1814 owns; #1814 is code-complete on main 5443ef542 (#1814#issuecomment-5930718597) and must not be regressed; #1815#issuecomment-5882367528 forbids adding a second envelope or unknown-result enum	OR
common adapter manifest + common result envelope evidence rules	1815,1819	docs/architecture/I10-17-adapter-subsystem.md::AdapterManifest (code owner absent); docs/architecture/I10-08-19-code-intelligence-adapter-arbitration-and-repowise-pilot.md:26-43 common result envelope	none	COORDINATE	#1819 (OPEN) Work owns "evidence/receipt rules", health/readiness/freshness and failure translation on the AdapterManifest, plus "Make transport/integrity failure, semantic no-results, stale index, and unsupported capability separate outcomes"; the only code type today is the unrelated crates/agent/eliot-agent-contracts/src/bridge_admission.rs::ExternalAdapterManifest (:332) with zero production consumers, and #1819 body :45 explicitly routes index instruments to `InstrumentSpec` rather than owning that field set	OR
CodeCortex diagnostics observation input hole	1815,1831	crates/eliot-engine/src/codecortex.rs::diagnostic_availability	none	WATCH	`diagnostic_availability` (:185) hardcodes status "unavailable" with "no LspBridge diagnostics observation was supplied; CodeCortex does not execute diagnostics" — this is the input-shaped hole #1831 must fill; #1815 must not widen it into a second qualification path, and #1831#issuecomment-5882381249 item 6 forbids CodeCortex rerunning the analyzer to manufacture a stronger result	OR
problem-owned evidence carrier vs the issue's EvidenceEnvelope wording	1815,1798	crates/governor/eliot-problem/src/lib.rs::ImplementationDeviation::reason_and_evidence (:3087, `Vec<ArtifactId>`) and GovernedChallenge::reason_and_evidence (:2987)	none	WATCH	#1798 (OPEN) owns both `reason_and_evidence` fields, and both are flat `Vec<ArtifactId>` (validated only by `nonempty` at :3105 / :3007), not an EvidenceEnvelope; issue 1815 body says "Every normalized result must be an `EvidenceEnvelope` recording authority, freshness, coverage, and provenance independently" — if #1815 later needs envelope typing on a problem-owned record it lands on #1798's carrier, so coordinate before widening it	OR
claimed OBSOLETE PR overlaps	1815	crates/bridges/eliot-lsp-bridge/src/lib.rs crates/bridges/eliot-lsp-bridge/src/scip_cache.rs crates/bridges/eliot-lsp-bridge/tests/lsp_bridge_acceptance.rs crates/governor/eliot-governor/src/composition.rs; crates/foundation/eliot-protocol/src/lib.rs	3869,2369	OBSOLETE	`gh pr view 3869` returns state CLOSED, mergedAt null, mergeable CONFLICTING, closedAt 2026-10-03T18:39:23Z; `gh pr view 2369` returns state CLOSED, mergedAt null, mergeable CONFLICTING, closedAt 2026-10-03T18:39:15Z. No live open PR overlaps: files of 5021 (6), 5018 (138, all workstreams/swarm/cards/*.md), 4845 (3), 3812 (14), 3811 (12), 3804 (2), 2956 (2) contain none of this issue's write or read-only paths	OR
Store-catalogue row and external client producer for the seven ANCHORED_REVIEW_* operations	1820 (sibling named-Store-operation lane), 1818	bins/eliot-kernel/src/anchored_review_bridge.rs, crates/storage/eliot-store-api/src/operation_catalogue.rs	3812,3811	STILL_NEEDED (deliberately deferred, not part of the four proofs)	origin/main:bins/eliot-kernel/src/anchored_review_bridge.rs:70-88 declares the seven `*_OPERATION` names; `git grep -rn "SubmitAnchoredReviewItem\	OR
code-intelligence evidence is a producer input for anchor resolution	1831 (producer), 1824 (resolver owner)	crates/governor/eliot-change-monitor/src/lib.rs::EvolvingAnchorResolver::resolve_anchored_review	none	STILL_NEEDED	origin/main:crates/governor/eliot-change-monitor/src/lib.rs:2330 "review route through `AnchoredReviewItem::validate_resolution`"; #1831 and #1824 are both OPEN and neither is a prerequisite for a pure `pub fn` proof in the kernel module	OR
coordination-twin STITCH blockers forbid manufacturing a caller for the same criteria	1823 (self), 1818	crates/governor/eliot-coordination/src/lib.rs (route_review_requested_change, submit_review_effects)	none	STILL_NEEDED (deferred to the driver-owning lane)	origin/main:crates/governor/eliot-coordination/src/lib.rs:2086 "BLOCKED-BY the review-to-candidate driver (no live draft producer exists) … Forbidden: a draft built from fabricated or test-only input to manufacture a caller" and :2134 "BLOCKED-BY that driver (no live lease producer exists)"	OR
1797	1797	producer/consumer: #1797's I10.13 per-application bridge declaration ("UI/API observation quality, side effects, undo/recovery scope, artifact verifier, representation gaps") is the only doc-owned source of the attempt stop/success/approach-change observations #1827 repair #3 must consume	pr none	STILL_NEEDED but NON-PRODUCING by its own text — keep as the place the missing join port must be defined	#1797 item 3 verbatim "For a professional-app bridge declare exact supported artifacts/actions, API versus UI observation quality, side effects, undo/recovery scope, artifact verifier, representation loss and interactive Human/session requirement" versus its constraint "Preserve an explicit unsupported/not-installed disposition for future professional applications"; docs/architecture/I10-13-professional-applications.md	OR
929 (generated registry)	1826, 1827	crates/foundation/eliot-contracts/tests/data/shipped_serde_boundaries.toml carries 28 `eliot-task:crates/governor/eliot-task` rows (7 lib.rs + 21 professional_execution.rs) whose `span_start`/`span_end`/`span_digest`/`file_digest` go stale on any line shift in either file; it is shared output, so #1826 and #1827 must regenerate once, last	pr none (no live open PR touches it; 5021 touches config/doc-code-conformance only)	STILL_NEEDED — regenerate AFTER both #1826 and #1827 land; advisory, not gate-blocking	`git grep -c -F 'eliot-task:crates/governor/eliot-task'` = 28; header "Generated by scripts/serde_boundary_inventory.py sync; do not hand-edit"; `git grep -F serde_boundary` finds no reference in scripts/verify.ps1 or .github/workflows/ci.yml and `git cat-file -e origin/main:justfile` fails, so the check runs in no automated gate	OR
absence/contradiction assessment is produced by #1815 and must not be re-added inside the bridge	1815,1831	crates/bridges/eliot-lsp-bridge/src/lib.rs::classify_lookup + ::NormalizedResult::lookup_outcome over crates/foundation/eliot-evidence/src/lib.rs::check_absence_preconditions	none	STILL_NEEDED	commit 40497443be053f785eb2a32d74225c03241d4178 (#1815 #3419) already landed it: lib.rs:869 delegates to check_absence_preconditions (eliot-evidence/src/lib.rs:446) and lookup_outcome hardcodes contradicted_by_higher_authority: false — #1815 owns the rest, #1831 must not touch these two functions	OR
SCIP projection cache and sidecar provenance identity already landed on main	1898,1831	crates/bridges/eliot-lsp-bridge/src/{scip_cache.rs,lib.rs} — both are write paths of #1831	none	ABSORBED	finalize_scip already carries cache: Option<&mut ScipProjectionCache> (lib.rs:1423) with project_cached_items/wrap_cached_items, and reuse_or_derive keys on (digest_bytes(index_bytes), operation_digest(config_hash, operation)) (scip_cache.rs:205-207) with ScipIndexerProvenance (scip_cache.rs:72-87) — #1831 must extend this identity into the RECEIPT, not rebuild the cache; no open PR overlaps	OR
Instrument Plane consumer ledger already admits both new edges	1140,1831	crates/instrument/eliot-instrument-runner/src/package_disposition.rs::CONSUMER_CRATE_UNIVERSE lists eliot-lsp-bridge and eliot-engine; INSTRUMENT_PACKAGE_FAMILY (17 members) excludes eliot-lsp-bridge	none	STILL_NEEDED	package_disposition.rs:118-127 already permits both crates to hold a live instrument consumer, so item 7 needs no new ledger row and no edit to package_disposition.rs; verify_disposition_coverage runs on ProviderRegistry::ready and must stay green	OR
reachability disposition record anticipates this issue's production caller	1720,1860,1831	scripts/testdata/crate-reachability/crate_extraction_decisions.toml (eliot-lsp-bridge MigrationFacade, successor "Diagnostics caller in the Instrument Plane") and crates/governor/eliot-governor/src/migration_inventory.rs:755 bins_reachable:false	none	OBSOLETE	both are pinned/audit projections, not live gates: crate_extraction_decisions.toml is reference_only:audit_fixture in crates/eliot-app/src/disposition.rs:888 and migration_inventory_guard only pins row counts plus INVENTORY_PIN_COMMIT/AGGREGATE — refreshing them after the new caller is #1720/#1860 work and must NOT be edited here	OR
docs/code-navigation/PACKAGE_DOCS_INDEX.md row 78 enumerates this package's targets	batch siblings: none own the package index	docs/code-navigation/PACKAGE_DOCS_INDEX.md:78 row for crates/agent/eliot-agent-opencode	4688, 3579, 4240	OBSOLETE	the prior batch cited these three as "open doc-conformance PRs"; `gh pr view` now returns state=CLOSED for each, and no live open PR touches PACKAGE_DOCS_INDEX.md (5021 touches config/doc-code-conformance.toml, crates/kernel/eliot-ors/src/status.rs, bins/eliot-watchdog/src/health_projection.rs, crates/foundation/eliot-bootstrap/src/capture.rs, crates/smart/cognitive-rev12-contract-schema-freeze.toml, scripts/README.md). Row 78 lists exactly `bin: src/bin/eliot-opencode-bootstrap.rs`, `lib: src/lib.rs`, `test: tests/admitted_attempt_edge.rs`, `test: tests/reconciliation.rs`; keeping the proof inside pilot.rs adds no target, so `just code-navigation` stays green and `just code-navigation-sync` must not be run	OR
workstreams/swarm/BLOCK-MAP.md carries the #1835 plan row this card supersedes	batch sibling 5018 edits the same planning file	workstreams/swarm/BLOCK-MAP.md:1780 ("#1835	W3/A1: derive continuation_turns_observed, reasoning_continuation_preserved, measured_context_limit, measured_output_limit and compaction_observed from the real NoAuthorityRunResult instead of hard-coded constants at crates/agent/eliot-agent-opencode/src/pilot.rs:62/65/71/72/73")	5018	PLANNING_ONLY_READ_ONLY	OR
W3 profile-appropriate spool contour + stage-3 last-resort channel	1840, 1836	bins/eliot-kernel/src/main.rs (RuntimeProfile from startup_binding::authority_contour, the value observability_config already maps at main.rs:116-119) -> bins/eliot-kernel/src/kernel_config.rs::KernelConfig::with_audit_fallback_profile (:469) -> bins/eliot-kernel/src/audit_fallback.rs::prove_spool_contour (:893) and KernelAuditFallback::open (:811)	none	STILL_NEEDED	with_audit_fallback_profile has one hit; audit_fallback_profile_or_default is unwrap_or(RuntimeProfile::Portable), so "program_data" (:167) and Some(EventLogReport) (:822) are unreachable	OR
producer-consumer adjacency, not blocking	1840, 1836	bins/eliot-kernel/src/audit_fallback.rs::KernelAuditFallback::open builds CriticalEventSinks with `normal: None, spool: None` (:834-838) and only the SystemService arm gets EventLogReport (:822); #1836 comment 5940047911 refutes crates/instrument/eliot-observability-runtime/src/event_log.rs::EventLogReport::event_for (:174-183) and that crate's SpoolSinks appender	none	STILL_NEEDED (1840 owns the profile injection; #1836 owns event_log.rs/bootstrap.rs — #1840 must not edit either)	#1840's W3 injection makes the SystemService stage-3 leg reachable; #1836's W5/A3 refutation says that leg then returns NotApplicable, so #1840 must not claim the event-log stage is visible	OR
adjacent spool evidence, different spool, no overlap	1840, 955	#955 owns WatchdogSpool backup evidence in bins/eliot-kernel/src/{backup_restore.rs,backup_restore_ports.rs,request_dispatch.rs}	4845	NONE (adjacent)	`gh api pulls/4845/files` confirms exactly those 3 files; neither #955 nor PR #4845 names audit_spool, AuditSpoolBinding, audit_fallback or any anchor symbol — #955's WatchdogSpool backup and #1840's AuditSpool are distinct stores	OR
open PR set, zero write-path overlap	1840	none of the 7 live PRs (5021, 5018, 4845, 3812, 3811, 3804, 2956) touches any of the 5 WRITE_PATHS	none	NONE	PR #5021 edits bins/eliot-watchdog/src/health_projection.rs as a one-line doc-link fix only; #5018 is workstreams/swarm planning docs; #3804 is crates/surfaces/eliot-mcp; #2956 is docs/release + build script	OR
crate-extraction owner-wiring decision for the I16.8 report renderer	1845, 1720	scripts/testdata/crate-reachability/crate_extraction_decisions.toml, scripts/crate_reachability_inventory.py	none	STILL_NEEDED	`crate_extraction_decisions.toml:379` "Own src/lib.rs: read-only projections generated from canonical audit/state; I16.8 families; no caller named ... Retained time-bounded pending the owner wiring decision." and `:382` `successor = "I16.8 report renderer / FinishService boundary caller (ASSUMPTION: none exists today)"` with `:380` `owner = "Workspace topology and C4 composition owners (issue #1720)"` — the one repo-recorded owner and missing output for this issue's A1	OR
Product Progress producer vs the open product-proof producer/publication path	1845, 1903	crates/governor/eliot-governor/src/composition.rs, bins/eliotd/src/daemon_runtime.rs, crates/governor/eliot-governor/Cargo.toml, crates/governor/eliot-finish/Cargo.toml, bins/eliotd/Cargo.toml	none	STILL_NEEDED	`composition.rs:6417 GovernorComposition::product_proof_status` and `daemon_runtime.rs:580 ProductProofStatusWire::project` (reachable from `bins/eliotd/src/lib.rs:1756`) are landed and quoted on main, but issue #1903 is still OPEN (last landing PR #4947 at `549b9e28`), so the adjacent owner may still edit those files; its three manifest comments scope the edge to `product_proof` only (`eliot-governor/Cargo.toml:62`, `eliot-finish/Cargo.toml:14`, `eliotd/Cargo.toml:132`)	OR
Release Readiness report family vs snapshot identity	1845, 1850	bins/eliot/src/release_surface.rs, crates/foundation/eliot-bootstrap/src/lib.rs	none	STILL_NEEDED	`release_surface.rs:346 pub source_snapshot_sha256: Option<String>` (populated :1571, presence-checked :2171) vs `eliot-bootstrap/src/lib.rs:455 pub snapshot_sha256: String`; #1850 (OPEN) must bind "every produced status ... and recovery disposition to this identity", so a Release Readiness artifact cannot carry an always-bound snapshot identity until #1850 lands	OR
generated serde-boundary registry that new derives/variants in eliot-reports would touch	1845	crates/foundation/eliot-contracts/tests/data/shipped_serde_boundaries.toml	none	DEFER	header "# Generated by scripts/serde_boundary_inventory.py sync; do not hand-edit." with `family_readiness = "BLOCKED"` and 33 `package = "eliot-reports"` rows already present; `crates/smart/eliot-cues/disposition.module.toml:131` and `:148` record `python scripts/audit-serde-boundary-closure.py` as already BLOCKED workspace-wide on origin main, so regeneration is a separate pass this issue must not hand-forge	OR
second same-named `ContractSurfaceProfile` declared by I2.23	1845	docs/architecture/I02-23-capability-family-topology-and-crate-extraction-decisions.md, crates/instrument/eliot-reports/src/burden.rs	none	NO_OVERLAP	`I02-23:100` "Generated `CrateFleetReport` ... Its `ContractSurfaceProfile` records applicable contracts/owners, agent-visible contract tokens, one-hop edges, generated/manual duplication, proof latency, Product Pulse dependency and wrong-owner incidents" names a shape on a type that does not exist (`git grep -n "CrateFleetReport" origin/main -- '*.rs'` exits 1); burden.rs's nine I16.22 fields already cover every I2.23 item, so the collision is documentation-only and must not widen this issue's scope	OR
doc-routing index that cannot route this crate to I16.8/I16.22	1845	docs/code-navigation/PACKAGE_DOCS_INDEX.md	5021	NO_OVERLAP	`git grep -n "I16-08-reports" origin/main -- 'docs/code-navigation/PACKAGE_DOCS_INDEX.md'` exits 1 and `I16-22-contract` is absent; `crates/instrument/eliot-reports` is bound only to I10.8.17/I18.18/I18.41, so `scripts/docs_read.py` cannot deliver an I16.8 reading receipt for a mutation of this crate. Open PR #5021 (6 files: bins/eliot-watchdog/src/health_projection.rs, config/doc-code-conformance.toml, crates/foundation/eliot-bootstrap/src/capture.rs, crates/kernel/eliot-ors/src/status.rs, crates/smart/cognitive-rev12-contract-schema-freeze.toml, scripts/README.md) touches none of this issue's paths	OR
stale planning row naming a CLOSED-UNMERGED PR for the precedent files	1845	control-20260923-impl/v2/review/OPEN-PRS.tsv	2369	OBSOLETE	`gh pr list --state open` at this moment returns exactly 5021, 5018, 4845, 3812, 3811, 3804, 2956; OPEN-PRS.tsv row 2369 listed composition.rs + daemon_runtime.rs but `gh pr view 2369` reports CLOSED with mergedAt=null, so it is not a conflict	OR
bootstrap typed snapshot contract is owned by #216	1850,216	crates/foundation/eliot-bootstrap/src/lib.rs (CurrentSystemEvidenceSnapshot, CurrentSystemEvidenceCompiler::compile) ; crates/foundation/eliot-bootstrap/src/capture.rs	NONE	STILL_NEEDED	#216 is OPEN and its body + AGENTS.md:214-215 own the five-domain/support/invalidation closure and serialized-consumer migration; 1850 must not duplicate or guess that wire — it must consume #216's output	OR
#216's own A3 acceptance is red at 5b9d4956	216,1850	crates/foundation/eliot-bootstrap/src/lib.rs:2252 `assert_eq!(first.records[0].key, "source.head")` vs `ensure_product_identity_coverage` + `records.sort_by` at lib.rs:713	NONE	STILL_NEEDED	derived from source; issue 216 comment 5953209784 records the same failure; 1850's own write set includes this crate, so no worker may enter it before #216 restores green	OR
legacy facade durable-writer chain the existing import service targets	1854,1858,18,1189	crates/eliot-engine/src/writer.rs, crates/eliot-store/src/canonical_store.rs	2956	OBSOLETE as a target for any new caller	docs/PROJECT_MAP.md:97 (crates/eliot-store) "It cannot bypass the current store API/bridge or become a second storage owner."; crates/eliot-store/src/canonical_store.rs::CanonicalStore::apply_write_envelope writes `NamedSurqlOp::ApplyWriteEnvelope` directly, bypassing Kernel and ORS; issue 1858 (OPEN) "The Kernel remains the sole authority boundary and only durable writer"; PR 2956 is a draft release-doc change that still builds eliot-governor from the legacy eliot-app crate	OR
open-PR overlap, same contradiction, other lane's file	1719 + 1858	docs/release/WINDOWS_X64_RELEASE.md	2956	STILL_NEEDED	the same stale prose ("Codex, OpenCode, and Claude Desktop keep their `eliot-governor` entries while the flag is absent") is in PR 2956's `docs/release/WINDOWS_X64_RELEASE.md` hunk `@@ -12,7 +12,7 @@`, which PR 2956 rewrites in place and this issue must not touch; the two docs must converge on one disposition, so PR 2956 must not land a claim that contradicts the reconciled `docs/integrations/claude/CLAUDE_CODE_PLUGIN.md`	OR
classification-of-edited-file seam	1858 + 2968	scripts/lib/governor-retirement-approval.ps1	none	STILL_NEEDED	scripts/lib/governor-retirement-approval.ps1::Get-GovernorRetirementConsumerClosure maps `if ($path -ceq 'scripts/lib/entrypoint-inventory.ps1') { [void]$classes.Add('release_entrypoint_inventory') }` (:876-877) — a path comparison, so the content edit needs no change there, but the two exported symbols `Get-LegacyEntrypointDispositions` (:103) and `Invoke-InstalledEntrypointReadback` (:497) must keep their names because scripts/build-eliot-windows-x64-release.ps1:3200,:5035,:5014 call them by name and :89 and :3106-3111 name them in prose	OR
conformance-config churn, check fragility only	5021 + 1858	config/doc-code-conformance.toml	5021	OBSOLETE	PR 5021 (OPEN, not draft) adds two `[[repository_paths.allow_missing]]` rows for `scripts/tests/test_package_reader_closure.py` and `scripts/verify-github-workflows.py`; it shares no write path with this issue and only makes the `just doc-code-conformance` result depend on which branch is checked out	OR
planning-file mention	5018 + 1858	workstreams/swarm/**	5018	OBSOLETE	PR 5018 (OPEN, draft) touches only `workstreams/swarm/**`; `gh api .../pulls/5018/files` lists no card for 1858, and planning files are not authority	OR
one-writer Task Controller decode vs the attempt/outcome owner record	1866	`bins/eliotd/src/campaign_task_controller.rs::decode_task_controller_action` (declared 579, called 551) is the single admission point that turns a caller-supplied `TaskControllerInvocation::task_input` into a `TaskProposal` or `GuardedTaskCommand`; #1862 consumes the attempt/outcome owner record through `CampaignSourceRole::AttemptLineageLatestOutcomes` on the separate campaign-packet lane	none open (1866 is issue-only, no PR)	STILL_NEEDED, non-blocking — neither side schedules the other	`crates/storage/eliot-store-api/src/lib.rs:2988` `pub const ATTEMPT_LINEAGE_CAMPAIGN_OWNER_ID` has exactly two occurrences in the whole tree (its declaration at :2988 and the role mapping at :3025) and ZERO writer in `bins/`, `crates/kernel/` or `crates/governor/`, so #1862's role is unproducible today and #1866 is its only candidate producer; #1862 is not blocked on it because `check_campaign_learning_state_view` refuses only `Completeness::Stale	OR
open-PR overlap with this issue's write or read paths	none	the 7 live open PRs (5021, 5018, 4845, 3812, 3811, 3804, 2956)	5021/5018/4845/3812/3811/3804/2956	NONE — zero overlap, nothing to absorb, supersede or mark obsolete	`gh api repos/UnknownAlienHuman/eliot-memory-os/pulls/<n>/files` file lists: 5021 = 6 files (watchdog health_projection, doc-code-conformance.toml, eliot-bootstrap capture, eliot-ors status, cognitive-rev12 schema-freeze, scripts/README.md); 5018 = 138 files, all `workstreams/swarm/**` (draft); 4845 = 3 eliot-kernel files; 3812 = 14 files (eliot-kernel dispatch/mailbox + eliot-contracts/eliot-store-api mailbox + surreal adapter); 3811 = 12 files (same mailbox/integration_candidate family); 3804 = 2 eliot-mcp files; 2956 = 2 Windows release files — none intersects WRITE_PATHS or READ_ONLY	OR
campaign-scoped learning-state view is the closure's canonical-evidence denominator producer	1862,1866	crates/smart/eliot-learning-state-view, CampaignLearningStateView consumed on the closure leg	none	STILL_NEEDED	state_view.rs::CampaignLearningStateView (844) carries SourceDenominator (95, u32 counts) + SlotProjection (600)/MemberProjection (559) value digests and evidence handles only — no attempt identity list, no LifecycleStage/EvidenceSource assessments, no OutcomeRecord/HarmRecord/EconomicsRecord — so #1866's AttemptOutcomesAndDeltas/OverlayAndActivationAssessments/OutcomeHarmAndEconomicsEvidence producers stay unowned even after #1862 lands	OR
closure-to-promotion receipt edge, declared but not a call	1866	crates/meta/eliot-improvement/src/promotion_input.rs::ClosureBinding vs learning_closure.rs::CampaignLearningClosure	none	STILL_NEEDED	learning-closure.module.toml records "the promotion-input cell is not an in-code consumer of this cell ... the closure-to-promotion edge is a declared contract relationship whose binding construction belongs to the external caller"; the cell also forbids sharing a writable file with promotion_input ("no shared write surface"), so the W6 leg must close from the promotion-input side — an intra-issue module boundary, not a cross-issue seam	OR
durable learning-record store seam already closed, so storage is not a blocker	1866	crates/storage/eliot-store-api/src/learning_store.rs::LearningRecordKind::Closure (106)	none	ABSORBED	LearningRecordKind::Closure/Delta/Overlay/ActivationReceipt/Candidate/ViewRef is one closed set with `as_str`/`from_str` wire spellings, so `CampaignLearningClosure` and `LearningDebtProjection` have a durable seam without new storage authority	OR
no live PR overlap on any write or read path	1866	none	5021,5018,4845,3812,3811,3804,2956	OBSOLETE	re-verified via `gh pr view <n> --json state,isDraft,files` and `gh api .../pulls/<n>/files` for all 7: none lists crates/meta/eliot-improvement/**, bins/eliotd/**, crates/governor/eliot-governor/**, crates/smart/eliot-learning-*/** or any I12.24/I10.15 doc; PR 5018 touches workstreams/swarm/** planning files only and ships no cards/1866.md	OR
prior-batch same-file PR overlaps re-checked against the live set	1866	bins/eliotd/src/lib.rs, bins/eliotd/src/daemon_runtime.rs	3766,2369	OBSOLETE	both CLOSED at 2026-10-03T18:39:19Z / 18:39:15Z (neither merged) and both absent from the 7-PR live set, so neither can conflict; the prior batch's OBSOLETE dispositions stand unchanged	OR
export-fence evidence is the input the backup-class receipt must bind	1871,1873	eliot_ecxf::ExportFence, eliot_backup::export_ecxf_package, eliot_backup::ExportFence	none open (prior batch's 3869 is CLOSED)	STILL_NEEDED	#1873 Work step 2 "Bind each class to its fence evidence (ExportFence, OrsSnapshotFence, WatchdogSpoolFence)"; no process can emit an ExportFence-bearing package because bins/eliot-store-surreal/src/ecxf_export.rs::StoreOwnerEcxfSource::coherent_export has no Ok arm	OR
Architecture digest and sealed NormativePairIdentity receipt are minted by a Kernel owner this gap cannot reach	1871,1968,1890	architecture_source_digest, normative_pair_identity_receipt_digest (crates/storage/eliot-store-surreal-adapter/src/schema.rs:676) + crates/kernel/eliot-kernel-core/src/module/compatibility_handshake.rs::AcceptedCompatibilityEvidence	none	STILL_NEEDED	schema.rs names that file as the real owner and says the value is "sealed outside the store, so no baseline can define it"; no consumer of AcceptedCompatibilityEvidence exists under eliot-store-surreal or the adapter, and bins/eliot-store-surreal/Cargo.toml declares eliot-kernel-service, not eliot-kernel-core — the route needs a contract AND a dependency edge	OR
closing the scope-closure predicate needs the canonical write path two open PRs already own	1871,3811,3812	crates/storage/eliot-store-surreal-adapter/src/apply.rs, apply/atomic_write.rs, apply/read_boundary.rs, plus schema.rs baselines	3811,3812 (both open, non-draft)	STILL_NEEDED	captures_scope_column is false on both admitted baselines, so RequestedScopeClosureUnproven is always pushed; closing it requires DEFINE FIELD scope_id on all nine captured member tables AND a write path that populates it, which is the exact module pair PRs #3811 and #3812 both modify (one-writer rule in crates/storage/AGENTS.md)	OR
the landed delta rewrote the future write file without touching the gap logic	1871	crates/storage/eliot-store-surreal-adapter/src/backup_snapshot.rs (+522/-66), crates/storage/eliot-store-surreal-adapter/src/lib.rs (+12/-2)	#3980/#2691 (MERGED, not in the open set)	ABSORBED	every added/removed fn in that file is snapshot-owner budget maintenance (run_expiry_pass, observe_trusted_owner_clock, snapshot_owner_maintenance_diagnostics, 12 tests); observed_capture_gaps stayed at :967 with its five gaps at :984-990, and only capture_completeness shifted :2427 -> :2510	OR
seam: producer -> consumer, the durable-work subject the checkpoint join must enumerate	issues: 1746	shared_files_or_outputs: bins/eliot-kernel/src/lib.rs::ActivatedApplicationBinding (task_id / work_scope_id / task_revision)	pr: none	disposition: STILL_NEEDED	evidence: host_request_route.rs:2857-2864 compares later claims against `retained.task_id`/`retained.work_scope_id`/`retained.task_revision`; #1746 is OPEN and no issue names this record as the session's checkpoint subject	OR
seam: consumer, I7.14 policy/TTL over I7.15 continuation state	issues: 1879	shared_files_or_outputs: crates/kernel/eliot-ipc/src/session_lifecycle.rs::ApplicationSession::set_continuation_ttl_policy / continuation_state_retained vs crates/foundation/eliot-protocol/src/route_continuation.rs::RouteContinuationState	pr: none	disposition: STILL_NEEDED	evidence: `git grep -n "RouteContinuation"` returns route_continuation.rs:43 `route_continuation_contract_identity` and root.rs:113-119 re-exports; #1879 is OPEN and names I7.14 as one of its governing fragments	OR
seam: producer -> consumer, the per-capability grants named by the live bound-lease consumer	issues: 1745	shared_files_or_outputs: bins/eliot-kernel/src/host_request_route.rs::KernelComposition::validate_host_request_application_session reads `session.bound_leases()`	pr: none	disposition: STILL_NEEDED	evidence: host_request_route.rs:2899-2906 "Activation creates no session-bound capability leases. This rejects expired/revoked records when present; per-capability grants remain #1745."; #1745 is OPEN and its body commits to tool-surface/exposure receipts, not a SessionLease producer	OR
seam: downstream consumer of this issue's caller join (dependency runs the other way)	issues: 1943	shared_files_or_outputs: crates/kernel/eliot-ipc/src/session_lifecycle.rs::ApplicationSession::admit_role_capability / transition_role_capability	pr: none	disposition: STILL_NEEDED	evidence: `git grep -n "admit_role_capability" 5b9d4956 -- '*.rs'` = definition only; the doc comment reads "This is the server admission production caller for `CapabilityContext::admit` (issue #1943)" and "This is the server transition production caller for `CapabilityContext::transition` (issue #1943)"; #1943 is OPEN	OR
seam: same file, distinct region — the crate root declaring the session registry	issues: 1877	shared_files_or_outputs: bins/eliot-kernel/src/lib.rs	pr: 3812,3811	disposition: STILL_NEEDED	evidence: 3812's only lib.rs hunk is `@@ -76,6 +76,8 @@` adding `mod mailbox;` and 3811's is `@@ -274,6 +274,8 @@` adding `mod integration_candidate;`, while `agent_application_sessions` sits at lib.rs:858 — no hunk overlap, so neither PR conflicts with #1877's eventual seam there	OR
seam: consumed session-bound lease revocation whose only contract surface is dead	issues: 1877	shared_files_or_outputs: crates/governor/eliot-authority/src/leases.rs::ActionLease.session	pr: none	disposition: STILL_NEEDED	evidence: `ActionLease::authorize` returns `AuthorityError::Revoked` on `self.revoked` and `AuthorityError::FenceMismatch` on `self.session.session_id != current_session.session_id`; `git grep -n "ActionLease\b" 5b9d4956 -- '*.rs'` matches outside eliot-authority only in doc comments and in crates/eliot-app's unrelated type (eliot-app's Cargo.toml has no eliot-authority dependency), so the lease has no producer to bind	OR
cross-BATCH write-path collision, content-orthogonal	791	crates/kernel/eliot-ipc/src/lib.rs	none (no PR)	STILL_NEEDED	`PLAN-ROWS.tsv` row 791 col2 `write_paths` opens `crates/kernel/eliot-ipc/src/lib.rs`; issue #791 is OPEN ("[F-UNSAFE-KIPC] Audit and bound every unsafe family in eliot-ipc") and its items line names `windows_transport::Inner` and `NamedPipeServer` — the same two struct definitions #1881 must extend (`lib.rs::NamedPipeServer`, `lib.rs::windows_transport::Inner`), so the two must land serially and neither absorbs the other. #791 lists `frame_codec.rs` and `front_door_driver.rs` as READ_ONLY for itself, so only `lib.rs` is a two-way collision.	OR
semantic neighbour on the response-ceiling axis, zero file overlap	1944 (via open PR 3804)	crates/surfaces/eliot-mcp/src/core.rs, crates/surfaces/eliot-mcp/src/surface_decision.rs	3804	NONE	`gh api …/pulls/3804/files` touches only `crates/surfaces/eliot-mcp/src/{core,surface_decision}.rs` (`validate_projection` capping by `semantic_profile.completion_ceiling`, `live_owner_matches_decision` version agreement). #1881's ceilings live in `crates/kernel/eliot-ipc/src/lib.rs` and `bins/eliot-agent-bridge/src/main.rs`; different crate, no shared output, no producer/consumer edge.	OR
write-path contention, closed unmerged	3869	bins/eliot-agent-bridge/src/lib.rs	3869	OBSOLETE	`gh pr view 3869` → `CLOSED`, `mergedAt` empty, `closedAt 2026-10-03T18:39:23Z`. Its `KernelTransportOwner` collision is moot; hosting the queue inside `eliot_ipc::NamedPipeTransport` still keeps `bins/eliot-agent-bridge/src/lib.rs` unedited.	OR
write-path contention, closed unmerged draft	4599	bins/eliot-agent-bridge/src/main.rs, bins/eliot-kernel/src/tests.rs	4599	OBSOLETE	`gh pr view 4599` → `CLOSED`, `isDraft true`, `mergedAt` empty, `closedAt 2026-10-03T18:39:15Z`; its hunks were `mod tests` only and are gone.	OR
same files + shared enum	3811	PR #3811 (OPEN, not draft, #1818) edits exactly bins/eliot-kernel/src/{daemon_request_dispatch.rs,lib.rs,integration_candidate.rs}, crates/storage/eliot-store-api/src/{lib.rs,integration_candidate.rs,operation_catalogue.rs,operation_parameters.rs,write_admission.rs} and crates/storage/eliot-store-surreal-adapter/src/{apply.rs,apply/atomic_write.rs,apply/read_boundary.rs,apply/surreal_integration_candidate.rs} — 9 of this card's 18 write paths	3811	STILL_NEEDED	`gh pr view 3811 --json files` lists those 12 paths; `gh pr diff 3811 | Select-String 'attention|1784'` returns NO hit, so the attention-evaluation leg is not absorbed — but the shared catalogue/parameters/write_admission rows and both `apply.rs` module lines will textually conflict and need rebasing after that PR lands	OR
none (refuted)	1862, 1866	bins/eliotd/src/campaign_task_controller.rs would be the natural ingress wiring file, but neither issue touches it	pr none	DROPPED — the prior batch asserted this seam	`gh issue view` bodies of #1862 and #1866 contain no `campaign_task_controller`, no `eliot-task` and no `TaskController` string, so the overlap is unproven and is not carried forward	OR
merged PR #3170 (9fbf4132) split the status taxonomy but left every production producer emitting the old statuses, so the external-agent circuit breaker is dead code in production	1819, 1835 (OPEN)	crates/eliot-app/src/host_runtime/external_agent.rs	[]	STILL_NEEDED	out of this card: crates/eliot-app/AGENTS.md `Do not add: ... a new ... provider, or runtime owner` bars the translation from eliot-engine's lane. crates/eliot-app/src/host_runtime/external_agent.rs lines 2874, 2912, 2946, 2987, 3098 must become TransportFailure/IntegrityFailure under the eliot-app legacy-facade lane, not here; 1835 owns the DeepSeek/OpenCode route that feeds the same adapter	OR
Kernel/Store named surfaces for integration candidates and mailbox delivery touch adjacent issue numbers (#1818, #1820) but not this contract	1819, 1818, 1820	crates/storage/eliot-store-api/** + bins/eliot-kernel/**	[3811,3812]	OBSOLETE	for this issue: `git grep -n "eliot_store_api" origin/main -- 'crates/eliot-engine/**'` is empty, eliot-engine's circuit durability runs through crates/eliot-engine/src/writer.rs::OperationRuntimeHandle -> crates/eliot-store/src/control_wal.rs, and neither PR edits crates/eliot-engine/**, crates/eliot-types/src/adapter.rs or docs/architecture/I10-17-adapter-subsystem.md	OR
memory-backend per-operation wiring shared with the store-memory lane	63;1784	crates/storage/eliot-store-memory/src/lib.rs (NamedReadOperation payload match + enforce_catalogue_gate allowlist + write-side activation gate list)	none open	SERIALIZE_not_both_in_one_wave	NEW collision created by this refresh: _b154311 omitted the memory backend from #1784 write_paths; attention_evaluation_commit.rs:57-59 requires memory/Surreal handlers and store-memory/src/lib.rs has explicit per-operation wiring at dispatch_apply_notification_state(:930), the write-side gate list(:4155-4190), the read match(:4704) with a non-fail-closed \_ =>\ arm at :4721 and the enforce_catalogue_gate allowlist(:4604-4626). PLAN-ROWS row 63 also writes this file. One writer per file: #63 and #1784 must not be dispatched in the same wave.	OR
board read + notification projection	#1213 (open), #4600 (open), #1187 (open), #1785 (open)	crates/surfaces/eliot-controlboard/src/{lib.rs,notification_projection.rs}, crates/meta/eliot-runtime-status/src/controlboard_{projection,transport,consumer}.rs, bins/eliot/src/{main,dashboard,controlboard_status}.rs, crates/surfaces/eliot-cli/src/lib.rs, bins/eliotd/src/{controlboard_adapters,daemon_runtime}.rs, apps/Eliot.Operator/Protocol/OperatorHandoff.cs	none open	STILL_NEEDED - #1213 holds `crates/surfaces/eliot-controlboard/**` and it is FROZEN on main ("This crate is frozen: no board extension, owner bindings, authority, or currentness."), and #4600 owns the operator identity join, so #1780's W4 slice cannot be dispatched in parallel and must add nothing to that crate	bins/eliotd/src/controlboard_adapters.rs:157 "Today no pair carrying this capability is queued or claimed"; bins/eliot-kernel/src/host_request_route.rs:10010 `_ => Err(TransportError::SessionFenced)`; #1213 body mutable scope "crates/surfaces/eliot-controlboard/**"; #1785 body "explicitly frozen as a #1213 reference fixture; adding new production ownership there would contradict that disposition"	OR
canonical notification legs consumed as evaluation evidence	#1784 (open)	crates/kernel/eliot-kernel-service/src/notification_state.rs, crates/surfaces/eliot-notify-core/src/lib.rs	none open	STILL_NEEDED - #1784 reads #1780's four legs as inputs and writes crates/foundation/eliot-evaluation-contracts/, so it depends on #1780's leg work rather than colliding on it; #1784's body names the split explicitly	#1784 body "already separates notification upsert, delivery, acknowledgement and authorized resolution ... Those records are evidence inputs"; "#1780 supplies canonical notification lifecycle; #1213 supplies the current projection; #1759 owns Problem/attention resolution"	OR
Problem/attention revision linkage for the notification record	#1759 (open)	crates/governor/eliot-problem/src/lib.rs, canonical notification record `resolution_ref`	none open	STILL_NEEDED - #1759 owns Problem/attention closure, #1780 owns the notification record's `resolution_ref`; #1759 must not close a notification record directly	#1759 body "Keep downstream Context/notification records linked to the same Problem/attention revision"; "Notifications and delivery projections use their existing owners"	OR
Human state-change principal lane into `eliotd`	#1777 (open), #4600 (open)	bins/eliot-user-broker/src/{lib,main}.rs, crates/surfaces/eliot-mcp/src/contract.rs, operator/winui	none open	STILL_NEEDED — #1777's stated owner is `bins/eliot-user-broker` and its body requires routing "every state-changing request through explicit principal, role/capability, and exact approval-hash checks already canonicalized by Kernel"; one writer per file means the ACKNOWLEDGE intake slice must be sequenced after #1777, not concurrent; #1777's body names NO notification tool or intake, so it is the nearest owner, not the producer	#1777 body "Route every state-changing request through explicit principal, role/capability, and exact approval-hash checks already canonicalized by Kernel; reject missing, stale, cross-session, or capability-expanded requests"; bins/eliotd/src/notification_acknowledge_emit.rs:81 "public and uncalled until the acknowledgement intake lane forwards its admitted triple"; `gh search issues --state open "notification acknowledgement"` returns zero issues	OR
operator projection surface (ControlBoardView)	1780	crates/surfaces/eliot-controlboard/src/lib.rs::ControlBoardView	-	SEPARATE - a real doc/code gap (I11.2:24 lists deviations, the struct has none), but #1798 must not add the field while its record has no store	`git grep -n -i "deviation" origin/main -- 'crates/surfaces/eliot-controlboard/**'` exits 1; crates/surfaces/eliot-controlboard/src/lib.rs:795-806 shows `revision`, `fence`, `items`, `reviews`, `provenance`, `notifications`; docs/architecture/I11-02-controlboardview.md:24 ".Research Gates and deviations;"	OR
same files	1862	NEW_SEAM: this card promotes `bins/eliotd/src/kernel_context_read_client.rs` from READ_ONLY to WRITE because its closed match refuses every unnamed read; PLAN-ROWS row 1862 declares the same file READ_ONLY, so there is no concurrent writer, but the one-writer rule still applies if #1862 is later promoted	none open	STILL_NEEDED (verified no write/write clash)	PLAN-ROWS row 1862 read_only lists "bins/eliotd/src/kernel_context_read_client.rs" and "crates/storage/eliot-store-api/src/lib.rs"; row 1862's write_paths are only four `crates/smart/**/tests/*.rs` files, so it is not a writer of either path. `bins/eliotd/src/kernel_context_read_client.rs:294` `_ => Err(StoreError::UnknownOperation)` is the closed gate that forces this promotion	OR
same files + producer/consumer	1785	NEW_SEAM: `crates/governor/eliot-governor/src/controlboard_projection.rs` carries `project_attention_evaluation_row` and both issues touch that projection region; the on-main code comment and #1785's body disagree about ownership, which must be settled before either row is dispatched	none open	STILL_NEEDED	origin/main:crates/governor/eliot-governor/src/attention_evaluation_commit.rs:1046-1049 "STITCH: the sibling `ControlBoard` projection row (`controlboard_projection::project_attention_evaluation_row`, owned by the #1785 lane) consumes this context", but https://github.com/UnknownAlienHuman/eliot-memory-os/issues/1785 body says "#1784 notification-policy evaluation stays separate". `project_attention_evaluation_row` is READ_ONLY in this row and READ_ONLY in PLAN-ROWS row 1823, so no writer conflict exists today; the consumer CALL this card adds lives in `bins/eliotd/src/lib.rs`, which #1785 does not list in its Scope and checks	OR
durable record transition identity (canonical commit boundary)	1793, 1798	crates/governor/eliot-governor/src/problem_owner_transitions.rs::ProblemOwnerTransitionBody	-	WATCH (weak) - REFUTED as an owner: #1793's Scope says "No new effect database, launcher, canonical writer or task-state machine" and it targets the effect trio in crates/governor/eliot-authority/src/effects.rs, so it will not produce a deviation transition identity; do not build a second one either	ADJUDICATED (columns corrected, disposition kept): STITCH.tsv carried this row with issues=`1793` only, which implied an unowned contract. It is NOT MISSING-CONTRACT — #1798 (OPEN) owns it by name ("Add a canonical `ImplementationDeviation` schema and lifecycle store/registration path") and docs/architecture/I06-09-recoverable-implementation-deviation.md defines the record; ProblemOwnerTransitionBody has no deviation arm (grep exits 1), so #1793 must neither build nor claim it. Issues column widened to add 1798 as the verified owner	OR
durable record transition identity (canonical commit boundary)	1793	crates/governor/eliot-governor/src/problem_owner_transitions.rs::ProblemOwnerTransitionBody	-	WATCH (weak) - REFUTED as an owner: #1793's Scope says "No new effect database, launcher, canonical writer or task-state machine" and it targets the effect trio in crates/governor/eliot-authority/src/effects.rs, so it will not produce a deviation transition identity; do not build a second one either	crates/governor/eliot-governor/src/problem_owner_transitions.rs:4 "Nine named transitions — `create`, `update`, `assign`, `unassign`, `escalate`, `resolve`, `waive`, `supersede`, `reopen`"; `ProblemOwnerTransitionBody` has no deviation arm; #1793 body quotes "No new effect database, launcher, canonical writer or task-state machine"; re-read at 89e10916c	OR
deviation evidence field vs EvidenceEnvelope	1815	crates/governor/eliot-problem/src/lib.rs::ImplementationDeviation.reason_and_evidence	-	WATCH - keep the typed `ArtifactId` list; do not re-shape it toward `EvidenceEnvelope` without a contract	crates/governor/eliot-problem/src/lib.rs:3087 `pub reason_and_evidence: Vec<ArtifactId>`; #1815 Work names "an `EvidenceEnvelope` recording authority, freshness, coverage, and provenance"; I6.9:11 `reason_and_evidence:` names no envelope shape	OR
NEW_SEAM accepted-deviation evidence source vs the absent commit path	1793, 1798, 1815	crates/meta/eliot-improvement/src/evidence_sources.rs::EvidenceSource::ImplementationDeviation	none	NEW_SEAM - both arms exist and nothing produces or consumes them; #1798 is the only lawful issuer, so #1793 must not mint a second one (its scope forbids "canonical writer") and #1815 must not widen the carrier	`git grep -n "EvidenceSource::ImplementationDeviation" origin/main -- '*.rs'` returns only the arm at crates/meta/eliot-improvement/src/evidence_sources.rs:27 and its name mapping at :186 - zero constructors, zero consumers; bins/eliotd/src/improvement_intake_dispatch.rs:1744-1755 admits "there is no admitted writer of an accepted deviation reaching any binary"; docs/architecture/I12-24-meta-learning-and-improvement-delivery.md:47 names "accepted `ImplementationDeviation`" as the required evidence	OR
known-deviation reporting	1845	crates/meta/eliot-runtime-status vs crates/research/eliot-reports	-	SEPARATE - #1798's W7 projection lands in eliot-runtime-status; #1845 owns the Kernel report/projection crate	docs/architecture/I16-15-architecture-implementation-and-donor-coverage-reports.md:12 "known deviations and unsupported contracts;"	OR
named Store operations for a durable record family	1818, 1820	crates/storage/eliot-store-api/src/operation_catalogue.rs	3811, 3812	OBSOLETE - both open PRs patch operation_catalogue.rs but for integration-candidate manifests and mailbox delivery records respectively; neither adds nor absorbs a deviation operation	`gh api .../pulls/3811/files` adds crates/storage/eliot-store-api/src/integration_candidate.rs; `.../pulls/3812/files` adds crates/storage/eliot-store-api/src/mailbox.rs; the patches of 3811, 3812 and 5021 contain ZERO "eviation" hits; `git grep -n -i "deviation" origin/main -- '*/operation_catalogue.rs'` exits 1; both PRs re-verified OPEN/not-draft/mergedAt=null at 89e10916c	OR
NEW_SEAM: the admitted-class selection file is written by #1806 and read-only for three batch siblings	1811;1819;1831	crates/instrument/eliot-instrument-runner/src/profile.rs	none	SERIALIZE	FOUR clash instances at 89e10916c, not two: a column-4 scan of every `v2/review/OR/PLAN-ROWS.tsv` row finds `crates/instrument/eliot-instrument-runner/src/profile.rs` READ-ONLY in row #1811, row #1819 and row #1831, while it is a #1806 WRITE path. The briefed #1831 was confirmed and a third sibling, #1819 (`crates/eliot-engine/src/{adapter.rs,adapter/adapter_registry.rs,lib.rs}` + `tests/adapters.rs`, READ-ONLY list includes `profile.rs`), was found and is equally real. Serialize #1806 against all three; #1819's other two runner/engine reads (`process_owner.rs`, `crates/eliot-engine/src/governed_build.rs`) are READ-ONLY for #1806 too, so they are both-read and need no seam	OR
NEW_SEAM: the envelope class cross-check file is written by #1806 and read-only for #1811	1811	crates/instrument/eliot-testd-core/src/target_layout.rs	none	SERIALIZE	CONFIRMED at 89e10916c: row #1811 (`scripts/tests/test_excluded_dispositions_gate_1811.py`, READ-ONLY list includes `crates/instrument/eliot-testd-core/src/target_layout.rs`) collides with the #1806 WRITE path that carries item (1). #1831 does not list this file, so this seam has exactly one counterpart. Note the existing STITCH row "governed development-build route (W7) | 1811, 1806 | target_layout.rs, profile.rs | none | OBSOLETE (no file to touch)" is a DIFFERENT seam with a different disposition (no profile accepts a package/manifest selector today) and does not discharge this write/read collision	OR
NEW_SEAM: the instrument-runner manifest edge and the root lock are one serialized root-lane turn	1806	crates/instrument/eliot-instrument-runner/Cargo.toml and root Cargo.lock	none	SERIALIZE	NEW at 89e10916c because items (4)/(5) force an `eliot-platform-windows.workspace = true` edge: the issue body requires "Use the existing admitted installation/profile mapping", whose only owner on main is crates/kernel/eliot-platform-windows/src/lib.rs:495 `current_user_local_app_data_root()`, while `git grep -n eliot_platform_windows origin/main -- crates/instrument/eliot-instrument-runner/` returns zero hits and Cargo.lock:2230-2251 omits the package from `eliot-instrument-runner`'s 20 dependencies. Every `just quick`/CI gate builds `--locked`, so `Cargo.lock` must carry the matching one-line insertion between :2240 and :2241. STITCH already records root-lock serialization as "cognition admission wave is one serialized root turn shared by three issues | 829;830;836;725;690 | root Cargo.toml, root Cargo.lock ... | single_writer_lane_serialized", so this lane must be free and sole; no PLAN-ROWS row in this batch currently writes either file	OR
NEW_SEAM - same file, one writer only (the defect this batch was asked to adjudicate)	1811, 1858	scripts/build-eliot-windows-x64-release.ps1	none (both rows are READY in this plan; PR set has no overlap)	OBSOLETE (no #1811 write in that file; #1858's write regions are disjoint - both rows MAY ship in one wave, SERIALIZE_not_both_in_one_wave is NOT required)	ADJUDICATION: #1811's READ_ONLY listing of this file is CORRECT and must stay. #1811's only WRITE_PATH is scripts/tests/test_excluded_dispositions_gate_1811.py (`git cat-file -e origin/main:scripts/tests/test_excluded_dispositions_gate_1811.py` exit 0), so there is no two-writer contention to serialize: #1858 (PLAN-ROWS write_paths[1]) writes only :3106-3111 (`# Issue #1858: Get-LegacyEntrypointDispositions lives in scripts/lib/entrypoint-inventory.ps1 ...`), :5006-5011 (`# Issue #1858 AUD6/W6: stage the installed-entrypoint readback PLAN ...`) and :5058 (`detail = 'No installed Windows release invocation was performed by the release builder. Rerun scripts/lib/entrypoint-inventory.ps1::Invoke-InstalledEntrypointReadback without -WhatIf ...'`), all read verbatim at 89e10916c, while #1811's only region in the file is :2030-2379 (`Get-ExcludedDispositionReceiptPath` :2030 ... `Assert-ExcludedDispositionReceipt` :2318-2379) plus its two call sites :4491/:5241 - disjoint, and #1858's own card DO NOTs exclude them. #1858 also net-shifts the file by +14 lines only AFTER :2969, so #1811's :2030-2379 anchors do not move. SUPERSEDES the STITCH.tsv row `same-file mention, no write overlap | 1811 | scripts/build-eliot-windows-x64-release.ps1 | none | STILL_NEEDED`, whose evidence text ("its residual is the package-input receipt, not entrypoint dispositions") is stale at 89e10916c - the package-input receipt is implemented (`scripts/verify-excluded-dispositions-1811.py::build_receipt` emits `eliot.excluded-disposition-gate-receipt.v1`), #1811's residual is a Python fixture in a different file, and its entrypoint-disposition subject belongs to the separate `2956` row.	OR
NEW_SEAM: PR #3419 / commit 40497443b already landed #1815's absence/contradiction assessment — re-implementation forbidden on both sides	1815,1831	crates/bridges/eliot-lsp-bridge/src/lib.rs::classify_lookup + ::NormalizedResult::lookup_outcome over crates/foundation/eliot-evidence/src/lib.rs::check_absence_preconditions	40497443b	ABSORVED	`git merge-base --is-ancestor 40497443be053f785eb2a32d74225c03241d4178 origin/main` exits 0 and `git show --stat 40497443b` is 1 file / +5 / -2 in crates/bridges/eliot-lsp-bridge/src/lib.rs at this sha, so lib.rs:869 -> check_absence_preconditions (eliot-evidence/src/lib.rs:446) and lib.rs:875-877 ProvenAbsent/Unknown/Contradicted plus the hardcoded `contradicted_by_higher_authority: false` at lib.rs:766 are ON MAIN and must not be re-derived; #1831 owns only the five source/result binding slices (items 1-5) and the CodeCortex consumer (item 7), #1815 owns only the Governor-side qualification adapter, the negative-result capability field and the aggregate propagation	OR
NEW_SEAM - kernel route allowlist is exclusively #1784's; #1823 must read it, never write it	1823 (this card), 1784	bins/eliot-kernel/src/frame_dispatch.rs	3811,3812	SERIALIZE_not_both_in_one_wave (exclusive writer is #1784; #1823 writes zero lines here, so #1823 is never the second writer)	PLAN-ROWS.tsv row 1784 col `write_paths` lists `bins/eliot-kernel/src/frame_dispatch.rs` while row 1823 lists it only in READ_ONLY; #1823's sole WRITE_PATHS element is `bins/eliot-kernel/src/anchored_review.rs` (:52 of the allowlist already reads "Issue #1823 (I10.18/I10.21): the anchored-review Store-bridge legs", so #1784's new marker joins the same arm and must rebase after #1823 lands)	OR
NEW_SEAM - kernel admitted-daemon dispatch arms are exclusively #1784's	1823 (this card), 1784	bins/eliot-kernel/src/daemon_request_dispatch.rs	3811,3812	SERIALIZE_not_both_in_one_wave (exclusive writer is #1784; #1823 writes zero lines here)	PLAN-ROWS.tsv row 1784 col `write_paths` names `bins/eliot-kernel/src/daemon_request_dispatch.rs`; origin/main:bins/eliot-kernel/src/daemon_request_dispatch.rs:3568-3609 already serves the seven anchored-review arms, so #1784's added arm shares the match and must rebase; `gh api …/pulls/3812/files` (+1/-0) and `…/pulls/3811/files` (+4/-0) both already patch this file	OR
NEW_SEAM - kernel module list is exclusively #1784's; #1840 also holds it READ_ONLY, so the "#1840 writes it" premise is false	1823 (this card), 1784, 1840	bins/eliot-kernel/src/lib.rs	3811,3812	SERIALIZE_not_both_in_one_wave (exclusive writer is #1784; #1840 does NOT write this file)	PLAN-ROWS.tsv row 1784 col `write_paths` names `bins/eliot-kernel/src/lib.rs`, but row 1840 col `write_paths` is `["bins/eliot-kernel/src/main.rs","bins/eliot-kernel/src/audit_fallback.rs","bins/eliot-watchdog/src/runtime_loop.rs","bins/eliot-watchdog/src/watchdog_composition.rs","bins/eliot-watchdog/src/audit_anchor_sink.rs"]` and lists `bins/eliot-kernel/src/lib.rs` in READ_ONLY — the batch premise that #1840 writes any of the three kernel files is refuted; PR #3812 (+2/-0) and #3811 (+2/-0) both patch lib.rs	OR
NEW_SEAM - Store-catalogue row and external client producer for the seven ANCHORED_REVIEW_* operations	1823 (this card), 1820 (sibling named-Store-operation lane), 1818	bins/eliot-kernel/src/anchored_review_bridge.rs, crates/storage/eliot-store-api/src/operation_catalogue.rs	3812,3811	STILL_NEEDED (deliberately deferred, not part of the four proofs; neither open PR absorbs it)	origin/main:bins/eliot-kernel/src/anchored_review_bridge.rs:70,73,76,79,82,85,88 declares the seven `*_OPERATION` names; `git grep -rn "SubmitAnchoredReviewItem|…|EscalateReviewBlocker" origin/main -- ':!bins/eliot-kernel'` finds nothing outside the coordination twin's own draft type; `gh api …/pulls/3812/files` adds only `GetMailboxItem`/`AdmitMailboxItem`/`RecordMailboxDelivery`/`AcknowledgeMailboxItem`/`ExpireMailboxItem` and `…/pulls/3811/files` adds only `GetIntegrationCandidate`/`ApplyIntegrationCandidate` to `operation_catalogue.rs` — NEITHER adds a deviation, attention, or anchored-review operation, so the gap survives both PRs and the catalogue needs a rebasing writer after whichever lands	OR
none (refuted)	1827, coordination	crates/governor/eliot-coordination/src/peer_communication.rs::PeerMessageKind::ReviewBatch — STITCH row 114's "I10 mailbox message-kind vocabulary" seam with #1827	pr none	DROPPED — STITCH row 114's premise is refuted at 89e10916c	`crates/governor/eliot-coordination/Cargo.toml` declares only `eliot-agent-contracts` + `eliot-contracts` (no `eliot-task`); `PeerMessageKind::ReviewBatch` (peer_communication.rs:83, :106 `"review_batch"`, :128) carries `ReviewBatch` from `crates/agent/eliot-agent-contracts/src/lib.rs:1052`, a review-draft envelope — it is not an I10.20/I10.22 professional-boundary kind and #1827's Work names no message kind, so it cannot carry attempt stop or an evaluator disposition	OR
none (refuted)	1862, 1866	bins/eliotd/src/campaign_task_controller.rs — STITCH row 118's shared-file seam	pr none	DROPPED as a shared-file claim — neither body names the path (disagrees with STITCH row 118's "STILL_NEEDED - recheck at dispatch")	`gh issue view 1862/1866 --json body` at this sha: #1862's `## Scope and owner` is "`crates/smart/eliot-learning-state-view` with Context Compiler integration" and #1866's is "Reachable Meta/Memory OS/Governor closure integration, anchored by the product campaign lifecycle"; neither body contains `campaign_task_controller`, `eliot-task` or `bins/eliotd`. #1862's Work does list "Task Controller" among the owner revisions it must bind, which is a behavioral consumer relationship and not a proven shared file — recheck only if #1862 lands a writer to bins/eliotd	OR
none (OBSOLETE)	2369	crates/governor/eliot-governor/src/composition.rs holds a production recovery caller of the function #1827 defect 3 must harden (`GovernorOwners::from_recovery` -> `TaskLifecycleOwner::from_snapshot`)	pr 2369 (draft, not in the live open set)	OBSOLETE for #1827	`git grep -n 'TaskLifecycleOwner::from_snapshot' origin/main -- '*.rs'` returns exactly composition.rs:4467, task_lifecycle.rs:1740, task_lifecycle.rs:1784 — note two additional sites the prior batch did not record (task_lifecycle.rs), which widens #1827's read-only set but names no other issue	OR
shared serde boundary fixture regeneration	88;1831	crates/foundation/eliot-contracts/tests/data/shipped_serde_boundaries.toml		must_regenerate_not_hand_edit	Header says Generated by scripts/serde_boundary_inventory.py sync; do not hand-edit. Any retained-field addition to a shipped serde type pins new span/file digests; the DaemonSupervisionCurrentState row is already needs-repair/UNASSIGNED/BLOCKED. For #1831 this fixture carries 81 `eliot-lsp-bridge` rows at 89e10916c and items 1/2/4 change the ObservationReceipt/AnalyzerConfig serde shapes, so it will go stale - #1831 must NOT hand-edit or regenerate it (row #88 owns regeneration), and the batch delta itself rewrote the generator (scripts/serde_boundary_inventory.py +25/-3, scripts/audit-serde-boundary-closure.py +876/-70, PR #2701/#5026)	OR
read-only instrument-runner profile surface is a #1806 write path	1806,1831	crates/instrument/eliot-instrument-runner/src/profile.rs (READ ONLY for #1831; #1806 write path)	none	SERIALIZE_not_both_in_one_wave	NEW_SEAM: #1831 consumes InstrumentSpec / InstrumentRegistry::build / AdmittedStage / admit from this file but must not edit it, while #1806 (OPEN) owns it - its merged PR #3592 (2b616bcc2) edited profile.rs +26 and separately owns crates/instrument/eliot-instrument-api/src/lib.rs (+76) where BuildClass::for_instrument_kind lives. One writer per file: #1806 must land (or #1831 rebases) before any pass that would move InstrumentSpec field shapes; as written this card adds no line to profile.rs, so the serialization is advisory only if a writer is tempted to add an admitted-analyzer field to InstrumentSpec, which the card forbids	OR
crates/agent/eliot-agent-opencode/src/types.rs (same crate as the planned write paths; held READ ONLY)	batch siblings: none name this crate — 1819 writes crates/eliot-engine/src/adapter*, 1840 writes bins/eliot-kernel/src/{main,audit_fallback}.rs + bins/eliot-watchdog/src/{runtime_loop,watchdog_composition,audit_anchor_sink}.rs, 1845 writes crates/instrument/eliot-reports/src/projection.rs, 1858 writes scripts/lib/entrypoint-inventory.ps1, 1840/1789 name 1835 only in a read list	types.rs::NoAuthorityRunResult.events (:1695) / types.rs::OpenCodeEvent.event_type+properties (:245-246) / types.rs::ProviderModel.context_limit (:71)	4599	OBSOLETE	re-verified at 89e10916c: `gh pr view 4599 --json state,isDraft,closedAt,mergedAt,files` = state CLOSED, isDraft true, closedAt 2026-10-03T18:39:15Z, mergedAt null — a closed draft can never land, so the seam is dead rather than merely stale, and it is NOT in the live open set; 4599 does touch `crates/agent/eliot-agent-opencode/src/types.rs`, but #1835 writes no types.rs hunk and pilot.rs can read the retained stream through the public `events` field alone, so the overlap is nil either way	OR
integrations/opencode/route-profile.json disposition consumes this issue's output	batch siblings: none own the route bundle; the binding owner is scripts/agent_route_contract.py:7 `HOSTS = ("codex", "opencode", "claude", "antigravity")`, wired to `just agent-route-bundles` (Justfile:72-73)	integrations/opencode/route-profile.json::disposition.non_admittable_reasons[4] and [5]	none open (re-verified `gh api .../pulls/<n>/files` for all 7 live PRs 5021/5018/4845/3812/3811/3804/2956 — none lists route-profile.json)	STILL_NEEDED_DOWNSTREAM	:191 "RGF-AGENT-ROUTES admission evidence does not exist: no route-profile admission receipt names this route_id, so the required endpoint, OpenCode/runtime version, serializer/template revision, tool-role ordering, reasoning/continuation settings, compaction behavior, and auth/quota surface are unrecorded" and :192 "the six mandated RGF-AGENT-ROUTES pilot probes have no retained route-admission artifacts, so the route is unadmitted and selects only bounded implementation, read-only scouting, or broad coverage" — read only here; the bundle stays non-admittable until live probe evidence exists, so do not relax those two reasons from this slice	OR
docs/code-navigation/PACKAGE_DOCS_INDEX.md row 78 enumerates this package's targets	batch siblings: none own the package index	docs/code-navigation/PACKAGE_DOCS_INDEX.md:78 row for crates/agent/eliot-agent-opencode	4688, 3579, 4240	NEW_SEAM	row re-verified at 89e10916c: it lists exactly `bin: src/bin/eliot-opencode-bootstrap.rs`, `lib: src/lib.rs`, `test: tests/admitted_attempt_edge.rs`, `test: tests/reconciliation.rs`, so keeping the proof inside pilot.rs as a `#[cfg(test)] mod tests` adds NO target and `just code-navigation` (Justfile:29-30) stays green; `just code-navigation-sync` (Justfile:32-33) must NOT be run. The prior batch's three cited PRs are dead: `gh pr view` now returns state CLOSED, mergedAt null for 4688 (closedAt 2026-10-03T18:39:21Z), 3579 (closedAt 2026-10-03T18:39:17Z) and 4240 (closedAt 2026-10-03T18:39:23Z), each of which had touched PACKAGE_DOCS_INDEX.md; no live open PR touches it (5021 touches config/doc-code-conformance.toml, crates/kernel/eliot-ors/src/status.rs, bins/eliot-watchdog/src/health_projection.rs, crates/foundation/eliot-bootstrap/src/capture.rs, crates/smart/cognitive-rev12-contract-schema-freeze.toml, scripts/README.md)	OR
workstreams/swarm/BLOCK-MAP.md carries the #1835 plan row this card supersedes	batch sibling 5018 edits the same planning file	workstreams/swarm/BLOCK-MAP.md:1780 (row keyed "#1835", item text "W3/A1: derive continuation_turns_observed, reasoning_continuation_preserved, measured_context_limit, measured_output_limit and compaction_observed from the real NoAuthorityRunResult instead of hard-coded constants at crates/agent/eliot-agent-opencode/src/pilot.rs:62/65/71/72/73 (both opencode_pilot_observation and _with_fallback), so route_admission.rs:292 can reach Admitted and select_opencode_route"; item "typed refusal for an unmatched fingerprint route_admission.rs:362 RouteNotAdmitted; role restriction RoleNotPermitted + the three eligible scopes; fingerprint")	5018	PLANNING_ONLY_READ_ONLY	re-verified at 89e10916c: the row is at BLOCK-MAP.md:1780 and its line numbers are EXACT - pilot.rs:62/65/71/72/73 are precisely the five constants - but its lane/disposition columns are not authority (brief 1.3). Open draft PR #5018 (isDraft true, 138 files, all workstreams/swarm/**) edits this same file: gh api .../pulls/5018/files lists workstreams/swarm/BLOCK-MAP.md, touches no crate file, and adds NO workstreams/swarm/cards/1835.md; #1835 writes no planning file	OR
merged PR #3170 split the status taxonomy but every production producer still emits the old statuses, so the external-agent circuit breaker is dead code	1819, 1835 (both OPEN)	crates/eliot-app/src/host_runtime/external_agent.rs	[]	STILL_NEEDED	OUT OF THIS CARD: crates/eliot-app/AGENTS.md:65-68 "Do not add: ... a new task, WorkScope, memory, policy, finish, coordination, scheduling, Module Catalog, storage, recovery, provider, or runtime owner" bars it. Re-verified at 89e10916c: external_agent.rs:2874/:2912/:2946/:2987/:3098 still assign `AdapterResultStatus::Failed` / `AdapterResultStatus::Timeout` where the post-#3170 split requires TransportFailure/IntegrityFailure, and #1819's merged WRITE_PATHS are crates/eliot-engine/src/{adapter.rs,adapter/adapter_registry.rs,lib.rs} + crates/eliot-engine/tests/adapters.rs with external_agent.rs in its READ_ONLY — so neither lane owns the translation; it belongs to the eliot-app legacy-facade lane, and #1835 must not touch it. #1835 owns the DeepSeek/OpenCode route that feeds the same adapter	OR
#1840's W3 profile spool contour is a different contour entirely	1840	bins/eliot-kernel/src/main.rs (W3 RuntimeProfile injection) vs crates/agent/eliot-agent-opencode/src/pilot.rs	[]	NEW_SEAM	re-verified at 89e10916c: #1840's merged WRITE_PATHS are bins/eliot-kernel/src/{main.rs,audit_fallback.rs} + bins/eliot-watchdog/src/{runtime_loop.rs,watchdog_composition.rs,audit_anchor_sink.rs} (`git cat-file -e origin/main:bins/eliot-kernel/src/main.rs` exit 0) and its W3 leg runs `main.rs -> kernel_config.rs::KernelConfig::with_audit_fallback_profile -> audit_fallback.rs::prove_spool_contour`; zero path overlap with this card's three write paths, and neither issue names the other's symbols, so no sequencing constraint exists	OR
T3 same-file serialize with #1837	1840, 1837	NEW_SEAM: bins/eliot-kernel/src/kernel_audit.rs — READ_ONLY for #1840, WRITE path of #1837	none	SERIALIZE_not_both_in_one_wave	#1840's only T3 change is the CALLER in bins/eliot-kernel/src/main.rs, so the two lanes touch disjoint files only if #1840 keeps kernel_audit.rs read-only; #1837's residual (resume_anchor_hash verify + write_sync immutability) is unfixed at 89e10916c, so dispatching both as writers of kernel_audit.rs would violate one-writer-per-file	OR
producer-consumer adjacency, not blocking	1840, 1836	NEW_SEAM: bins/eliot-kernel/src/audit_fallback.rs::KernelAuditFallback::open builds CriticalEventSinks with `normal: None, spool: None` (:834-838) and only the SystemService arm gets EventLogReport (:823); #1836 comment 5940047911 refutes crates/instrument/eliot-observability-runtime/src/event_log.rs::EventLogReport::event_for (:174-183) and that crate's SpoolSinks appender	none	STILL_NEEDED (1840 owns the profile injection; #1836 owns event_log.rs/bootstrap.rs/critical_path.rs — #1840 must not edit any of the three)	#1840's W3 injection makes the SystemService stage-3 arm reachable; #1836's W5/A3 refutation says event_for returns None for "audit.fallback.last_resort", so #1840 must not claim the stage-3 event-log channel is visible	OR
read-only neighbour lib.rs, explicit SERIALIZE	1840, 88, 1784	NEW_SEAM: bins/eliot-kernel/src/lib.rs — READ_ONLY for #1840, WRITE path of #88 and #1784 (both OPEN)	3811, 3812	SERIALIZE_not_both_in_one_wave	STITCH.tsv already carries `write-path collision bins/eliot-kernel/src/lib.rs | 88;1784 | bins/eliot-kernel/src/lib.rs | 3811;3812 | SERIALIZE_not_both_in_one_wave`; `gh api pulls/3812/files` and `pulls/3811/files` both list bins/eliot-kernel/src/lib.rs, so #1840 must not edit it and must rebase after whichever of #88/#1784 lands — no export is missing (lib.rs:106-111 already re-exports AuditSpoolBinding and audit_spool_dir)	OR
PR #2701/#5026 admission-boundary tightening vs any future eliot-reports derive or variant	1845	scripts/audit-serde-boundary-closure.py, scripts/serde_boundary_inventory.py	2701, 5026	NEW_SEAM	NEW at 89e10916c — the only delta since the previous OR base, and it intersects this issue's READ_ONLY set, not its write paths or release condition. `serde_boundary_inventory.py::validate_against_artifact` now returns `"repair_child": r["repair_child"]` in its row projection (+25/-3, incl. `UNKNOWN_BASE_SENTINEL = "unknown-base"` read from the owner module at the single admission point), and `audit-serde-boundary-closure.py` (+876/-70) closes a closed key set over that result: `REQUIRED_CHECK_RESULT_KEYS = frozenset({"rows","digest","header"})`, `REQUIRED_CHECK_ROW_KEYS = frozenset({"candidate_id","id","disposition","owner","repair_child","digest"})`, `_is_sha256_digest` (64 lowercase hex), `_is_checked_base_sha` (40 lowercase hex or the owner-published sentinel), `proof_ceiling` compared for EQUALITY to `accepted_proof_ceiling(module)`, disposition checked against `accepted_dispositions(module)` rather than a coordinator copy, and `unassigned_count`/`unknown_count`/`candidate_count`/`classified_count` compared for equality against the returned rows' own fields. Consequence for this issue: ANY new derive or variant added to `crates/instrument/eliot-reports` must now satisfy a strictly tighter admission contract before `python scripts/audit-serde-boundary-closure.py` will evaluate any closure case, and the new code is currently unreachable because `check()` (:2964-2979) calls `validate_against_artifact` (:2815-2824) which raises `InventoryError("STALE_INPUT", ...)` first. The release condition did not move, was not met, and is unchanged	OR
mandatory docs_read.py route for an eliot-reports mutation	1845	docs/architecture/handle-index.json, docs/architecture/route-rules.toml, scripts/docs_router_core.py	none	DELIVERABLE (prior evidence refuted)	NEW_SEAM — the AGENTS.md/READING_PROTOCOL gate is SATISFIABLE for this crate, so the `_b155657` claim "so `scripts/docs_read.py` cannot deliver an I16.8 reading receipt for a mutation of this crate" is FALSE and must not be cited as a blocker. `scripts/docs_router_core.py:29` `DEFAULT_INDEX = "docs/architecture/handle-index.json"` (not PACKAGE_DOCS_INDEX.md); that index carries `I16.8` → `"title": "I16.8. Reports"` and `I16.22` → `"title": "I16.22. Contract and documentation burden"`; `governing_handles` (:277-305) strips the handle token and matches the whole prose title as a contiguous `--topic` token run; `route_payload` (:475-479) unions those into `required_handles` with the explicit comment "The causal property names its own governing fragment; a route table gap must not silently demote it to one-hop optional material (#929, #958, #1730, #2970)"; and `docs/architecture/route-rules.toml:31-35` route `generic-source` matches `crates/**`, so `matched_routes` is non-empty and `python scripts/docs_read.py read --path crates/instrument/eliot-reports/src/projection.rs --topic "<prose naming Reports and Contract and documentation burden>"` returns I16.8 and I16.22 as REQUIRED	OR
known-deviation rendering in report/status families	1845	crates/meta/eliot-runtime-status vs crates/instrument/eliot-reports	-	SEPARATE - #1798 projects into eliot-runtime-status, #1845 owns the Kernel report/projection crate	docs/architecture/I16-15-architecture-implementation-and-donor-coverage-reports.md:12 "known deviations and unsupported contracts"; #1845 Scope owner "Kernel report/projection crate" — CONFIRMED and CORRECTED: STITCH L152/L209 name `crates/research/eliot-reports`, which does not exist on main (`git ls-tree -d origin/main -- crates/research/eliot-reports` returns nothing; only `crates/meta/eliot-runtime-status` is present), and #1798 is still OPEN with `## Scope and owner` = "`bins/eliot-user-broker` for the existing deviation; `crates/governor` canonical records for the shared mechanism", so the real shared surface is `crates/meta/eliot-runtime-status` vs `crates/instrument/eliot-reports` and the two stay disjoint	OR
NEW_SEAM identity-coverage keys that turned #216's A3 red were introduced by OPEN #1855	1850,1855,216	crates/foundation/eliot-bootstrap/src/lib.rs (PRODUCT_IDENTITY_COVERAGE_KEYS :334-338, ensure_product_identity_coverage :552-564, called at :694) ; crates/foundation/eliot-bootstrap/src/capture.rs (product_identity_records :266-276)	NONE	STILL_NEEDED	`git log -S PRODUCT_IDENTITY_COVERAGE_KEYS origin/main -- crates/foundation/eliot-bootstrap/src/lib.rs` = single commit 915bcd060 "fix: Constrain build success to its actual claim boundary (#1855) (#3294)" (2026-09-27, +50 lib.rs / +15 capture.rs), and `git merge-base --is-ancestor 4c5b1f80 915bcd060` exits 0 so #216's merge (PR #1407) predates it; #1855 is still OPEN, so a third writer owns both of 1850's write paths in eliot-bootstrap and is the proximate cause of #216's red A3 — 1850 must serialize behind #1855's remaining acceptance and must not re-shape these keys while #216 repairs the proof	OR
legacy facade durable-writer chain the existing import service targets	1854,1858,18,1719	crates/eliot-engine/src/writer.rs, crates/eliot-store/src/canonical_store.rs	2956	OBSOLETE as a target for any new caller	docs/PROJECT_MAP.md:97 (crates/eliot-store) "Migration facade around historical store-facing behavior. It cannot bypass the current store API/bridge or become a second storage owner."; crates/eliot-engine/src/writer.rs::WriterActor apply at :2162 calls crates/eliot-store/src/canonical_store.rs::CanonicalStore::apply_write_envelope (:1522 -> :1529 -> `self.execute_value(NamedSurqlOp::ApplyWriteEnvelope, ...)` :1544), writing NamedSurqlOp::ApplyWriteEnvelope directly and bypassing Kernel and ORS; issue 1858 (OPEN) "The Kernel remains the sole authority boundary and only durable writer"; `gh api .../pulls/2956/files` confirms PR 2956 (DRAFT, OPEN) touches exactly 2 files - docs/release/WINDOWS_X64_RELEASE.md (+1/-1) and scripts/build-eliot-windows-x64-release.ps1 (+16/-2) - neither in #1854's write or read paths, and its patch explicitly RETAINS the legacy build (`Retained`/`retained-legacy-entrypoint`, `$governorPath = ... release\eliot-governor.exe`, "While `crates/eliot-app` is a workspace member, the disposition is `retained-legacy-entrypoint`"), so it does not obsolete the chain and does not absorb #1854's work; #1189 dropped from this row (CLOSED 2026-09-16, output absent from main - all four legacy Cargo.toml exit 0) and #1719 (OPEN) named instead as the live release owner of that front door	OR
shared path, one writer, verified zero content coupling	1811 + 1858	scripts/build-eliot-windows-x64-release.ps1	none	STILL_NEEDED (verified shared path, zero content coupling; no serialization required)	NEW_SEAM, supersedes the merged `same-file mention, no write overlap` row. ADJUDICATED DEFECT: the merged row is NOT a write/write contradiction — `PLAN-ROWS.tsv` col2 gives #1858 WRITE_PATHS ["scripts/lib/entrypoint-inventory.ps1","scripts/build-eliot-windows-x64-release.ps1","docs/integrations/claude/CLAUDE_CODE_PLUGIN.md","docs/integrations/claude/CLAUDE_DESKTOP_MCPB.md"] and col3 of the #1811 row gives WRITE_PATHS ["scripts/tests/test_excluded_dispositions_gate_1811.py"] with `scripts/build-eliot-windows-x64-release.ps1` in READ_ONLY, so there is exactly ONE writer and one-writer-per-file is satisfied. But the merged row's class label is what the cross-check tripped on: #1811's own gate names this exact path as an evidence owner — `scripts/verify-excluded-dispositions-1811.py:245` `"scripts/build-eliot-windows-x64-release.ps1 (RELEASE.json, SHA256SUMS.json)"` inside `I15_9_ELEMENT_OWNERS["artifact_hash_and_signature"]`. A second bounded grep (`git grep -n -i -E "entrypoint|legacy_governor|LEGACY_GOVERNOR|build-eliot-windows" origin/main -- scripts/verify-excluded-dispositions-1811.py scripts/tests/test_excluded_dispositions_gate_1811.py scripts/tests/test_standalone_dispositions_1811.py scripts/verify-standalone-crates.py`) returns ONLY that same line, so #1811 never reads the builder's content and the string is a literal in #1811's own Python file. #1858's builder edits (:91-93 header comment, :3106-3111 comment, :5006-5011 comment, :5050-5059 `RELEASE.json claude_code_front_door` evidence strings) are `installed_runtime_observation`/`source_declared_behavior` prose about entrypoint dispositions, which are not `RELEASE.json`/`SHA256SUMS.json` artifact-hash ownership, so #1811's gate verdict cannot move. I therefore do NOT adopt SERIALIZE_not_both_in_one_wave: it would be cargo-culting a hazard the evidence does not support. If the manager prefers the conservative read, serializing costs one wave and changes nothing.	OR
open-PR overlap, regression hazard on the other lane's file	1719 + 1858	docs/release/WINDOWS_X64_RELEASE.md	2956	STILL_NEEDED	CORRECTED EVIDENCE — `_b155657`'s version of this row was wrong in a material way. PR 2956's `docs/release/WINDOWS_X64_RELEASE.md` hunk header IS `@@ -12,7 +12,7 @@` and its ADDED line DOES still carry the identical stale prose ("exactly one host moves off the legacy Governor MCP entry behind an explicit flag; Codex, OpenCode, and Claude Desktop keep their `eliot-governor` entries while the flag is absent") — but MAIN no longer carries that contradiction. `docs/release/WINDOWS_X64_RELEASE.md:15` at 89e10916c is already reconciled to "three hosts (Claude Code, Claude Desktop, OpenCode at the default profile) moved off the legacy Governor MCP entry to the approved Bridge with no ambient operator flag (unconditional cutover owned by the #1858 track, extended to Desktop and OpenCode under #18) ... `ELIOT_CLAUDE_FRONT_DOOR` survives only as refusal evidence and never gates behavior." (`git merge-base --is-ancestor 166fb1131 5b9d4956` exits 0 and `git show 5b9d4956:docs/release/WINDOWS_X64_RELEASE.md` already contains "three hosts", so this was visible at `_b155657`'s own sha and was missed there). That reconciliation is why PR 2956 is CONFLICTING. So the seam is no longer "both docs need reconciling": main:15 is the CONVERGENCE TARGET the two Claude integration docs must be rewritten onto, and the live hazard is a REGRESSION — landing PR 2956's doc hunk would put the stale claim back. This issue must NOT touch that file; the rebase-and-drop-the-doc-hunk call belongs to the #1719 lane.	OR
one-writer Task Controller decode vs the attempt/outcome owner record	1866	`bins/eliotd/src/campaign_task_controller.rs::decode_task_controller_action` (declared 579, called 551) is the single admission point that turns a caller-supplied `TaskControllerInvocation::task_input` into a `TaskProposal` or `GuardedTaskCommand`; #1862 consumes the attempt/outcome owner record through `CampaignSourceRole::AttemptLineageLatestOutcomes` on the separate campaign-packet lane	none open (1866 is issue-only, no PR)	STILL_NEEDED, non-blocking - neither side schedules the other	re-measured at 89e10916c: `git grep -n decode_task_controller_action origin/main -- '*.rs'` returns exactly two hits, the declaration at `bins/eliotd/src/campaign_task_controller.rs:579` and its only call at `:551`, and the only two `invocation.task_input` decodes in the tree are `:586` and `:594`, both inside that function; `git grep -n ATTEMPT_LINEAGE_CAMPAIGN_OWNER_ID origin/main` returns exactly two hits, both in `crates/storage/eliot-store-api/src/lib.rs` (`:2988` the declaration, `:3025` the role mapping), therefore ZERO writer in `bins/`, `crates/kernel/` or `crates/governor/` and #1862's `AttemptLineageLatestOutcomes` role is unproducible today, #1866 being its only candidate producer; #1862 is NOT blocked on it because `crates/smart/eliot-context-candidates/src/campaign_view.rs::check_campaign_learning_state_view` refuses only `Completeness::Stale | Completeness::Blocked` (plus `invalidated`) and never inspects `AttemptLineageLatestOutcomes`, and `git grep -l assemble_campaign_learning_closure origin/main -- crates bins` returns only `crates/meta/eliot-improvement/**` (src, tests and its module toml), so `CampaignLearningClosure` still has zero production construction sites and #1866 needs no view to land	OR
NEW_SEAM campaign-view durable serialize surface vs row #269's eliot-ors store write unit	1862,269	`crates/kernel/eliot-ors/src/store.rs` is READ_ONLY for #1862 but a WRITE_PATH of merged PLAN-ROWS row 269 (`["crates/kernel/eliot-ors/src/process_stream_recovery.rs","crates/kernel/eliot-ors/src/store.rs"]`, issue #269 OPEN "[process-evidence/ors] Retain only immutable stream locator and coverage recovery state", whose ITEMS include "codec round-trip plus corruption and codec-version-mismatch negatives"); the shared surface is `const CAMPAIGN_LEARNING_STATE_VIEWS` (`store.rs:3412-3413`, table `ors_campaign_learning_state_views_v1`), `load_campaign_learning_state_view` (trait `:4434`, impl `:22351`, `RedbRecoveryStore` `:38055`, facade `:38734`), `campaign_view_publication` (`:39591`) and `campaign_view_identity_conflict` (`:39612`), encoding `eliot_store_api::CampaignLearningStateViewPublication` (`crates/storage/eliot-store-api/src/lib.rs:3469`, `#[serde(deny_unknown_fields)]`, carries the whole `view: CampaignLearningStateView`) through `impl PersistedValue` at `crates/kernel/eliot-ors/src/persistence_codec.rs:419`	none open (269 is issue-only, no PR)	STILL_NEEDED, non-blocking - one writer: #269 owns `store.rs`; #1862's four proofs are unit proofs under `crates/smart/**/tests` that never open the store, so #1862 must not change the persisted shape, the `ors_campaign_learning_state_views_v1` table name or the content-addressed `view_id`/`canonical_digest` identity	re-verified at 89e10916c by reading `store.rs` (every hit above) and by confirming the 2-commit delta and all 7 live open PRs leave both `store.rs` and `persistence_codec.rs` untouched; `gh pr view 5021/5018/4845/3812/3811/3804/2956` file lists name `crates/kernel/eliot-ors/src/status.rs` (5021) but neither `store.rs` nor `persistence_codec.rs`	OR
CORRECTION to the STITCH row "no live PR overlap on any write or read path": none of the 7 open PRs touches a #1866 write path, but two of them DO touch a #1866 read path	1866	crates/storage/eliot-store-api/src/lib.rs	3811,3812	OBSOLETE	re-verified at 89e10916c via `gh pr list --state open` (exactly 5021, 5018, 4845, 3812, 3811, 3804, 2956) and `gh api .../pulls/<n>/files` + `gh pr diff` for all 7: 3811 and 3812 both patch crates/storage/eliot-store-api/src/lib.rs (read path, cited by EVIDENCE for ATTEMPT_LINEAGE_CAMPAIGN_OWNER_ID) but their hunks (old-base 47/278/3756/3881/3893 and 48/89/3737/3855/3893) miss the campaign-source owner matrix at :3019/:3051/:3094/:3172/:3179/:3697, so there is no shared hunk and CONFLICTING_PRS stays []; none of the 7 touches crates/meta/eliot-improvement/** or bins/eliotd/**; 5018 is workstreams/swarm/** planning only and ships no cards/1866.md	OR
seam: competing session state machine that must not be extended	1877	crates/governor/eliot-session/src/lib.rs::SessionLifecycleOwner	none	STILL_NEEDED	evidence: SessionState::{Registering, Active, Idle, Disconnected, Expired, Revoked, Draining, Closed} and SessionCommand::{.., Expire, Revoke, ..} differ from I7.14's ATTACHING/ACTIVE/SUSPENDED/DETACHED/EXPIRED/REVOKED set; consumed by crates/governor/eliot-governor/src/composition.rs, so #1877 must add no third session machine — RE-VERIFIED at 89e10916c: eliot-session/src/lib.rs:67, :132, :205; composition.rs:109/:4420/:4475/:12319/:12784	OR
seam: same file, distinct region - the crate root declaring the session registry	1877	bins/eliot-kernel/src/lib.rs	3812,3811	STILL_NEEDED	evidence: 3812's only lib.rs hunk is `@@ -76,6 +76,8 @@` adding `mod mailbox;` and 3811's is `@@ -274,6 +274,8 @@` adding `mod integration_candidate;`, while `agent_application_sessions` sits at lib.rs:858 - no hunk overlap, so neither PR conflicts with #1877's eventual seam there — RE-VERIFIED at 89e10916c: each PR's lib.rs patch contains exactly ONE hunk (hunk count = 1 for both) and `agent_application_sessions` is still lib.rs:858	OR
seam: consumed session-bound lease revocation whose only contract surface is dead	1877	crates/governor/eliot-authority/src/leases.rs::ActionLease.session	none	STILL_NEEDED	evidence: `ActionLease::authorize` returns `AuthorityError::Revoked` on `self.revoked` and `AuthorityError::FenceMismatch` on `self.session.session_id != current_session.session_id`; `git grep -n "ActionLease\b" origin/main -- '*.rs'` matches outside eliot-authority only in doc comments and in crates/eliot-app's unrelated type (eliot-app's Cargo.toml has no eliot-authority dependency), so the lease has no producer to bind — EVIDENCE CORRECTED at 89e10916c while the disposition holds: eliot-app defines NO own type (crates/eliot-app/src/commands.rs:67 imports `ActionLease` from `eliot_types`), the second same-named type is `eliot_types::ActionLease` (crates/eliot-types/src/memory.rs:2404, no session field, no revoked flag) which IS produced in production at crates/eliot-engine/src/action.rs:54 and consumed at crates/eliot-app/src/action_plan.rs:94, and `git grep -n "ActionLease::new" origin/main -- '*.rs'` returns only crates/governor/eliot-authority/tests/model.rs:315/:386/:455/:500, so eliot_authority::ActionLease still has zero production producers and is still inadmissible to `bind_lease` (leases.rs:168 `pub session: SessionBinding`; crates/governor/eliot-authority/Cargo.toml has no eliot-ipc dependency, exit 1)	OR
seam: same file, current consumer of agent_application_sessions	1877	bins/eliot-kernel/src/host_request_route.rs	none	STILL_NEEDED	evidence: the merged row cited `gh api repos/UnknownAlienHuman/eliot-memory-os/pulls/3869/files` and `/2369/files`, both list bins/eliot-kernel/src/host_request_route.rs; neither touches bins/eliot-kernel/src/agent_bridge.rs or crates/kernel/eliot-ipc/src/session_lifecycle.rs, so #1877's eventual seam there is conflict-free today — PR COLUMN CORRECTED to `none` at 89e10916c because 3869 and 2369 are NOT in the live 7-PR open set and must not be cited as open conflicts; the seam itself holds and is now stronger: host_request_route.rs reads `agent_application_sessions` at :2879/:3881/:7339 and `bound_leases()` at :2897/:3894/:7361, and no open PR in the live set touches that file	OR
seam: same owner crate + same session-lifecycle surface	1877	crates/kernel/eliot-ipc/src/lib.rs, crates/kernel/eliot-ipc/src/session_lifecycle.rs; #1877 owns I7.14 session state/transition authority while #1881 owns the I7.2 per-connection transport admission bound	none	STILL_NEEDED	evidence: #1877 body names `crates/kernel/eliot-ipc` as owner and `Session`/`SessionState`/`admission queues` as existing code; it does not require or produce an admission queue, so neither waits on the other, and `crates/kernel/eliot-ipc/src/session_lifecycle.rs` is READ_ONLY for #1881 — CONFIRMED at 89e10916c: lib.rs:42 `pub use session_lifecycle::{ApplicationSession, ApplicationSessionState, DurableWorkCheckpoint, SessionLease, SessionLifecycleError, TransportBindingObservation, TransportKind};` and #1881 is OPEN	OR
NEW_SEAM	1746	bins/eliot-kernel/src/lib.rs::ActivatedApplicationBinding (task_id / work_scope_id / task_revision) is the only in-Kernel enumeration of the session's durable work and is consumed here as the comparison subject, not as a checkpoint subject	none	STILL_NEEDED	evidence: host_request_route.rs:2821/:2826/:2831 and :2858/:2860/:2861 compare later claims against `retained.task_id`/`retained.work_scope_id`/`retained.task_revision` (19 `retained.*` sites overall incl. :2461-:2464, :2658-:2662, :2708-:2713, :3820-:3848, scan_disclosure_route.rs:927-:929, eliot-governor/src/finish_attempt.rs:897-:898); #1746 is OPEN and no issue names this record as the session's checkpoint subject — RE-VERIFIED at 89e10916c	OR
NEW_SEAM	1745	bins/eliot-kernel/src/host_request_route.rs::KernelComposition::validate_host_request_application_session reads `session.bound_leases()` and its own comment names #1745 as the producer of per-capability grants	none	STILL_NEEDED	evidence: host_request_route.rs:2897-2901 "// Activation creates no session-bound capability leases. This rejects expired/revoked records when present; per-capability grants remain #1745."; #1745 is OPEN ([I7-audit] Compile task-relative tool surfaces with semantic and exposure receipts) and its body commits to tool-surface/exposure receipts, not a `SessionLease` producer — RE-VERIFIED at 89e10916c	OR
NEW_SEAM	1943	crates/kernel/eliot-ipc/src/session_lifecycle.rs::ApplicationSession::admit_role_capability / transition_role_capability are definition-only and their doc comments name #1943 as the DOWNSTREAM consumer, so the dependency runs the other way	none	STILL_NEEDED	evidence: `git grep -n "admit_role_capability" origin/main -- '*.rs'` = one hit session_lifecycle.rs:447, `git grep -n "transition_role_capability" origin/main -- '*.rs'` = one hit session_lifecycle.rs:486; doc comments "This is the server admission production caller for `CapabilityContext::admit` (issue #1943)" and "This is the server transition production caller for `CapabilityContext::transition` (issue #1943)"; #1943 is OPEN	OR
NEW_SEAM	1879	crates/kernel/eliot-ipc/src/session_lifecycle.rs::ApplicationSession::set_continuation_ttl_policy / continuation_state_retained govern crates/foundation/eliot-protocol/src/route_continuation.rs::RouteContinuationState	none	STILL_NEEDED	evidence: `git grep -n "RouteContinuationState" origin/main -- '*.rs'` returns route_continuation.rs:436 `pub struct RouteContinuationState` and root.rs:119 re-export only; both policy methods have no caller; #1879 is OPEN and names I7.14 as one of its governing fragments	OR
NEW_SEAM read/write clash, #791 reads what #1881 writes	791;1881	crates/kernel/eliot-ipc/src/frame_codec.rs	none	SERIALIZE_not_both_in_one_wave	`git cat-file -e origin/main:crates/kernel/eliot-ipc/src/frame_codec.rs` EXIT 0. It is WRITE_PATHS col3 of PLAN-ROWS.tsv row 1881 and `read_only` of PLAN-ROWS.tsv row 791 (`read_only` = ["crates/kernel/eliot-ipc/src/frame_codec.rs","crates/kernel/eliot-ipc/src/role_lease.rs","crates/kernel/eliot-ipc/Cargo.toml","docs/ADR/0014-unsafe-ownership-and-exceptions.md","crates/kernel/eliot-platform-windows/src/named_pipe_peer_auth.rs","crates/eliot-windows-ipc/src/lib.rs","bins/eliotd/src/daemon_kernel_client.rs","bins/eliot-kernel/src/front_door_driver.rs","crates/foundation/eliot-protocol/src/pipe_name.rs"]); `gh issue view 791` -> OPEN "[F-UNSAFE-KIPC] Audit and bound every unsafe family in eliot-ipc". #1881 must hand `frame_codec::encode_frame` its owned `Vec<u8>` so `admit_frame` never re-encodes; #791 reads the codec as its READ_ONLY contract, so a same-wave write makes its unsafe/coupling analysis read a stale or mid-edit file. Not carried by STITCH.tsv (its only frame_codec-touching row, line 71, is the 789;791;726;860;1943 marker-grammar seam with `reuse_the_grammar_never_edit_the_parser` and does not name 1881). Serialize.	OR
NEW_SEAM read/write clash, #791 rewrites the file #1881 reads	1881;791	crates/kernel/eliot-ipc/tests/unsafe_family_boundaries.rs	none	SERIALIZE_not_both_in_one_wave	`git cat-file -e origin/main:crates/kernel/eliot-ipc/tests/unsafe_family_boundaries.rs` EXIT 0. It is READ_ONLY for row 1881 and `write_paths` for PLAN-ROWS.tsv row 791 (`write_paths` = ["crates/kernel/eliot-ipc/src/lib.rs","crates/kernel/eliot-ipc/tests/unsafe_family_boundaries.rs","crates/kernel/eliot-ipc/tests/data/unsafe_family_cases.json"]). Reverse direction of the same file as the `lib.rs` SERIALIZE row: #1881 depends on `// WORK_UNIT_CASE: 1881/1` `in_flight_saturation_preserves_cancel_heartbeat_control_capacity` (line 247), `// WORK_UNIT_CASE: 1881/2` `inline_ceilings_reject_before_emit_and_prefix_rejects_before_alloc` (line 339) and `// WORK_UNIT_CASE: 1881/2 (receive-path tier enforcement)` `tier_ceilings_reject_from_prefix_before_decode` (line 396) staying green, while #791 rewrites that same file and its `tests/data/unsafe_family_cases.json` (`"work_unit": 791`), loaded at runtime via `unsafe_family_boundaries.rs:77`. Neither absorbs the other; serialize.	OR
NEW_SEAM read/write clash on the front-door driver, one write vs two read-only rows	791;1881;203	bins/eliot-kernel/src/front_door_driver.rs	none	SERIALIZE_not_both_in_one_wave	`git cat-file -e origin/main:bins/eliot-kernel/src/front_door_driver.rs` EXIT 0. WRITE_PATHS col3 of row 1881, but `read_only` of PLAN-ROWS.tsv row 791 AND of PLAN-ROWS.tsv row 203 (`write_paths` = ["bins/eliot-kernel/src/tests/activation.rs"]). `gh issue view 791` and `gh issue view 203` -> both OPEN. #1881 rewrites the serial `loop` in `serve_admitted_bridge_host_requests` (line 736) and `serve_connection` (line 255) into a bounded multiplex while #791 must keep its retained in-progress state gating that same loop and #203 must keep reading `receive_frame_or_shutdown`/`dispatch_frame` call shapes. Three-way read/write interference on one file: serialize all three.	OR
NEW_SEAM read/write clash on the kernel test module, one write vs two read-only rows	88;1881;203	bins/eliot-kernel/src/tests.rs	none	SERIALIZE_not_both_in_one_wave	`git cat-file -e origin/main:bins/eliot-kernel/src/tests.rs` EXIT 0. WRITE_PATHS col3 of row 1881, but `read_only` of PLAN-ROWS.tsv row 88 (`write_paths` = ["crates/foundation/eliot-runtime-contracts/src/supervision_lease.rs","bins/eliot-kernel/src/daemon_supervision.rs","bins/eliot-kernel/src/supervision_lease_authority.rs","bins/eliot-kernel/src/lib.rs","crates/foundation/eliot-contracts/tests/data/shipped_serde_boundaries.toml"]) AND of row 203. `gh issue view 88` -> OPEN "[daemon/supervision] Renew the eliotd SupervisionLease from observed progress"; `gh issue view 203` -> OPEN "[kernel/activation]". MAKE 7 adds the real named-pipe saturation proof to `mod tests` in this file, which also holds 5 `NamedPipeServer::create`/`NamedPipeTransport::connect` call sites reused by all three rows: serialize.	OR
write-path contention, closed unmerged draft	2369	bins/eliot-agent-bridge/src/main.rs, bins/eliot-kernel/src/front_door_driver.rs, bins/eliot-agent-bridge/src/lib.rs, bins/eliot-kernel/src/frame_dispatch.rs, bins/eliot-kernel/src/host_request_route.rs, crates/foundation/eliot-protocol/src/lib.rs	2369	OBSOLETE	`gh pr view 2369 --json state,isDraft,mergedAt,closedAt` -> `state=CLOSED`, `isDraft=true`, `mergedAt=null`, `closedAt 2026-10-03T18:39:15Z`. It DID touch two of the five write paths (`gh api …/pulls/2369/files`), but it was never merged, so it constrains nothing; its `ReactiveRestore`/`BoardInbox` arms never landed and are not required by #1881. This CORRECTS STITCH.tsv line 140, which still records disposition `STILL_NEEDED` for 2369 — that row is stale on the PR's state, not on the file list.	OR
write-path contention, closed unmerged	4490	bins/eliot-kernel/src/front_door_driver.rs, bins/eliot-kernel/src/frame_dispatch.rs	4490	OBSOLETE	`gh pr view 4490 --json state,isDraft,mergedAt,closedAt` -> `state=CLOSED`, `isDraft=false`, `mergedAt=null`, `closedAt 2026-10-03T18:39:21Z`. It touched exactly one of the five write paths (`gh api …/pulls/4490/files`), never merged. This CORRECTS STITCH.tsv line 139, which still records disposition `STILL_NEEDED` for 4490.	OR
NONE (no live open PR overlaps)	5021;5018;4845;3812;3811;2956	none of the five write paths	none	NONE	`gh pr view` -> all six OPEN (5021 isDraft=false files=6; 5018 isDraft=true files=138; 4845 isDraft=false files=3; 3812 isDraft=false files=14; 3811 isDraft=false files=12; 2956 isDraft=true files=2). `gh api …/pulls/<n>/files` returns ZERO hits on any of the five write paths and on every read-only path: 5021 = bins/eliot-watchdog/src/health_projection.rs, config/doc-code-conformance.toml, crates/foundation/eliot-bootstrap/src/capture.rs, crates/kernel/eliot-ors/src/status.rs, crates/smart/cognitive-rev12-contract-schema-freeze.toml, scripts/README.md; 5018 = workstreams/swarm/** only; 4845 = bins/eliot-kernel/src/{backup_restore,backup_restore_ports,request_dispatch}.rs; 3812/3811 = mailbox and governed-integration surfaces under eliot-store-api / eliot-store-surreal-adapter / eliot-contracts / bins/eliot-kernel/src/{daemon_request_dispatch,integration_candidate,lib,mailbox}.rs; 2956 = docs/release/WINDOWS_X64_RELEASE.md + scripts/build-eliot-windows-x64-release.ps1. Nothing is ABSORBED; CONFLICTING_PRS stays `[]`.	OR
read/write clash, one writer vs read-only rows	1835;1840	bins/eliot-kernel/src/main.rs	none	SERIALIZE_not_both_in_one_wave	PLAN.md defines READ ONLY as the smallest consumers needed to keep the product path intact, and PLAN.md's controller preflight plus crates/storage/AGENTS.md impose one writer per file: ['1840'] may WRITE bins/eliot-kernel/src/main.rs while ['1835'] declares it READ ONLY. Both rows are READY in this plan, so they must be dispatched in different waves. Recorded by the session-20261003-161144 cross-check from a mechanical write/read set intersection at origin/main 89e10916cf36a52fb7175fea61bf400f3a5320e8; no technical conflict was asserted or excluded here.	OR
read/write clash, one writer vs read-only rows	1784;1862	bins/eliotd/src/kernel_context_read_client.rs	none	SERIALIZE_not_both_in_one_wave	PLAN.md defines READ ONLY as the smallest consumers needed to keep the product path intact, and PLAN.md's controller preflight plus crates/storage/AGENTS.md impose one writer per file: ['1784'] may WRITE bins/eliotd/src/kernel_context_read_client.rs while ['1862'] declares it READ ONLY. Both rows are READY in this plan, so they must be dispatched in different waves. Recorded by the session-20261003-161144 cross-check from a mechanical write/read set intersection at origin/main 89e10916cf36a52fb7175fea61bf400f3a5320e8; no technical conflict was asserted or excluded here.	OR
read/write clash, one writer vs read-only rows	1784;485;839	bins/eliotd/src/lib.rs	none	SERIALIZE_not_both_in_one_wave	PLAN.md defines READ ONLY as the smallest consumers needed to keep the product path intact, and PLAN.md's controller preflight plus crates/storage/AGENTS.md impose one writer per file: ['1784'] may WRITE bins/eliotd/src/lib.rs while ['485', '839'] declares it READ ONLY. Both rows are READY in this plan, so they must be dispatched in different waves. Recorded by the session-20261003-161144 cross-check from a mechanical write/read set intersection at origin/main 89e10916cf36a52fb7175fea61bf400f3a5320e8; no technical conflict was asserted or excluded here.	OR
read/write clash, one writer vs read-only rows	1819;1831	crates/eliot-engine/Cargo.toml	none	SERIALIZE_not_both_in_one_wave	PLAN.md defines READ ONLY as the smallest consumers needed to keep the product path intact, and PLAN.md's controller preflight plus crates/storage/AGENTS.md impose one writer per file: ['1831'] may WRITE crates/eliot-engine/Cargo.toml while ['1819'] declares it READ ONLY. Both rows are READY in this plan, so they must be dispatched in different waves. Recorded by the session-20261003-161144 cross-check from a mechanical write/read set intersection at origin/main 89e10916cf36a52fb7175fea61bf400f3a5320e8; no technical conflict was asserted or excluded here.	OR
read/write clash, one writer vs read-only rows	1806;1831	crates/instrument/eliot-instrument-api/src/lib.rs	none	SERIALIZE_not_both_in_one_wave	PLAN.md defines READ ONLY as the smallest consumers needed to keep the product path intact, and PLAN.md's controller preflight plus crates/storage/AGENTS.md impose one writer per file: ['1806'] may WRITE crates/instrument/eliot-instrument-api/src/lib.rs while ['1831'] declares it READ ONLY. Both rows are READY in this plan, so they must be dispatched in different waves. Recorded by the session-20261003-161144 cross-check from a mechanical write/read set intersection at origin/main 89e10916cf36a52fb7175fea61bf400f3a5320e8; no technical conflict was asserted or excluded here.	OR
read/write clash, one writer vs read-only rows	1862;830	crates/smart/eliot-context-admission/Cargo.toml	none	SERIALIZE_not_both_in_one_wave	PLAN.md defines READ ONLY as the smallest consumers needed to keep the product path intact, and PLAN.md's controller preflight plus crates/storage/AGENTS.md impose one writer per file: ['830'] may WRITE crates/smart/eliot-context-admission/Cargo.toml while ['1862'] declares it READ ONLY. Both rows are READY in this plan, so they must be dispatched in different waves. Recorded by the session-20261003-161144 cross-check from a mechanical write/read set intersection at origin/main 89e10916cf36a52fb7175fea61bf400f3a5320e8; no technical conflict was asserted or excluded here.	OR
read/write clash, one writer vs read-only rows	1862;830	crates/smart/eliot-context-assembly/Cargo.toml	none	SERIALIZE_not_both_in_one_wave	PLAN.md defines READ ONLY as the smallest consumers needed to keep the product path intact, and PLAN.md's controller preflight plus crates/storage/AGENTS.md impose one writer per file: ['830'] may WRITE crates/smart/eliot-context-assembly/Cargo.toml while ['1862'] declares it READ ONLY. Both rows are READY in this plan, so they must be dispatched in different waves. Recorded by the session-20261003-161144 cross-check from a mechanical write/read set intersection at origin/main 89e10916cf36a52fb7175fea61bf400f3a5320e8; no technical conflict was asserted or excluded here.	OR
read/write clash, one writer vs read-only rows	1862;830	crates/smart/eliot-context-candidates/Cargo.toml	none	SERIALIZE_not_both_in_one_wave	PLAN.md defines READ ONLY as the smallest consumers needed to keep the product path intact, and PLAN.md's controller preflight plus crates/storage/AGENTS.md impose one writer per file: ['830'] may WRITE crates/smart/eliot-context-candidates/Cargo.toml while ['1862'] declares it READ ONLY. Both rows are READY in this plan, so they must be dispatched in different waves. Recorded by the session-20261003-161144 cross-check from a mechanical write/read set intersection at origin/main 89e10916cf36a52fb7175fea61bf400f3a5320e8; no technical conflict was asserted or excluded here.	OR
read/write clash, one writer vs read-only rows	1862;868	crates/smart/eliot-context/src/lib.rs	none	SERIALIZE_not_both_in_one_wave	PLAN.md defines READ ONLY as the smallest consumers needed to keep the product path intact, and PLAN.md's controller preflight plus crates/storage/AGENTS.md impose one writer per file: ['868'] may WRITE crates/smart/eliot-context/src/lib.rs while ['1862'] declares it READ ONLY. Both rows are READY in this plan, so they must be dispatched in different waves. Recorded by the session-20261003-161144 cross-check from a mechanical write/read set intersection at origin/main 89e10916cf36a52fb7175fea61bf400f3a5320e8; no technical conflict was asserted or excluded here.	OR
read/write clash, one writer vs read-only rows	1784;1823	crates/storage/eliot-store-api/src/operation_catalogue.rs	none	SERIALIZE_not_both_in_one_wave	PLAN.md defines READ ONLY as the smallest consumers needed to keep the product path intact, and PLAN.md's controller preflight plus crates/storage/AGENTS.md impose one writer per file: ['1784'] may WRITE crates/storage/eliot-store-api/src/operation_catalogue.rs while ['1823'] declares it READ ONLY. Both rows are READY in this plan, so they must be dispatched in different waves. Recorded by the session-20261003-161144 cross-check from a mechanical write/read set intersection at origin/main 89e10916cf36a52fb7175fea61bf400f3a5320e8; no technical conflict was asserted or excluded here.	OR
read/write clash, one writer vs read-only rows	1831;1835;708;868;88	crates/foundation/eliot-contracts/tests/data/shipped_serde_boundaries.toml	none	SERIALIZE_not_both_in_one_wave	PLAN.md defines READ ONLY as the smallest consumers needed to keep the product path intact, and PLAN.md's controller preflight plus crates/storage/AGENTS.md impose one writer per file: ['88'] may WRITE crates/foundation/eliot-contracts/tests/data/shipped_serde_boundaries.toml while ['1831', '1835', '708', '868'] declares it READ ONLY. Both rows are READY in this plan, so they must be dispatched in different waves. Recorded by the session-20261003-161144 cross-check from a mechanical write/read set intersection at origin/main 89e10916cf36a52fb7175fea61bf400f3a5320e8; no technical conflict was asserted or excluded here.	OR
read/write clash adjudicated, #791 is the sole content owner of the case fixture	791;1881	crates/kernel/eliot-ipc/tests/data/unsafe_family_cases.json	none	NO_SERIALIZATION_REQUIRED	Row #1881 lists this file READ ONLY and its own finding at 89e10916c records that the file's "work_unit" is 791 and that it is loaded at runtime by crates/kernel/eliot-ipc/tests/unsafe_family_boundaries.rs, so #791 is the single content owner and #1881 only reads it. The separate two-writer collision on crates/kernel/eliot-ipc/src/lib.rs and the read/write clash on crates/kernel/eliot-ipc/tests/unsafe_family_boundaries.rs ARE serialized. Recorded by the session-20261003-161144 cross-check; no content conflict asserted.	OR
crates/surfaces/eliot-cli/src/lib.rs::kernel_client::KernelClient::load / ::transact_json / ::set_request_identity	1783;4600	the single request_identity field every public eliot entry binds through		4600 writes it first; 1783 must not edit this file, and its local repairs must keep calling the existing transact_controlboard_status front door rather than replacing it	https://github.com/UnknownAlienHuman/eliot-memory-os/issues/1783;https://github.com/UnknownAlienHuman/eliot-memory-os/issues/1783#issuecomment-5794943576;https://github.com/UnknownAlienHuman/eliot-memory-os/issues/1783#issuecomment-5854132130;https://github.com/UnknownAlienHuman/eliot-memory-os/issues/1783#issuecomment-5854267642;https://github.com/UnknownAlienHuman/eliot-memory-os/issues/1783#issuecomment-5933320259;https://github.com/UnknownAlienHuman/eliot-memory-os/issues/4600	K2
bins/eliot/src/main.rs::AuthenticatedKernelPort::dispatch (sole set_request_identity, main.rs:5220)	1783;4600	the identity-binding statement the dashboard read does not pass through		4600 owns it; 1783 holds bins/eliot/src/main.rs READ ONLY	https://github.com/UnknownAlienHuman/eliot-memory-os/issues/1783;https://github.com/UnknownAlienHuman/eliot-memory-os/issues/1783#issuecomment-5794943576;https://github.com/UnknownAlienHuman/eliot-memory-os/issues/1783#issuecomment-5854132130;https://github.com/UnknownAlienHuman/eliot-memory-os/issues/1783#issuecomment-5854267642;https://github.com/UnknownAlienHuman/eliot-memory-os/issues/1783#issuecomment-5933320259;https://github.com/UnknownAlienHuman/eliot-memory-os/issues/4600	K2
bins/eliot/Cargo.toml crossterm.workspace = true and config/dependency-policy.toml [direct_dependencies.crossterm]	1783;1783	the dependency-policy inventory entry		already present on main - absorbed, nothing to stitch	https://github.com/UnknownAlienHuman/eliot-memory-os/issues/1783;https://github.com/UnknownAlienHuman/eliot-memory-os/issues/1783#issuecomment-5794943576;https://github.com/UnknownAlienHuman/eliot-memory-os/issues/1783#issuecomment-5854132130;https://github.com/UnknownAlienHuman/eliot-memory-os/issues/1783#issuecomment-5854267642;https://github.com/UnknownAlienHuman/eliot-memory-os/issues/1783#issuecomment-5933320259;https://github.com/UnknownAlienHuman/eliot-memory-os/issues/4600	K2
live store+binding supply behind the attach_cold_start_question owner arm and the dead bind_installation_scan_store/run_cold_start_trigger_scan leg	1788;#2900	bins/eliotd/src/lib.rs::DaemonComposition::attach_cold_start_owner_receipt (its doc: "The store+binding supply behind that arm is STITCH: no live eliotd thread holds the Arc<dyn eliot_governor::ScanDisclosureRecordOwner> ... and the discovery-lease ingress carries no owner-issued binding yet") and crates/governor/eliot-governor/src/composition.rs::GovernorComposition::bind_installation_scan_store (its only call site, bins/eliotd/src/daemon_runtime.rs:7886, is inside the unreachable let-else arm)	2900	still needed	https://github.com/UnknownAlienHuman/eliot-memory-os/issues/1788;https://github.com/UnknownAlienHuman/eliot-memory-os/issues/1788#issuecomment-5946562166;https://github.com/UnknownAlienHuman/eliot-memory-os/issues/1788#issuecomment-5844137993;https://github.com/UnknownAlienHuman/eliot-memory-os/issues/1788#issuecomment-5845230632;https://github.com/UnknownAlienHuman/eliot-memory-os/issues/1788#issuecomment-5848234199;https://github.com/UnknownAlienHuman/eliot-memory-os/issues/1788#issuecomment-5824971929	K2
scripts/build-eliot-windows-x64-release.ps1::Get-StagedPayloadManifest module-manifest staging (runtime/module.eliotd.toml; staged list 3440, export/binding 4728-4795)	1792;#2956 (OPEN draft, same file)	scripts/build-eliot-windows-x64-release.ps1	2956	disjoint hunks (param ~11, ~2949, ~2968 vs 3440/4728-4795); coordinate before editing that script	https://github.com/UnknownAlienHuman/eliot-memory-os/issues/1792;https://github.com/UnknownAlienHuman/eliot-memory-os/issues/1792#issuecomment-5795045466;https://github.com/UnknownAlienHuman/eliot-memory-os/issues/1792#issuecomment-5825273849;https://github.com/UnknownAlienHuman/eliot-memory-os/issues/1792#issuecomment-5862503416;https://github.com/UnknownAlienHuman/eliot-memory-os/issues/1792#issuecomment-5888278959;https://github.com/UnknownAlienHuman/eliot-memory-os/issues/1792#issuecomment-5924586549	K2
bins/eliot-kernel/src/daemon_request_dispatch.rs::KernelComposition::daemon_startup_evidence_operation - the I1.11 step 8/9 readiness gate that any graph refusal must land in	1792;#3812, #3811 (both OPEN, both write this file)	bins/eliot-kernel/src/daemon_request_dispatch.rs	3812	active writers; resolve graph wiring only after they merge or rebase	https://github.com/UnknownAlienHuman/eliot-memory-os/issues/1792;https://github.com/UnknownAlienHuman/eliot-memory-os/issues/1792#issuecomment-5795045466;https://github.com/UnknownAlienHuman/eliot-memory-os/issues/1792#issuecomment-5825273849;https://github.com/UnknownAlienHuman/eliot-memory-os/issues/1792#issuecomment-5862503416;https://github.com/UnknownAlienHuman/eliot-memory-os/issues/1792#issuecomment-5888278959;https://github.com/UnknownAlienHuman/eliot-memory-os/issues/1792#issuecomment-5924586549	K2
bins/eliot-kernel/src/shutdown_drain.rs::KERNEL_QUIESCENCE_EDGES / reverse_quiescence_order	1792;-	bins/eliot-kernel/src/shutdown_drain.rs		no open PR writes it; no merge conflict expected	https://github.com/UnknownAlienHuman/eliot-memory-os/issues/1792;https://github.com/UnknownAlienHuman/eliot-memory-os/issues/1792#issuecomment-5795045466;https://github.com/UnknownAlienHuman/eliot-memory-os/issues/1792#issuecomment-5825273849;https://github.com/UnknownAlienHuman/eliot-memory-os/issues/1792#issuecomment-5862503416;https://github.com/UnknownAlienHuman/eliot-memory-os/issues/1792#issuecomment-5888278959;https://github.com/UnknownAlienHuman/eliot-memory-os/issues/1792#issuecomment-5924586549	K2
bins/eliot-agent-bridge/src/lib.rs	1797;1880	#1797 READS ::kernel_ports_with_declaration only; #1880 WRITES the file		COORDINATE - one writer; #1797 makes no edit under bins/eliot-agent-bridge and re-runs only agent-bridge-protocol	https://github.com/UnknownAlienHuman/eliot-memory-os/issues/1797;https://github.com/UnknownAlienHuman/eliot-memory-os/issues/1797#issuecomment-5795047624;https://github.com/UnknownAlienHuman/eliot-memory-os/issues/1797#issuecomment-5825354864;https://github.com/UnknownAlienHuman/eliot-memory-os/issues/1797#issuecomment-5860642996;https://github.com/UnknownAlienHuman/eliot-memory-os/issues/1797#issuecomment-5924796258;https://github.com/UnknownAlienHuman/eliot-memory-os/issues/1797#issuecomment-5924983539;https://github.com/UnknownAlienHuman/eliot-memory-os/issues/1797#issuecomment-5929565613;https://github.com/UnknownAlienHuman/eliot-memory-os/issues/1797#issuecomment-5931053107	K2
bins/eliot-user-broker/src/lib.rs	1797;1830	#1797 READS ::BrokerComposition::start_with_ports only; #1830 WRITES the file		SEQUENCE_REQUIRED - #1797's ACP/git-bridge reachability claim must be written after #1830 lands or it records stale reachability	https://github.com/UnknownAlienHuman/eliot-memory-os/issues/1797;https://github.com/UnknownAlienHuman/eliot-memory-os/issues/1797#issuecomment-5795047624;https://github.com/UnknownAlienHuman/eliot-memory-os/issues/1797#issuecomment-5825354864;https://github.com/UnknownAlienHuman/eliot-memory-os/issues/1797#issuecomment-5860642996;https://github.com/UnknownAlienHuman/eliot-memory-os/issues/1797#issuecomment-5924796258;https://github.com/UnknownAlienHuman/eliot-memory-os/issues/1797#issuecomment-5924983539;https://github.com/UnknownAlienHuman/eliot-memory-os/issues/1797#issuecomment-5929565613;https://github.com/UnknownAlienHuman/eliot-memory-os/issues/1797#issuecomment-5931053107	K2
bins/eliot-native-worker/src/adapter_registry.rs	1797;874	#1797 READS ::invoke_claude_factory and ::assert_claude_entries only; #874 owns the claude drive step		COORDINATE - #1797 changes no native-worker code; the claude gate lands in the claude crate only, so #874's drive step picks it up without a merge seam	https://github.com/UnknownAlienHuman/eliot-memory-os/issues/1797;https://github.com/UnknownAlienHuman/eliot-memory-os/issues/1797#issuecomment-5795047624;https://github.com/UnknownAlienHuman/eliot-memory-os/issues/1797#issuecomment-5825354864;https://github.com/UnknownAlienHuman/eliot-memory-os/issues/1797#issuecomment-5860642996;https://github.com/UnknownAlienHuman/eliot-memory-os/issues/1797#issuecomment-5924796258;https://github.com/UnknownAlienHuman/eliot-memory-os/issues/1797#issuecomment-5924983539;https://github.com/UnknownAlienHuman/eliot-memory-os/issues/1797#issuecomment-5929565613;https://github.com/UnknownAlienHuman/eliot-memory-os/issues/1797#issuecomment-5931053107	K2
crates/instrument/eliot-instrument-runner/src/lib.rs (verify_executable joins + GovernedInstrumentResult::new withdrawal) vs #1802's dev-fast profile in the same crate	1805;1802	crates/instrument/eliot-instrument-runner (lib.rs, dev_fast.rs, profile_run.rs) — one writer per file, so sequence this row before #1802's lib.rs work or assign lib.rs to one side		still needed	https://github.com/UnknownAlienHuman/eliot-memory-os/issues/1805;https://github.com/UnknownAlienHuman/eliot-memory-os/issues/1805#issuecomment-5900731515;https://github.com/UnknownAlienHuman/eliot-memory-os/issues/1805#issuecomment-5840705441;https://github.com/UnknownAlienHuman/eliot-memory-os/issues/1805#issuecomment-5840706257;https://github.com/UnknownAlienHuman/eliot-memory-os/issues/1805#issuecomment-5839243280;https://github.com/UnknownAlienHuman/eliot-memory-os/pull/2679	K2
crates/kernel/eliot-installation/src/lib.rs is WRITE for both rows; INSTALLATION_TRANSACTION_WIRE_VERSION and its redb_state/transaction consumers	1810;1857	crates/kernel/eliot-installation/src/lib.rs (WRITE both) plus crates/kernel/eliot-installation/src/redb_state.rs and transaction.rs as shared read-only consumers of the version constant		SEQUENCE_REQUIRED - no semantic conflict, but a version-collision risk: #1857 already bumps INSTALLATION_TRANSACTION_WIRE_VERSION from 26.0.0 and touches redb_state fixtures, and #1810 changes the same serde surfaces (CredentialAccessReceipt/StoreCredentialAbsentSnapshot are durable inside StoreCredentialProgress). Land one version bump for both, then run eliot-installation tests once after both.	https://github.com/UnknownAlienHuman/eliot-memory-os/issues/1810;https://github.com/UnknownAlienHuman/eliot-memory-os/issues/1810#issuecomment-5795052300;https://github.com/UnknownAlienHuman/eliot-memory-os/issues/1810#issuecomment-5825279190;https://github.com/UnknownAlienHuman/eliot-memory-os/issues/1810#issuecomment-5860657892;https://github.com/UnknownAlienHuman/eliot-memory-os/issues/1810#issuecomment-5877909156;https://github.com/UnknownAlienHuman/eliot-memory-os/issues/1810#issuecomment-5884090729;https://github.com/UnknownAlienHuman/eliot-memory-os/issues/1810#issuecomment-5927655883	K2
second store credential reference producer -> Store bridge consumer	1810;1755	no shared file		PRODUCER_CONSUMER_PAIR - bins/eliot-host/src/credential_control.rs produces; bins/eliot-store-surreal/src/adapter_materialization.rs::resolve_provider_bootstrap_credential and crates/storage/eliot-store-surreal-adapter/src/client/provider_owner.rs::provider_environment stay READ ONLY and their fail-closed Err must not change; #1755/#1756 own the step-7 sensors and #1810 must not add a Watchdog adapter.	https://github.com/UnknownAlienHuman/eliot-memory-os/issues/1810;https://github.com/UnknownAlienHuman/eliot-memory-os/issues/1810#issuecomment-5795052300;https://github.com/UnknownAlienHuman/eliot-memory-os/issues/1810#issuecomment-5825279190;https://github.com/UnknownAlienHuman/eliot-memory-os/issues/1810#issuecomment-5860657892;https://github.com/UnknownAlienHuman/eliot-memory-os/issues/1810#issuecomment-5877909156;https://github.com/UnknownAlienHuman/eliot-memory-os/issues/1810#issuecomment-5884090729;https://github.com/UnknownAlienHuman/eliot-memory-os/issues/1810#issuecomment-5927655883	K2
generated serde-boundary registry rows for credential_provision.rs	1810;929	crates/foundation/eliot-contracts/tests/data/shipped_serde_boundaries.toml (READ ONLY here; generated)		OBSERVE - the artifact is already family_readiness BLOCKED at a stale base_sha and pins per-field rows for CredentialAccessReceipt, StoreCredentialAbsentSnapshot and HostCredentialControlIntent; regeneration is #929's, not this row's, and is deferred rather than written here.	https://github.com/UnknownAlienHuman/eliot-memory-os/issues/1810;https://github.com/UnknownAlienHuman/eliot-memory-os/issues/1810#issuecomment-5795052300;https://github.com/UnknownAlienHuman/eliot-memory-os/issues/1810#issuecomment-5825279190;https://github.com/UnknownAlienHuman/eliot-memory-os/issues/1810#issuecomment-5860657892;https://github.com/UnknownAlienHuman/eliot-memory-os/issues/1810#issuecomment-5877909156;https://github.com/UnknownAlienHuman/eliot-memory-os/issues/1810#issuecomment-5884090729;https://github.com/UnknownAlienHuman/eliot-memory-os/issues/1810#issuecomment-5927655883	K2
store operation-catalogue arity and generated-manifest count assertions shared with row #1818	1814;1818	crates/storage/eliot-store-api/src/operation_catalogue.rs::ACTIVATED_READS and ::ACTIVATED_MUTATIONS; crates/storage/eliot-store-api/src/write_admission.rs; crates/storage/eliot-store-api/tests/operation_manifest_catalogue.rs plus the entries.len() count assertions in notification_state_wire.rs, reactive_state_wire.rs and user_automation_state_wire.rs		SEQUENCE_REQUIRED	https://github.com/UnknownAlienHuman/eliot-memory-os/issues/1814;https://github.com/UnknownAlienHuman/eliot-memory-os/issues/1814#issuecomment-5795054361;https://github.com/UnknownAlienHuman/eliot-memory-os/issues/1814#issuecomment-5853701246;https://github.com/UnknownAlienHuman/eliot-memory-os/issues/1814#issuecomment-5882333316;https://github.com/UnknownAlienHuman/eliot-memory-os/issues/1814#issuecomment-5930718597;https://github.com/UnknownAlienHuman/eliot-memory-os/issues/1813#issuecomment-5882318903	K2
instrument-runner export surface and executable-identity types shared with row #1805	1814;1805	crates/instrument/eliot-instrument-runner/src/lib.rs; crates/instrument/eliot-instrument-runner/src/registry.rs (ResolvedExecutableIdentity); crates/instrument/eliot-instrument-runner/src/profile.rs		SEQUENCE_REQUIRED	https://github.com/UnknownAlienHuman/eliot-memory-os/issues/1814;https://github.com/UnknownAlienHuman/eliot-memory-os/issues/1814#issuecomment-5795054361;https://github.com/UnknownAlienHuman/eliot-memory-os/issues/1814#issuecomment-5853701246;https://github.com/UnknownAlienHuman/eliot-memory-os/issues/1814#issuecomment-5882333316;https://github.com/UnknownAlienHuman/eliot-memory-os/issues/1814#issuecomment-5930718597;https://github.com/UnknownAlienHuman/eliot-memory-os/issues/1813#issuecomment-5882318903	K2
Store operation-catalogue arity and admission ceiling shared with row #1814 (and #1874 when released)	1818;1814 1874	crates/storage/eliot-store-api/src/operation_catalogue.rs::ACTIVATED_READS (23 on main) and ::ACTIVATED_MUTATIONS (24 on main), module doc count at operation_catalogue.rs:70-71; crates/storage/eliot-store-api/src/write_admission.rs; crates/storage/eliot-store-api/src/operation_parameters.rs; crates/storage/eliot-store-api/tests/operation_manifest_catalogue.rs (six entries.len() == 48 assertions)		SEQUENCE_REQUIRED / ONE_ARITY_RECONCILIATION - one writer per file; distinct transition classes and distinct new module files so the semantic work does not conflict, only the array lengths, the module doc and the ceiling. Root reconciles arity, the doc count and the len() assertions once on combined source.	https://github.com/UnknownAlienHuman/eliot-memory-os/issues/1818;https://github.com/UnknownAlienHuman/eliot-memory-os/issues/1818#issuecomment-5795055762;https://github.com/UnknownAlienHuman/eliot-memory-os/issues/1818#issuecomment-5825281413;https://github.com/UnknownAlienHuman/eliot-memory-os/issues/1818#issuecomment-5852574292;https://github.com/UnknownAlienHuman/eliot-memory-os/issues/1818#issuecomment-5928611918;https://github.com/UnknownAlienHuman/eliot-memory-os/issues/1818#issuecomment-5929452418;https://github.com/UnknownAlienHuman/eliot-memory-os/issues/1818#issuecomment-5930051887;https://github.com/UnknownAlienHuman/eliot-memory-os/issues/1818#issuecomment-5931846606	K2
Kernel front-door files daemon_request_dispatch.rs / frame_dispatch.rs / lib.rs	1818;3812	bins/eliot-kernel/src/daemon_request_dispatch.rs; bins/eliot-kernel/src/frame_dispatch.rs; bins/eliot-kernel/src/lib.rs		SEQUENCE_REQUIRED against open PR #3812 (fix/1820-mailbox-delivery-MC1820, updatedAt 2026-09-28T19:29:47Z), which adds +4 daemon_request_dispatch.rs and +2 lib.rs lines for #1820 mailbox delivery. The previously recorded collisions #3869 and #2369 are gone: gh pr list --state open returns neither, so no other live writer holds these files.	https://github.com/UnknownAlienHuman/eliot-memory-os/issues/1818;https://github.com/UnknownAlienHuman/eliot-memory-os/issues/1818#issuecomment-5795055762;https://github.com/UnknownAlienHuman/eliot-memory-os/issues/1818#issuecomment-5825281413;https://github.com/UnknownAlienHuman/eliot-memory-os/issues/1818#issuecomment-5852574292;https://github.com/UnknownAlienHuman/eliot-memory-os/issues/1818#issuecomment-5928611918;https://github.com/UnknownAlienHuman/eliot-memory-os/issues/1818#issuecomment-5929452418;https://github.com/UnknownAlienHuman/eliot-memory-os/issues/1818#issuecomment-5930051887;https://github.com/UnknownAlienHuman/eliot-memory-os/issues/1818#issuecomment-5931846606	K2
PR #3811 (fix/1818-governed-integration-MC1818) covers the same issue's Store half from a stale base	1818;3811	bins/eliot-kernel/src/{integration_candidate,lib,daemon_request_dispatch}.rs; crates/storage/eliot-store-api/src/{integration_candidate,lib,operation_catalogue,operation_parameters,write_admission}.rs; crates/storage/eliot-store-surreal-adapter/src/apply{,/atomic_write.rs,/read_boundary.rs,/surreal_integration_candidate.rs}		OBSOLETE_ON_KERNEL_HUNKS / SUPERSEDED_NEEDS_REWORK_ON_STORE_HUNKS - do not merge; close it after this card lands. Main's #4859 W1 record (579 lines, unconditional pub mod at lib.rs:348) replaced the PR's 47-line #[cfg(windows)] gate, and main's #4954 bridge slice already dispatches INTEGRATION_BRIDGE_APPLY_NAME at daemon_request_dispatch.rs:5053.	https://github.com/UnknownAlienHuman/eliot-memory-os/issues/1818;https://github.com/UnknownAlienHuman/eliot-memory-os/issues/1818#issuecomment-5795055762;https://github.com/UnknownAlienHuman/eliot-memory-os/issues/1818#issuecomment-5825281413;https://github.com/UnknownAlienHuman/eliot-memory-os/issues/1818#issuecomment-5852574292;https://github.com/UnknownAlienHuman/eliot-memory-os/issues/1818#issuecomment-5928611918;https://github.com/UnknownAlienHuman/eliot-memory-os/issues/1818#issuecomment-5929452418;https://github.com/UnknownAlienHuman/eliot-memory-os/issues/1818#issuecomment-5930051887;https://github.com/UnknownAlienHuman/eliot-memory-os/issues/1818#issuecomment-5931846606	K2
bins/eliot-kernel/src/daemon_request_dispatch.rs + bins/eliot-kernel/src/lib.rs + crates/storage/eliot-store-api/src/{lib,operation_catalogue,operation_parameters,write_admission}.rs + crates/storage/eliot-store-surreal-adapter/src/apply{,/atomic_write.rs,/read_boundary.rs}	1822;#1820 / PR #3812 and #1818 / PR #3811	True	1820	coordinate - #1822 adds no hunk to these files while #3812 and #3811 are OPEN; one writer per file, rebase after both land	https://github.com/UnknownAlienHuman/eliot-memory-os/issues/1822;https://github.com/UnknownAlienHuman/eliot-memory-os/issues/1822#issuecomment-5940044933;https://github.com/UnknownAlienHuman/eliot-memory-os/issues/1822#issuecomment-5885868863;https://github.com/UnknownAlienHuman/eliot-memory-os/issues/1822#issuecomment-5825400014	K2
bins/eliot-kernel/Cargo.toml + a new eliot-coordination route into crates/governor/eliot-coordination/src/peer_communication.rs	1822;#1821	True	1821	owned by #1821 - #1822 must not claim it	https://github.com/UnknownAlienHuman/eliot-memory-os/issues/1822;https://github.com/UnknownAlienHuman/eliot-memory-os/issues/1822#issuecomment-5940044933;https://github.com/UnknownAlienHuman/eliot-memory-os/issues/1822#issuecomment-5885868863;https://github.com/UnknownAlienHuman/eliot-memory-os/issues/1822#issuecomment-5825400014	K2
crates/foundation/eliot-contracts/tests/data/shipped_serde_boundaries.toml regeneration (file_digest / span_digest rows for eliot-task)	1826;any other card editing crates/governor/eliot-task/src/*.rs	crates/foundation/eliot-contracts/tests/data/shipped_serde_boundaries.toml		serialize; run python scripts/serde_boundary_inventory.py sync after the last eliot-task edit	https://github.com/UnknownAlienHuman/eliot-memory-os/issues/1826;https://github.com/UnknownAlienHuman/eliot-memory-os/issues/1826#issuecomment-5940292247;https://github.com/UnknownAlienHuman/eliot-memory-os/issues/1826#issuecomment-5854023580	K2
crates/governor/eliot-governor/src/composition.rs::GovernorOwners::from_recovery -> TaskLifecycleOwner::from_snapshot recovery edge	1826;the #18 integration owner, and #1830 (OPEN, Git bridge) if it lands a task_lifecycle recovery test	eliot_task::TaskLifecycleOwner::from_snapshot / TaskLifecycleSnapshot.professional_execution		rejecting previously-accepted substituted snapshots is a behaviour change on the recovery edge; prove it with the smallest negative fixture in eliot-task plus the eliot-governor package test, and do not create a bins/eliot-kernel crate edge while the packet consumer owner is unnamed	https://github.com/UnknownAlienHuman/eliot-memory-os/issues/1826;https://github.com/UnknownAlienHuman/eliot-memory-os/issues/1826#issuecomment-5940292247;https://github.com/UnknownAlienHuman/eliot-memory-os/issues/1826#issuecomment-5854023580	K2
crates/bridges/eliot-git-bridge + bins/eliot-user-broker/src/lib.rs composition root	1830;#1797	bins/eliot-user-broker/src/lib.rs crates/bridges/eliot-git-bridge/src/lib.rs	1797	#1830 writes bins/eliot-user-broker/src/lib.rs; #1797 ('[I6-audit] Separate bridge adapters from Governor and Dreamer project semantics', OPEN) touches the same bridge-adapter surface - one writer per path, sequence the two rows	https://github.com/UnknownAlienHuman/eliot-memory-os/issues/1830;https://github.com/UnknownAlienHuman/eliot-memory-os/issues/1830#issuecomment-5795060932;https://github.com/UnknownAlienHuman/eliot-memory-os/issues/1830#issuecomment-5825283434;https://github.com/UnknownAlienHuman/eliot-memory-os/issues/1830#issuecomment-5852963302;https://github.com/UnknownAlienHuman/eliot-memory-os/issues/1830#issuecomment-5927164394	K2
package reachability + migration inventory rows for eliot-git-bridge	1830;#1860 #1720 #1811	crates/governor/eliot-governor/src/migration_inventory.rs scripts/testdata/crate-reachability/crate_extraction_decisions.toml crates/bridges/eliot-git-bridge/Cargo.toml	1860	read-only here; #1860 flips bins_reachable, #1720 removes the MigrationFacade record once scripts/crate_reachability_inventory.py reports a consumer, #1811 owns the prototype/index flip	https://github.com/UnknownAlienHuman/eliot-memory-os/issues/1830;https://github.com/UnknownAlienHuman/eliot-memory-os/issues/1830#issuecomment-5795060932;https://github.com/UnknownAlienHuman/eliot-memory-os/issues/1830#issuecomment-5825283434;https://github.com/UnknownAlienHuman/eliot-memory-os/issues/1830#issuecomment-5852963302;https://github.com/UnknownAlienHuman/eliot-memory-os/issues/1830#issuecomment-5927164394	K2
canonical-transport-policy-owner	1834;1835	crates/agent/eliot-agent-opencode/src/http.rs::LoopbackHttpClient (only live provider transport) vs bins/eliotd/src/provider_transport_policy.rs::TransportPolicy (validate-only island, no network I/O behind it)		cross-route-domain decision (ROUTES.md:31 agent-swarm vs unrouted bins/eliotd); #1835 names both crates in its Scope but its Work is route admission, so neither claims a writer	https://github.com/UnknownAlienHuman/eliot-memory-os/issues/1834;https://github.com/UnknownAlienHuman/eliot-memory-os/issues/1834#issuecomment-5943940101;https://github.com/UnknownAlienHuman/eliot-memory-os/issues/1834#issuecomment-5825286495	K2
canonical-attempt-receipt	1834;1832 1833	crates/agent/eliot-agent-api/src/route_receipts.rs::PhysicalRouteObservationReceipt vs bins/eliotd/src/provider_transport_policy.rs::PhysicalAttemptReceipt		agent-api lib.rs:78 already records the doc's PhysicalModelAttemptReceipt as merged into PhysicalRouteObservationReceipt (:777), which already carries first_byte/cancellation/recovery_ref/safe_public_error/restricted_raw_error_ref and is minted in production by crates/agent/eliot-agent-acp/src/lib.rs::AcpResultEnvelope::into_agent_result (:1733); the winner of the owner call fills that one and none may mint a second receipt struct	https://github.com/UnknownAlienHuman/eliot-memory-os/issues/1834;https://github.com/UnknownAlienHuman/eliot-memory-os/issues/1834#issuecomment-5943940101;https://github.com/UnknownAlienHuman/eliot-memory-os/issues/1834#issuecomment-5825286495	K2
Kernel audit closed kind set (bins/eliot-kernel/src/kernel_audit.rs::AuditEventKind) vs eliotd Governor capability evidence owner (bins/eliotd/src/capability_evidence_wiring.rs)	1839;1957	CapabilityEvidenceRecord status/source/scope fingerprint/observed_at/expires_at and the evidence ref + store-issued revision		blocked - #1839 must not mint its own capability types in eliot-kernel; re-source the four kinds after #1957 lands a producer	https://github.com/UnknownAlienHuman/eliot-memory-os/issues/1839;https://github.com/UnknownAlienHuman/eliot-memory-os/issues/1839#issuecomment-5944626296;https://github.com/UnknownAlienHuman/eliot-memory-os/issues/1839#issuecomment-5882337925;https://github.com/UnknownAlienHuman/eliot-memory-os/issues/1839#issuecomment-5876903770;https://github.com/UnknownAlienHuman/eliot-memory-os/issues/1839#issuecomment-5825288191	K2
consumer surface for bins/eliot-kernel/src/health_view.rs::KernelComposition::daemon_route_metrics_projection	1839;1844	the single Kernel health/diagnostic reply surface - #1844 already charges diagnostic_brief_projection a production dispatch arm in the same file, and both blob_capability_projection and diagnostic_brief_projection are equally unconsumed today		owner decision required - one writer must name the surface before #1839 or #1844 wires either projection; do not let two issues create two reply shapes	https://github.com/UnknownAlienHuman/eliot-memory-os/issues/1839;https://github.com/UnknownAlienHuman/eliot-memory-os/issues/1839#issuecomment-5944626296;https://github.com/UnknownAlienHuman/eliot-memory-os/issues/1839#issuecomment-5882337925;https://github.com/UnknownAlienHuman/eliot-memory-os/issues/1839#issuecomment-5876903770;https://github.com/UnknownAlienHuman/eliot-memory-os/issues/1839#issuecomment-5825288191	K2
bins/eliot-kernel/src/daemon_request_dispatch.rs as a shared write file	1839;3811,3812	none of the capability hunk - both PRs add unrelated Store-operation transition validators		one writer per file; neither PR blocks slice 1 (host_request_route.rs + kernel_audit.rs)	https://github.com/UnknownAlienHuman/eliot-memory-os/issues/1839;https://github.com/UnknownAlienHuman/eliot-memory-os/issues/1839#issuecomment-5944626296;https://github.com/UnknownAlienHuman/eliot-memory-os/issues/1839#issuecomment-5882337925;https://github.com/UnknownAlienHuman/eliot-memory-os/issues/1839#issuecomment-5876903770;https://github.com/UnknownAlienHuman/eliot-memory-os/issues/1839#issuecomment-5825288191	K2
telemetry-family-vocabulary	1843;1849 1842	crates/instrument/eliot-observability/src/field_policy.rs::TelemetryFieldFamily		SHARED_FILE_REQUIRES_SEQUENCE - this row now writes cost_profile.rs and lib.rs but NOT field_policy.rs; OPEN #1849 (Record observable influence rather than inferred agent causality) and OPEN #1842 both write the crate, so #1843 must not add or reorder a TelemetryFieldFamily variant or change ::all()'s closed [Self; 12] length; re-run crates/instrument/eliot-observability/tests/telemetry_field_policy_1842.rs after EACH delivery because its assertions are closed-array	https://github.com/UnknownAlienHuman/eliot-memory-os/issues/1843;https://github.com/UnknownAlienHuman/eliot-memory-os/issues/1843#issuecomment-5795067043;https://github.com/UnknownAlienHuman/eliot-memory-os/issues/1843#issuecomment-5825289871;https://github.com/UnknownAlienHuman/eliot-memory-os/issues/1843#issuecomment-5853298628;https://github.com/UnknownAlienHuman/eliot-memory-os/issues/1843#issuecomment-5854009660;https://github.com/UnknownAlienHuman/eliot-memory-os/issues/1843#issuecomment-5854010719;https://github.com/UnknownAlienHuman/eliot-memory-os/issues/1843#issuecomment-5933160180	K2
metric-label-schema	1843;1841	crates/instrument/eliot-observability-runtime/src/metrics.rs::METRIC_LABEL_KEYS		NO_NEW_LABEL_KEYS - OPEN #1841 (Define bounded OpenMetrics for the required health and route groups) owns I16.5 (metric_groups.rs:1); #1843 publishes the resolved configuration and denominators inside the existing closed 6-key schema as one bounded structured record and must not add/reorder keys, bump METRIC_LABEL_SCHEMA_VERSION, or consume MAX_METRIC_SERIES=4096	https://github.com/UnknownAlienHuman/eliot-memory-os/issues/1843;https://github.com/UnknownAlienHuman/eliot-memory-os/issues/1843#issuecomment-5795067043;https://github.com/UnknownAlienHuman/eliot-memory-os/issues/1843#issuecomment-5825289871;https://github.com/UnknownAlienHuman/eliot-memory-os/issues/1843#issuecomment-5853298628;https://github.com/UnknownAlienHuman/eliot-memory-os/issues/1843#issuecomment-5854009660;https://github.com/UnknownAlienHuman/eliot-memory-os/issues/1843#issuecomment-5854010719;https://github.com/UnknownAlienHuman/eliot-memory-os/issues/1843#issuecomment-5933160180	K2
durable bounded-read claim and its restart-recovery contour	1853;1861	bins/eliot-kernel/src/host_request_route.rs — WRITE for #1853; already written by #1861's merged PR #3307 (49be5b20, verified an ancestor of d1dbbb54, which touched host_request_route.rs, host_request_route/daemon_claim_queue.rs and canonical_store_runtime.rs) and is #1861's declared owner crate		SEQUENCE_REQUIRED — #1853 is P2 and #1861 is P3 parked after OSP1 (its own owner comment), so run #1853 first and keep daemon_claim_queue.rs out of both. CRITICAL for both: neither may edit crates/kernel/eliot-ors/src/store.rs or model.rs. #1853's claim of 'no recover_interrupted_host_requests change needed' is REFUTED-proof on d1dbbb54: active_attempt (store.rs:recover_interrupted_host_requests, :30379) already matches HostRequestAttemptPhase::Claimed and HostRequestState::transition_to (model.rs:7477) already permits Routed -> Unknown, so owner comment 5940563620's proposal to broaden the sweep would only disturb the UserAutomation-only legacy arm.	https://github.com/UnknownAlienHuman/eliot-memory-os/issues/1853;https://github.com/UnknownAlienHuman/eliot-memory-os/issues/1853#issuecomment-5940563620;https://github.com/UnknownAlienHuman/eliot-memory-os/issues/1853#issuecomment-5866601041;https://github.com/UnknownAlienHuman/eliot-memory-os/issues/1853#issuecomment-5825094013;https://github.com/UnknownAlienHuman/eliot-memory-os/issues/1853#issuecomment-5795070999	K2
local-read_claim / local_state_claim wire arms into the Kernel claim	1853;3811;3812	bins/eliot-kernel/src/daemon_request_dispatch.rs — READ ONLY for #1853, WRITE for both open PRs		NO_CONTENT_CONFLICT — #3811 and #3812 are OPEN non-draft and their only eliot-kernel files are daemon_request_dispatch.rs and lib.rs plus mailbox.rs / integration_candidate.rs / store-api / store-surreal modules, none of which is in #1853's write set. One writer per file still applies: if either PR later moves the claim_local_read_pair arms at daemon_request_dispatch.rs:3911/:3950, re-check this seam.	https://github.com/UnknownAlienHuman/eliot-memory-os/issues/1853;https://github.com/UnknownAlienHuman/eliot-memory-os/issues/1853#issuecomment-5940563620;https://github.com/UnknownAlienHuman/eliot-memory-os/issues/1853#issuecomment-5866601041;https://github.com/UnknownAlienHuman/eliot-memory-os/issues/1853#issuecomment-5825094013;https://github.com/UnknownAlienHuman/eliot-memory-os/issues/1853#issuecomment-5795070999	K2
I12.14 hot-path declaration for the claim leg	1853;3811;3812	bins/eliot-kernel/hot-path.toml — WRITE for #1853		NO_CONTENT_CONFLICT — neither #3811 nor #3812 touches hot-path.toml, and neither declares a hot-path operation. If either adds a new synchronous_external_calls entry, the manifest validator in crates/foundation/eliot-runtime-contracts/src/hot_path.rs::HotPathExternalCall::validate still requires call_id text plus a positive deadline_ms, so no shared vocabulary decision is needed.	https://github.com/UnknownAlienHuman/eliot-memory-os/issues/1853;https://github.com/UnknownAlienHuman/eliot-memory-os/issues/1853#issuecomment-5940563620;https://github.com/UnknownAlienHuman/eliot-memory-os/issues/1853#issuecomment-5866601041;https://github.com/UnknownAlienHuman/eliot-memory-os/issues/1853#issuecomment-5825094013;https://github.com/UnknownAlienHuman/eliot-memory-os/issues/1853#issuecomment-5795070999	K2
crates/kernel/eliot-installation/src/lib.rs is WRITE for both this row and the #1810 row; crates/kernel/eliot-installation/src/package_planner.rs is WRITE here and READ ONLY there	1857;1810	crates/kernel/eliot-installation/src/lib.rs (WRITE both); crates/kernel/eliot-installation/src/package_planner.rs (WRITE 1857, READ ONLY 1810)		SEQUENCE_REQUIRED — verified reciprocal from parts/issue-1810/detail.tsv WRITE_PATHS and STITCH; no semantic conflict: 1810 adds the Store-credential bootstrap-reference binding and the host_credential_request apply guard, 1857 adds the CandidateManifest release-surface two-state binding plus the INSTALLATION_TRANSACTION_WIRE_VERSION bump from ContractVersion::new(26,0,0); 1857's bump is what makes redb_state::decode return MigrationRequired for a stored 26.0.0 fixture, so re-run eliot-installation tests once after both land	https://github.com/UnknownAlienHuman/eliot-memory-os/issues/1857;https://github.com/UnknownAlienHuman/eliot-memory-os/issues/1857#issuecomment-5794944625;https://github.com/UnknownAlienHuman/eliot-memory-os/issues/1857#issuecomment-5825294203;https://github.com/UnknownAlienHuman/eliot-memory-os/issues/1857#issuecomment-5836961094;https://github.com/UnknownAlienHuman/eliot-memory-os/issues/1857#issuecomment-5836991867;https://github.com/UnknownAlienHuman/eliot-memory-os/issues/1857#issuecomment-5836992643;https://github.com/UnknownAlienHuman/eliot-memory-os/issues/1857#issuecomment-5899355657	K2
the eliot-bootstrap migration-evidence snapshot struct is chosen between two siblings, one of which is an open PR file	1857;5021	crates/foundation/eliot-bootstrap/src/lib.rs::CurrentSystemEvidenceSnapshot (WRITE here) vs crates/foundation/eliot-bootstrap/src/capture.rs::SnapshotExecutionArtifact (open PR #5021)		PREFER_OTHER_SITE — put the accepted surface digest on lib.rs::CurrentSystemEvidenceSnapshot, which SnapshotExecutionArtifact embeds, so the evidence binding lands without touching a #5021 file; recheck if that struct turns out not to reach the artifact	https://github.com/UnknownAlienHuman/eliot-memory-os/issues/1857;https://github.com/UnknownAlienHuman/eliot-memory-os/issues/1857#issuecomment-5794944625;https://github.com/UnknownAlienHuman/eliot-memory-os/issues/1857#issuecomment-5825294203;https://github.com/UnknownAlienHuman/eliot-memory-os/issues/1857#issuecomment-5836961094;https://github.com/UnknownAlienHuman/eliot-memory-os/issues/1857#issuecomment-5836991867;https://github.com/UnknownAlienHuman/eliot-memory-os/issues/1857#issuecomment-5836992643;https://github.com/UnknownAlienHuman/eliot-memory-os/issues/1857#issuecomment-5899355657	K2
the release gate denominator is #1227/#1811's, not this row's; docs/migration/1860-impact-graph.md:17 names RELEASE-SURFACE as that gate	1857;1227	docs/release/WINDOWS_X64_RELEASE.md, scripts/build-eliot-windows-x64-release.ps1		SEPARATE_OWNER — open draft PR #2956 still needed there; this row must not touch either path, and the installed-Windows acceptance stays sequenced behind it	https://github.com/UnknownAlienHuman/eliot-memory-os/issues/1857;https://github.com/UnknownAlienHuman/eliot-memory-os/issues/1857#issuecomment-5794944625;https://github.com/UnknownAlienHuman/eliot-memory-os/issues/1857#issuecomment-5825294203;https://github.com/UnknownAlienHuman/eliot-memory-os/issues/1857#issuecomment-5836961094;https://github.com/UnknownAlienHuman/eliot-memory-os/issues/1857#issuecomment-5836991867;https://github.com/UnknownAlienHuman/eliot-memory-os/issues/1857#issuecomment-5836992643;https://github.com/UnknownAlienHuman/eliot-memory-os/issues/1857#issuecomment-5899355657	K2
crates/governor/eliot-governor/src/learning_record_commit.rs::learning_record_mutation_request_for_delta	1865;#1868	LearningRecordKind request builder + RecordLearningRecord named mutation	1868	serialize: #1865 adds an ActivationReceipt builder beside the delta builder; do not rewrite the delta path	https://github.com/UnknownAlienHuman/eliot-memory-os/issues/1865;https://github.com/UnknownAlienHuman/eliot-memory-os/issues/1865#issuecomment-5732805339;https://github.com/UnknownAlienHuman/eliot-memory-os/issues/1865#issuecomment-5794934811;https://github.com/UnknownAlienHuman/eliot-memory-os/issues/1865#issuecomment-5808078004;https://github.com/UnknownAlienHuman/eliot-memory-os/issues/1865#issuecomment-5808115482;https://github.com/UnknownAlienHuman/eliot-memory-os/issues/1865#issuecomment-5808116670;https://github.com/UnknownAlienHuman/eliot-memory-os/issues/1865#issuecomment-5813331603;https://github.com/UnknownAlienHuman/eliot-memory-os/issues/1865#issuecomment-5825358611;https://github.com/UnknownAlienHuman/eliot-memory-os/issues/1865#issuecomment-5876091703;https://github.com/UnknownAlienHuman/eliot-memory-os/issues/1865#issuecomment-5884050368	K2
LearningRecordKind::ActivationReceipt row producer	1865;#2663 AC1	the same closed record kind and the wire spelling activation_receipt (crates/storage/eliot-store-api/src/learning_store.rs:123)	2663	one receipt document shape per kind; no second write path	https://github.com/UnknownAlienHuman/eliot-memory-os/issues/1865;https://github.com/UnknownAlienHuman/eliot-memory-os/issues/1865#issuecomment-5732805339;https://github.com/UnknownAlienHuman/eliot-memory-os/issues/1865#issuecomment-5794934811;https://github.com/UnknownAlienHuman/eliot-memory-os/issues/1865#issuecomment-5808078004;https://github.com/UnknownAlienHuman/eliot-memory-os/issues/1865#issuecomment-5808115482;https://github.com/UnknownAlienHuman/eliot-memory-os/issues/1865#issuecomment-5808116670;https://github.com/UnknownAlienHuman/eliot-memory-os/issues/1865#issuecomment-5813331603;https://github.com/UnknownAlienHuman/eliot-memory-os/issues/1865#issuecomment-5825358611;https://github.com/UnknownAlienHuman/eliot-memory-os/issues/1865#issuecomment-5876091703;https://github.com/UnknownAlienHuman/eliot-memory-os/issues/1865#issuecomment-5884050368	K2
crates/governor/eliot-governor/src/learning_closure.rs::GovernorComposition::close_attempt_learning	1865;#1863	the attempt-close seam where the AttemptLearningDeltaCandidate producer and the receipt emitter both live	1863	SHARED_PREREQUISITE_ONE_OWNER: #1863 first, then #1865 at the same seam	https://github.com/UnknownAlienHuman/eliot-memory-os/issues/1865;https://github.com/UnknownAlienHuman/eliot-memory-os/issues/1865#issuecomment-5732805339;https://github.com/UnknownAlienHuman/eliot-memory-os/issues/1865#issuecomment-5794934811;https://github.com/UnknownAlienHuman/eliot-memory-os/issues/1865#issuecomment-5808078004;https://github.com/UnknownAlienHuman/eliot-memory-os/issues/1865#issuecomment-5808115482;https://github.com/UnknownAlienHuman/eliot-memory-os/issues/1865#issuecomment-5808116670;https://github.com/UnknownAlienHuman/eliot-memory-os/issues/1865#issuecomment-5813331603;https://github.com/UnknownAlienHuman/eliot-memory-os/issues/1865#issuecomment-5825358611;https://github.com/UnknownAlienHuman/eliot-memory-os/issues/1865#issuecomment-5876091703;https://github.com/UnknownAlienHuman/eliot-memory-os/issues/1865#issuecomment-5884050368	K2
bins/eliotd/src/campaign_packet.rs::account_delivered_materials	1865;#1864	the only production delivery-position owner; the receipt needs its packet_position plus the serialized digest, bytes and actual tokens it does not record	1864	#1864 supplies the observation, #1865 only reads it; do not widen campaign_packet.rs inside #1865	https://github.com/UnknownAlienHuman/eliot-memory-os/issues/1865;https://github.com/UnknownAlienHuman/eliot-memory-os/issues/1865#issuecomment-5732805339;https://github.com/UnknownAlienHuman/eliot-memory-os/issues/1865#issuecomment-5794934811;https://github.com/UnknownAlienHuman/eliot-memory-os/issues/1865#issuecomment-5808078004;https://github.com/UnknownAlienHuman/eliot-memory-os/issues/1865#issuecomment-5808115482;https://github.com/UnknownAlienHuman/eliot-memory-os/issues/1865#issuecomment-5808116670;https://github.com/UnknownAlienHuman/eliot-memory-os/issues/1865#issuecomment-5813331603;https://github.com/UnknownAlienHuman/eliot-memory-os/issues/1865#issuecomment-5825358611;https://github.com/UnknownAlienHuman/eliot-memory-os/issues/1865#issuecomment-5876091703;https://github.com/UnknownAlienHuman/eliot-memory-os/issues/1865#issuecomment-5884050368	K2
A3 positive cross-task acceptance proof vs #1864 cross-task coverage	1869;1864	crates/meta/eliot-improvement/tests/candidate_bounds_1869.rs		still needed — one new #[test] in a file #1864 coverage already touched; no product-file overlap, no second fixture type, existing A3 refusals untouched.	https://github.com/UnknownAlienHuman/eliot-memory-os/issues/1869;https://github.com/UnknownAlienHuman/eliot-memory-os/issues/1869#issuecomment-5846389538;https://github.com/UnknownAlienHuman/eliot-memory-os/issues/1869#issuecomment-5846479440;https://github.com/UnknownAlienHuman/eliot-memory-os/issues/1869#issuecomment-5875775533;https://github.com/UnknownAlienHuman/eliot-memory-os/issues/1869#issuecomment-5918748122;https://github.com/UnknownAlienHuman/eliot-memory-os/issues/1869#issuecomment-5838323207	K2
learning-record readback named by #1869, #1865 and #1868	1869;1865;1868	crates/storage/eliot-store-api/src/lib.rs::NamedReadOperation (READ ONLY)		CORRECTION — do not require GetLearningOwnerRevisions (0 occurrences tree-wide, stale name); #1868 delivered GetLearningRecordRange (lib.rs:3806, learning_store.rs:61, memory-store handler eliot-store-memory/src/lib.rs:4789, parameter table operation_parameters.rs:1305/:1360/:1509) with live daemon readers. Open PRs #3811/#3812 edit that same lib.rs but own #1818/#1820 surfaces, not #1869.	https://github.com/UnknownAlienHuman/eliot-memory-os/issues/1869;https://github.com/UnknownAlienHuman/eliot-memory-os/issues/1869#issuecomment-5846389538;https://github.com/UnknownAlienHuman/eliot-memory-os/issues/1869#issuecomment-5846479440;https://github.com/UnknownAlienHuman/eliot-memory-os/issues/1869#issuecomment-5875775533;https://github.com/UnknownAlienHuman/eliot-memory-os/issues/1869#issuecomment-5918748122;https://github.com/UnknownAlienHuman/eliot-memory-os/issues/1869#issuecomment-5838323207	K2
Context Compiler admission-closure owner supply vs the #1869 learning carriage	1869;2564;1725	bins/eliotd/src/kernel_context_read_client.rs::KernelContextReadClient::compile_context_packet; crates/smart/eliot-context-admission/src/lib.rs::admit_context_composed (READ ONLY for #1869)		excluded, not a #1869 write — #2564 owns the seven admission-closure pieces, #1725 owns the composed entrypoint (already absorbed on main at lib.rs:477/:567, PR #4495 closed-unmerged); #1869 keeps check_governed_carriage and the per-mark screen and contributes only the PresentedLearning carriage, never the owner values.	https://github.com/UnknownAlienHuman/eliot-memory-os/issues/1869;https://github.com/UnknownAlienHuman/eliot-memory-os/issues/1869#issuecomment-5846389538;https://github.com/UnknownAlienHuman/eliot-memory-os/issues/1869#issuecomment-5846479440;https://github.com/UnknownAlienHuman/eliot-memory-os/issues/1869#issuecomment-5875775533;https://github.com/UnknownAlienHuman/eliot-memory-os/issues/1869#issuecomment-5918748122;https://github.com/UnknownAlienHuman/eliot-memory-os/issues/1869#issuecomment-5838323207	K2
WriteSubmission::staged constructor and the ors_stage_ref producer vs the activated-mutation inventory table in the same module doc	1874;3811,3812,990	crates/storage/eliot-store-api/src/write_admission.rs inventory rows at :210-214 vs the WriteSubmission region ~1236-1800; #990 also declares this exact file its exclusive mutable scope		SEPARATE_HUNK — one writer per region; rebase the doc rows and #990's projection types around the #1874 constructor, do not merge the hunks	https://github.com/UnknownAlienHuman/eliot-memory-os/issues/1874;https://github.com/UnknownAlienHuman/eliot-memory-os/issues/1874#issuecomment-5943963159;https://github.com/UnknownAlienHuman/eliot-memory-os/issues/1874#issuecomment-5877610483;https://github.com/UnknownAlienHuman/eliot-memory-os/issues/1874#issuecomment-5874382732;https://github.com/UnknownAlienHuman/eliot-memory-os/issues/1874#issuecomment-5795074915	K2
staged front-door wiring on store.apply vs the ORS evidence/ordering-head/reservation producer	1874;1925,1926	crates/kernel/eliot-kernel-service/src/store_gateway.rs::KernelStoreGateway::apply would call eliot-ors store.rs::accept_after_stage, whose ReservationRequest needs ObservedHead::expected_head_digest from store_write_reservation.rs::gateway_seed		SEQUENCE_REQUIRED — #1926 lands the ordering-head digest and the gateway_seed caller, #1925 lands durable opaque staging, and a composition-bound evidence provider lands (currently unowned); #1874 writes the store_api/gateway/dispatch leg only after	https://github.com/UnknownAlienHuman/eliot-memory-os/issues/1874;https://github.com/UnknownAlienHuman/eliot-memory-os/issues/1874#issuecomment-5943963159;https://github.com/UnknownAlienHuman/eliot-memory-os/issues/1874#issuecomment-5877610483;https://github.com/UnknownAlienHuman/eliot-memory-os/issues/1874#issuecomment-5874382732;https://github.com/UnknownAlienHuman/eliot-memory-os/issues/1874#issuecomment-5795074915	K2
reserved-write Store wire contour vs the store.apply front door	1874;990,1933	crates/storage/eliot-store-surreal-adapter/src/apply.rs::apply_reserved_write and wire.rs::CAPABILITIES; #990 defers wire/capability activation to a later integration and #1933 (bins/eliot-store-surreal owner) is the nearest OPEN owner of the client-generation contour		OPTIONAL_PATH — #1874 may take the normal-apply merge route instead, which needs neither the reserved wire nor CAPABILITY_RESERVED_WRITE, but it still needs the evidence provider and the head digest, so this seam does not release #1874	https://github.com/UnknownAlienHuman/eliot-memory-os/issues/1874;https://github.com/UnknownAlienHuman/eliot-memory-os/issues/1874#issuecomment-5943963159;https://github.com/UnknownAlienHuman/eliot-memory-os/issues/1874#issuecomment-5877610483;https://github.com/UnknownAlienHuman/eliot-memory-os/issues/1874#issuecomment-5874382732;https://github.com/UnknownAlienHuman/eliot-memory-os/issues/1874#issuecomment-5795074915	K2
bins/eliot-agent-bridge/src/lib.rs	1880;1797	#1797 reads ::kernel_ports_with_declaration only and makes no edit under bins/eliot-agent-bridge; #1880 writes this file for the transport_profile re-export list (lib.rs:116-117) alone		coordinate - one writer; #1880 writes, then re-run just agent-bridge-protocol; no cross-crate seam because no crate outside bins/eliot-agent-bridge depends on its library (git ls-tree of bins/eliot-agent-bridge/Cargo.toml shows lib path src/lib.rs with no external consumer)	https://github.com/UnknownAlienHuman/eliot-memory-os/issues/1880;https://github.com/UnknownAlienHuman/eliot-memory-os/issues/1880#issuecomment-5934455641;https://github.com/UnknownAlienHuman/eliot-memory-os/issues/1880#issuecomment-5858121975	K2
crates/surfaces/eliot-mcp/src/core.rs	1880;3804	open PR #3804 adds 8 lines to core.rs and edits surface_decision.rs; #1880 reads core.rs only		no conflict - read-only on that side; if #3804 lands first re-read TransportRequestContext/LoopbackProfile before using them as the reuse anchor	https://github.com/UnknownAlienHuman/eliot-memory-os/issues/1880;https://github.com/UnknownAlienHuman/eliot-memory-os/issues/1880#issuecomment-5934455641;https://github.com/UnknownAlienHuman/eliot-memory-os/issues/1880#issuecomment-5858121975	K2
						K1
						K1
						K1
						K1
						K1
						K1
						K1
						K1
						K1
						K1
						K1
						K1
						K1
						K1
						K1
						K1
						K1
						K1
						K1
						K1
						K1
						K1
						K1
						K1
						K1
						K1
						K1
						K1
						K1
						K1
						K1
						K1
						K1
						K1
						K1
						K1
						K1
						K1
						K1
						K1
						K1
						K1
						K1
						K1
						K1
						K1
						K1
						K1
						K1
						K1
						K1
						K1
						K1
						K1
						K1
						K1
						K1
						K1
						K1
						K1
						K1
						K1
						K1
